date,time,close,ema20,ema50,px_vs_ema20,px_vs_ema50,ema20_vs_50,rsi14,atr14,sofar_range,sofar_path,sofar_eff,vs_day_open
2026-05-19,09:30,7363.7,,,,,,,,14.88,0.0,,-12.05
2026-05-19,09:35,7374.1,,,,,,,,19.69,10.4,0.159,-1.65
2026-05-19,09:40,7353.78,,,,,,,,23.12,30.72,0.715,-21.97
2026-05-19,09:45,7364.95,,,,,,,,26.66,41.89,0.258,-10.8
2026-05-19,09:50,7377.16,,,,,,,,29.31,54.1,0.026,1.41
2026-05-19,09:55,7371.82,,,,,,,,32.14,59.44,0.066,-3.93
2026-05-19,10:00,7369.02,,,,,,,,32.14,62.24,0.108,-6.73
2026-05-19,10:05,7351.39,,,,,,,,35.18,79.87,0.305,-24.36
2026-05-19,10:10,7347.57,,,,,,,,35.38,83.69,0.337,-28.18
2026-05-19,10:15,7343.06,,,,,,,,39.98,88.2,0.371,-32.69
2026-05-19,10:20,7344.93,,,,,,,,46.59,90.07,0.342,-30.82
2026-05-19,10:25,7341.48,,,,,,,,46.59,93.52,0.366,-34.27
2026-05-19,10:30,7340.24,,,,,,,,46.59,94.76,0.375,-35.51
2026-05-19,10:35,7348.12,,,,,,,,46.59,102.64,0.269,-27.63
2026-05-19,10:40,7345.2,,,,,,41.24,14.062,46.59,105.56,0.289,-30.55
2026-05-19,10:45,7337.6,,,,,,38.27,14.051,47.96,113.16,0.337,-38.15
2026-05-19,10:50,7337.43,,,,,,38.2,13.561,47.96,113.33,0.338,-38.32
2026-05-19,10:55,7349.32,,,,,,45.33,13.496,47.96,125.22,0.211,-26.43
2026-05-19,11:00,7352.37,,,,,,47.02,13.078,47.96,128.27,0.182,-23.38
2026-05-19,11:05,7350.52,7353.19,,-2.67,,,46.09,12.712,47.96,130.12,0.194,-25.23
2026-05-19,11:10,7353.85,7353.25,,0.6,,,48.08,12.158,47.96,133.45,0.164,-21.9
2026-05-19,11:15,7349.02,7352.85,,-3.83,,,45.46,11.939,47.96,138.28,0.193,-26.73
2026-05-19,11:20,7338.55,7351.49,,-12.94,,,40.33,11.935,47.96,148.75,0.25,-37.2
2026-05-19,11:25,7341.46,7350.53,,-9.07,,,42.28,11.699,47.96,151.66,0.226,-34.29
2026-05-19,11:30,7346.2,7350.12,,-3.92,,,45.41,11.674,47.96,156.4,0.189,-29.55
2026-05-19,11:35,7352.69,7350.36,,2.33,,,49.45,11.618,47.96,162.89,0.142,-23.06
2026-05-19,11:40,7354.43,7350.75,,3.68,,,50.51,11.281,47.96,164.63,0.13,-21.32
2026-05-19,11:45,7357.0,7351.35,,5.65,,,52.1,10.932,47.96,167.2,0.112,-18.75
2026-05-19,11:50,7352.25,7351.43,,0.82,,,48.96,10.68,47.96,171.95,0.137,-23.5
2026-05-19,11:55,7347.69,7351.08,,-3.39,,,46.09,10.48,47.96,176.51,0.159,-28.06
2026-05-19,12:00,7354.76,7351.43,,3.33,,,50.9,10.46,47.96,183.58,0.114,-20.99
2026-05-19,12:05,7345.63,7350.87,,-5.24,,,45.28,10.456,47.96,192.71,0.156,-30.12
2026-05-19,12:10,7346.2,7350.43,,-4.23,,,45.68,10.081,47.96,193.28,0.153,-29.55
2026-05-19,12:15,7355.29,7350.89,,4.4,,,51.78,10.066,47.96,202.37,0.101,-20.46
2026-05-19,12:20,7359.06,7351.67,,7.39,,,54.08,9.809,47.96,206.14,0.081,-16.69
2026-05-19,12:25,7363.72,7352.82,,10.9,,,56.83,9.608,47.96,210.8,0.057,-12.03
2026-05-19,12:30,7367.66,7354.23,,13.43,,,59.06,9.451,47.96,214.74,0.038,-8.09
2026-05-19,12:35,7369.01,7355.64,,13.37,,,59.82,9.243,47.96,216.09,0.031,-6.74
2026-05-19,12:40,7372.78,7357.27,,15.51,,,61.96,8.871,47.96,219.86,0.014,-2.97
2026-05-19,12:45,7373.91,7358.86,,15.05,,,62.6,8.486,47.96,220.99,0.008,-1.84
2026-05-19,12:50,7379.31,7360.8,,18.51,,,65.59,8.442,47.96,226.39,0.016,3.56
2026-05-19,12:55,7380.55,7362.68,,17.87,,,66.26,8.103,48.26,227.63,0.021,4.8
2026-05-19,13:00,7385.38,7364.85,,20.53,,,68.8,8.041,52.36,232.46,0.041,9.63
2026-05-19,13:05,7385.13,7366.78,,18.35,,,68.51,7.703,52.46,232.71,0.04,9.38
2026-05-19,13:10,7387.62,7368.76,,18.86,,,69.86,7.478,55.42,235.2,0.05,11.87
2026-05-19,13:15,7391.61,7370.94,,20.67,,,71.94,7.363,59.75,239.19,0.066,15.86
2026-05-19,13:20,7394.29,7373.16,,21.13,,,73.27,7.188,61.64,241.87,0.077,18.54
2026-05-19,13:25,7388.81,7374.65,,14.16,,,66.34,7.308,61.64,247.35,0.053,13.06
2026-05-19,13:30,7387.56,7375.88,,11.68,,,64.83,7.287,61.64,248.6,0.048,11.81
2026-05-19,13:35,7390.88,7377.31,7360.72,13.57,30.16,16.59,66.97,7.088,61.64,251.92,0.06,15.13
2026-05-19,13:40,7390.43,7378.56,7361.89,11.87,28.54,16.67,66.38,6.835,61.64,252.37,0.058,14.68
2026-05-19,13:45,7385.8,7379.25,7362.82,6.55,22.98,16.43,60.47,6.991,61.64,257.0,0.039,10.05
2026-05-19,13:50,7383.53,7379.66,7363.64,3.87,19.89,16.02,57.75,7.018,61.64,259.27,0.03,7.78
2026-05-19,13:55,7386.8,7380.34,7364.54,6.46,22.26,15.79,60.51,6.824,61.64,262.54,0.042,11.05
2026-05-19,14:00,7388.2,7381.09,7365.47,7.11,22.73,15.61,61.66,6.633,61.64,263.94,0.047,12.45
2026-05-19,14:05,7390.41,7381.97,7366.45,8.44,23.96,15.52,63.47,6.48,61.64,266.15,0.055,14.66
2026-05-19,14:10,7388.51,7382.6,7367.32,5.91,21.19,15.28,60.81,6.233,61.64,268.05,0.048,12.76
2026-05-19,14:15,7386.6,7382.98,7368.07,3.62,18.53,14.91,58.17,6.159,61.64,269.96,0.04,10.85
2026-05-19,14:20,7381.42,7382.83,7368.59,-1.41,12.83,14.23,51.63,6.334,61.64,275.14,0.021,5.67
2026-05-19,14:25,7377.67,7382.34,7368.95,-4.67,8.72,13.39,47.47,6.46,61.64,278.89,0.007,1.92
2026-05-19,14:30,7379.43,7382.06,7369.36,-2.63,10.07,12.7,49.52,6.407,61.64,280.65,0.013,3.68
2026-05-19,14:35,7375.77,7381.46,7369.61,-5.69,6.16,11.85,45.53,6.471,61.64,284.31,0.0,0.02
2026-05-19,14:40,7377.2,7381.06,7369.91,-3.86,7.29,11.15,47.32,6.273,61.64,285.74,0.005,1.45
2026-05-19,14:45,7376.15,7380.59,7370.16,-4.44,5.99,10.43,46.12,6.17,61.64,286.79,0.001,0.4
2026-05-19,14:50,7367.76,7379.37,7370.06,-11.61,-2.3,9.31,37.88,6.329,61.64,295.18,0.027,-7.99
2026-05-19,14:55,7363.53,7377.86,7369.81,-14.33,-6.28,8.05,34.53,6.293,61.64,299.41,0.041,-12.22
2026-05-19,15:00,7364.05,7376.54,7369.58,-12.49,-5.53,6.96,35.29,6.18,61.64,299.93,0.039,-11.7
2026-05-19,15:05,7371.31,7376.05,7369.65,-4.74,1.66,6.4,44.88,6.422,61.64,307.19,0.014,-4.44
2026-05-19,15:10,7378.28,7376.26,7369.99,2.02,8.29,6.27,52.2,6.499,61.64,314.16,0.008,2.53
2026-05-19,15:15,7372.1,7375.86,7370.07,-3.76,2.03,5.79,46.32,6.57,61.64,320.34,0.011,-3.65
2026-05-19,15:20,7360.59,7374.41,7369.7,-13.82,-9.11,4.71,37.79,6.97,61.64,331.85,0.046,-15.16
2026-05-19,15:25,7365.78,7373.59,7369.54,-7.81,-3.76,4.04,42.9,7.122,61.64,337.04,0.03,-9.97
2026-05-19,15:30,7361.72,7372.46,7369.24,-10.74,-7.52,3.22,40.12,7.117,61.64,341.1,0.041,-14.03
2026-05-19,15:35,7360.56,7371.32,7368.9,-10.76,-8.34,2.43,39.34,6.917,61.64,342.26,0.044,-15.19
2026-05-19,15:40,7357.28,7369.99,7368.44,-12.71,-11.16,1.54,37.13,6.721,61.64,345.54,0.053,-18.47
2026-05-19,15:45,7355.68,7368.62,7367.94,-12.94,-12.26,0.68,36.07,6.53,61.64,347.14,0.058,-20.07
2026-05-19,15:50,7346.23,7366.49,7367.09,-20.26,-20.86,-0.6,30.51,6.845,61.64,356.59,0.083,-29.52
2026-05-19,15:55,7354.96,7365.39,7366.61,-10.43,-11.65,-1.22,39.75,7.286,61.64,365.32,0.057,-20.79
2026-05-20,09:30,7374.75,,,,,,,,9.47,0.0,,5.56
2026-05-20,09:35,7368.14,,,,,,,,17.13,6.61,0.159,-1.05
2026-05-20,09:40,7379.23,,,,,,,,18.54,17.7,0.567,10.04
2026-05-20,09:45,7379.67,,,,,,,,30.64,18.14,0.578,10.48
2026-05-20,09:50,7377.94,,,,,,,,30.64,19.87,0.44,8.75
2026-05-20,09:55,7379.88,,,,,,,,30.64,21.81,0.49,10.69
2026-05-20,10:00,7370.23,,,,,,,,30.64,31.46,0.033,1.04
2026-05-20,10:05,7366.01,,,,,,,,30.64,35.68,0.089,-3.18
2026-05-20,10:10,7370.22,,,,,,,,34.14,39.89,0.026,1.03
2026-05-20,10:15,7391.67,,,,,,,,44.72,61.34,0.366,22.48
2026-05-20,10:20,7387.34,,,,,,,,44.72,65.67,0.276,18.15
2026-05-20,10:25,7396.75,,,,,,,,44.72,75.08,0.367,27.56
2026-05-20,10:30,7400.55,,,,,,,,51.0,78.88,0.398,31.36
2026-05-20,10:35,7398.36,,,,,,,,51.0,81.07,0.36,29.17
2026-05-20,10:40,7400.98,,,,,,65.67,13.221,51.0,83.69,0.38,31.79
2026-05-20,10:45,7398.61,,,,,,63.73,12.881,51.0,86.06,0.342,29.42
2026-05-20,10:50,7406.97,,,,,,67.39,12.626,51.0,94.42,0.4,37.78
2026-05-20,10:55,7411.85,,,,,,69.34,12.319,55.73,99.3,0.43,42.66
2026-05-20,11:00,7406.67,,,,,,64.91,11.957,56.06,104.48,0.359,37.48
2026-05-20,11:05,7407.8,7388.68,,19.12,,,65.43,11.402,56.06,105.61,0.366,38.61
2026-05-20,11:10,7407.01,7390.43,,16.58,,,64.71,10.752,56.06,106.4,0.355,37.82
2026-05-20,11:15,7421.91,7393.43,,28.48,,,71.16,12.033,78.23,121.3,0.435,52.72
2026-05-20,11:20,7420.63,7396.02,,24.61,,,69.98,11.627,78.23,122.58,0.42,51.44
2026-05-20,11:25,7410.62,7397.41,,13.21,,,61.38,11.539,78.23,132.59,0.312,41.43
2026-05-20,11:30,7417.63,7399.33,,18.3,,,64.65,11.22,78.23,139.6,0.347,48.44
2026-05-20,11:35,7418.03,7401.11,,16.92,,,64.84,10.636,78.23,140.0,0.349,48.84
2026-05-20,11:40,7421.8,7403.08,,18.72,,,66.59,10.328,78.23,143.77,0.366,52.61
2026-05-20,11:45,7425.87,7405.25,,20.62,,,68.43,9.957,78.23,147.84,0.383,56.68
2026-05-20,11:50,7425.8,7407.21,,18.59,,,68.36,9.557,78.23,147.91,0.383,56.61
2026-05-20,11:55,7421.06,7408.53,,12.53,,,63.64,9.411,78.23,152.65,0.34,51.87
2026-05-20,12:00,7421.21,7409.74,,11.47,,,63.73,9.096,78.23,152.8,0.34,52.02
2026-05-20,12:05,7420.34,7410.75,,9.59,,,62.81,8.784,78.23,153.67,0.333,51.15
2026-05-20,12:10,7419.33,7411.56,,7.77,,,61.69,8.481,78.23,154.68,0.324,50.14
2026-05-20,12:15,7415.48,7411.94,,3.54,,,57.51,8.259,78.23,158.53,0.292,46.29
2026-05-20,12:20,7410.84,7411.83,,-0.99,,,52.85,8.202,78.23,163.17,0.255,41.65
2026-05-20,12:25,7408.37,7411.5,,-3.13,,,50.51,8.045,78.23,165.64,0.237,39.18
2026-05-20,12:30,7405.92,7410.97,,-5.05,,,48.22,7.993,78.23,168.09,0.219,36.73
2026-05-20,12:35,7407.22,7410.61,,-3.39,,,49.53,7.761,78.23,169.39,0.225,38.03
2026-05-20,12:40,7416.9,7411.21,,5.69,,,58.01,7.945,78.23,179.07,0.266,47.71
2026-05-20,12:45,7409.97,7411.09,,-1.12,,,51.36,8.164,78.23,186.0,0.219,40.78
2026-05-20,12:50,7412.8,7411.26,,1.54,,,53.69,7.82,78.23,188.83,0.231,43.61
2026-05-20,12:55,7412.24,7411.35,,0.89,,,53.15,7.809,78.23,189.39,0.227,43.05
2026-05-20,13:00,7409.1,7411.14,,-2.04,,,50.08,7.737,78.23,192.53,0.207,39.91
2026-05-20,13:05,7408.74,7410.91,,-2.17,,,49.73,7.389,78.23,192.89,0.205,39.55
2026-05-20,13:10,7415.41,7411.34,,4.07,,,55.94,7.756,78.23,199.56,0.232,46.22
2026-05-20,13:15,7415.94,7411.78,,4.16,,,56.4,7.445,78.23,200.09,0.234,46.75
2026-05-20,13:20,7415.48,7412.13,,3.35,,,55.86,7.176,78.23,200.55,0.231,46.29
2026-05-20,13:25,7420.3,7412.91,,7.39,,,60.21,7.117,78.23,205.37,0.249,51.11
2026-05-20,13:30,7418.34,7413.42,,4.92,,,57.72,7.016,78.23,207.33,0.237,49.15
2026-05-20,13:35,7423.57,7414.39,7405.03,9.18,18.54,9.36,62.21,7.086,78.23,212.56,0.256,54.38
2026-05-20,13:40,7421.3,7415.05,7405.67,6.25,15.63,9.38,59.27,6.789,78.23,214.83,0.243,52.11
2026-05-20,13:45,7420.03,7415.52,7406.23,4.51,13.8,9.29,57.62,6.552,78.23,216.1,0.235,50.84
2026-05-20,13:50,7415.63,7415.53,7406.6,0.1,9.03,8.93,52.22,6.436,78.23,220.5,0.211,46.44
2026-05-20,13:55,7417.4,7415.71,7407.02,1.69,10.38,8.69,54.09,6.203,78.23,222.27,0.217,48.21
2026-05-20,14:00,7419.33,7416.06,7407.51,3.27,11.82,8.55,56.1,6.381,78.23,224.2,0.224,50.14
2026-05-20,14:05,7418.81,7416.32,7407.95,2.49,10.86,8.37,55.39,6.24,78.23,224.72,0.221,49.62
2026-05-20,14:10,7419.54,7416.62,7408.4,2.92,11.14,8.22,56.23,6.016,78.23,225.45,0.223,50.35
2026-05-20,14:15,7419.89,7416.94,7408.85,2.95,11.04,8.08,56.64,5.765,78.23,225.8,0.225,50.7
2026-05-20,14:20,7416.51,7416.9,7409.15,-0.39,7.36,7.74,51.54,5.706,78.23,229.18,0.206,47.32
2026-05-20,14:25,7419.26,7417.12,7409.55,2.14,9.71,7.57,55.08,5.584,78.23,231.93,0.216,50.07
2026-05-20,14:30,7422.66,7417.65,7410.06,5.01,12.6,7.58,59.07,5.443,78.23,235.33,0.227,53.47
2026-05-20,14:35,7425.84,7418.43,7410.68,7.41,15.16,7.74,62.43,5.414,78.23,238.51,0.238,56.65
2026-05-20,14:40,7417.73,7418.36,7410.96,-0.63,6.77,7.4,50.95,5.654,78.23,246.62,0.197,48.54
2026-05-20,14:45,7419.2,7418.44,7411.28,0.76,7.92,7.16,52.65,5.55,78.23,248.09,0.202,50.01
2026-05-20,14:50,7419.28,7418.52,7411.6,0.76,7.68,6.92,52.74,5.433,78.23,248.17,0.202,50.09
2026-05-20,14:55,7419.85,7418.65,7411.92,1.2,7.93,6.73,53.47,5.187,78.23,248.74,0.204,50.66
2026-05-20,15:00,7421.57,7418.93,7412.3,2.64,9.27,6.63,55.67,5.196,78.23,250.46,0.209,52.38
2026-05-20,15:05,7420.48,7419.07,7412.62,1.41,7.86,6.45,53.93,5.023,78.23,251.55,0.204,51.29
2026-05-20,15:10,7423.78,7419.52,7413.06,4.26,10.72,6.47,58.2,5.011,78.23,254.85,0.214,54.59
2026-05-20,15:15,7425.16,7420.06,7413.53,5.1,11.63,6.53,59.88,4.889,78.23,256.23,0.218,55.97
2026-05-20,15:20,7425.7,7420.6,7414.01,5.1,11.69,6.59,60.54,4.784,78.23,256.77,0.22,56.51
2026-05-20,15:25,7426.37,7421.15,7414.49,5.22,11.88,6.65,61.4,4.573,78.23,257.44,0.222,57.18
2026-05-20,15:30,7427.02,7421.71,7414.98,5.31,12.04,6.72,62.26,4.515,78.23,258.09,0.224,57.83
2026-05-20,15:35,7431.75,7422.66,7415.64,9.09,16.11,7.02,67.85,4.664,78.23,262.82,0.238,62.56
2026-05-20,15:40,7430.71,7423.43,7416.23,7.28,14.48,7.2,65.55,4.487,78.23,263.86,0.233,61.52
2026-05-20,15:45,7429.02,7423.96,7416.73,5.06,12.29,7.23,61.88,4.493,78.23,265.55,0.225,59.83
2026-05-20,15:50,7428.93,7424.43,7417.21,4.5,11.72,7.22,61.68,4.778,78.23,265.64,0.225,59.74
2026-05-20,15:55,7432.77,7425.23,7417.82,7.54,14.95,7.41,66.59,4.924,78.23,269.48,0.236,63.58
2026-05-21,09:30,7404.39,,,,,,,,16.1,0.0,,-6.39
2026-05-21,09:35,7395.37,,,,,,,,17.71,9.02,1.708,-15.41
2026-05-21,09:40,7394.86,,,,,,,,17.71,9.53,1.671,-15.92
2026-05-21,09:45,7392.84,,,,,,,,18.75,11.55,1.553,-17.94
2026-05-21,09:50,7415.59,,,,,,,,23.56,34.3,0.14,4.81
2026-05-21,09:55,7416.57,,,,,,,,26.83,35.28,0.164,5.79
2026-05-21,10:00,7418.62,,,,,,,,32.4,37.33,0.21,7.84
2026-05-21,10:05,7422.53,,,,,,,,32.4,41.24,0.285,11.75
2026-05-21,10:10,7411.54,,,,,,,,32.4,52.23,0.015,0.76
2026-05-21,10:15,7399.53,,,,,,,,32.4,64.24,0.175,-11.25
2026-05-21,10:20,7395.84,,,,,,,,32.41,67.93,0.22,-14.94
2026-05-21,10:25,7401.76,,,,,,,,32.41,73.85,0.122,-9.02
2026-05-21,10:30,7401.85,,,,,,,,32.41,73.94,0.121,-8.93
2026-05-21,10:35,7407.23,,,,,,,,32.41,79.32,0.045,-3.55
2026-05-21,10:40,7403.4,,,,,,49.4,10.736,32.41,83.15,0.089,-7.38
2026-05-21,10:45,7398.24,,,,,,46.31,10.762,32.41,88.31,0.142,-12.54
2026-05-21,10:50,7403.61,,,,,,49.83,10.648,32.41,93.68,0.077,-7.17
2026-05-21,10:55,7406.7,,,,,,51.79,10.419,32.41,96.77,0.042,-4.08
2026-05-21,11:00,7402.38,,,,,,48.91,10.162,32.41,101.09,0.083,-8.4
2026-05-21,11:05,7393.28,7404.31,,-11.03,,,43.44,10.347,34.15,110.19,0.159,-17.5
2026-05-21,11:10,7407.04,7404.57,,2.47,,,52.16,11.034,34.95,123.95,0.03,-3.74
2026-05-21,11:15,7407.87,7404.88,,2.99,,,52.63,10.501,34.95,124.78,0.023,-2.91
2026-05-21,11:20,7406.18,7405.01,,1.17,,,51.51,10.179,34.95,126.47,0.036,-4.6
2026-05-21,11:25,7405.46,7405.05,,0.41,,,51.02,9.733,34.95,127.19,0.042,-5.32
2026-05-21,11:30,7397.42,7404.32,,-6.9,,,45.7,9.8,34.95,135.23,0.099,-13.36
2026-05-21,11:35,7406.79,7404.56,,2.23,,,51.98,9.843,34.95,144.6,0.028,-3.99
2026-05-21,11:40,7408.35,7404.92,,3.43,,,52.95,9.513,34.95,146.16,0.017,-2.43
2026-05-21,11:45,7414.19,7405.8,,8.39,,,56.51,9.257,34.95,152.0,0.022,3.41
2026-05-21,11:50,7413.08,7406.49,,6.59,,,55.65,8.848,34.95,153.11,0.015,2.3
2026-05-21,11:55,7410.01,7406.83,,3.18,,,53.23,8.501,34.95,156.18,0.005,-0.77
2026-05-21,12:00,7414.94,7407.6,,7.34,,,56.5,8.335,34.95,161.11,0.026,4.16
2026-05-21,12:05,7416.79,7408.48,,8.31,,,57.7,8.118,34.95,162.96,0.037,6.01
2026-05-21,12:10,7412.05,7408.82,,3.23,,,53.63,8.0,34.95,167.7,0.008,1.27
2026-05-21,12:15,7409.48,7408.88,,0.6,,,51.51,7.72,34.95,170.27,0.008,-1.3
2026-05-21,12:20,7405.93,7408.6,,-2.67,,,48.65,7.808,34.95,173.82,0.028,-4.85
2026-05-21,12:25,7405.62,7408.32,,-2.7,,,48.4,7.485,34.95,174.13,0.03,-5.16
2026-05-21,12:30,7407.88,7408.27,,-0.39,,,50.42,7.271,34.95,176.39,0.016,-2.9
2026-05-21,12:35,7404.4,7407.91,,-3.51,,,47.35,7.299,34.95,179.87,0.035,-6.38
2026-05-21,12:40,7406.42,7407.76,,-1.34,,,49.28,7.061,34.95,181.89,0.024,-4.36
2026-05-21,12:45,7402.51,7407.26,,-4.75,,,45.77,7.108,34.95,185.8,0.045,-8.27
2026-05-21,12:50,7403.7,7406.92,,-3.22,,,47.01,7.027,34.95,186.99,0.038,-7.08
2026-05-21,12:55,7407.08,7406.94,,0.14,,,50.46,6.795,34.95,190.37,0.019,-3.7
2026-05-21,13:00,7408.44,7407.08,,1.36,,,51.82,6.612,34.95,191.73,0.012,-2.34
2026-05-21,13:05,7408.77,7407.24,,1.53,,,52.17,6.291,34.95,192.06,0.01,-2.01
2026-05-21,13:10,7422.12,7408.66,,13.46,,,63.49,7.247,38.62,205.41,0.055,11.34
2026-05-21,13:15,7435.01,7411.17,,23.84,,,70.71,8.148,51.27,218.3,0.111,24.23
2026-05-21,13:20,7437.07,7413.64,,23.43,,,71.67,8.896,57.81,220.36,0.119,26.29
2026-05-21,13:25,7438.8,7416.03,,22.77,,,72.49,8.496,57.81,222.09,0.126,28.02
2026-05-21,13:30,7440.48,7418.36,,22.12,,,73.3,8.305,57.81,223.77,0.133,29.7
2026-05-21,13:35,7445.31,7420.93,7409.91,24.38,35.4,11.02,75.52,8.11,57.81,228.6,0.151,34.53
2026-05-21,13:40,7452.95,7423.98,7411.59,28.97,41.36,12.38,78.56,8.115,64.0,236.24,0.179,42.17
2026-05-21,13:45,7455.62,7426.99,7413.32,28.63,42.3,13.67,79.52,7.927,66.29,238.91,0.188,44.84
2026-05-21,13:50,7463.17,7430.44,7415.28,32.73,47.89,15.16,81.97,8.037,74.1,246.46,0.213,52.39
2026-05-21,13:55,7454.28,7432.71,7416.81,21.57,37.47,15.9,71.17,8.306,76.48,255.35,0.17,43.5
2026-05-21,14:00,7447.81,7434.15,7418.02,13.66,29.79,16.12,64.5,8.518,76.48,261.82,0.141,37.03
2026-05-21,14:05,7452.5,7435.89,7419.37,16.61,33.13,16.52,66.92,8.467,76.48,266.51,0.157,41.72
2026-05-21,14:10,7446.59,7436.91,7420.44,9.68,26.15,16.47,61.26,8.325,76.48,272.42,0.131,35.81
2026-05-21,14:15,7449.94,7438.15,7421.6,11.79,28.34,16.56,63.16,8.156,76.48,275.77,0.142,39.16
2026-05-21,14:20,7452.7,7439.54,7422.82,13.16,29.88,16.72,64.7,7.885,76.48,278.53,0.151,41.92
2026-05-21,14:25,7451.05,7440.63,7423.92,10.42,27.13,16.71,63.01,7.569,76.48,280.18,0.144,40.27
2026-05-21,14:30,7450.3,7441.56,7424.96,8.74,25.34,16.6,62.21,7.294,76.48,280.93,0.141,39.52
2026-05-21,14:35,7448.74,7442.24,7425.89,6.5,22.85,16.35,60.5,7.052,76.48,282.49,0.134,37.96
2026-05-21,14:40,7452.71,7443.24,7426.94,9.47,25.77,16.29,63.27,6.945,76.48,286.46,0.146,41.93
2026-05-21,14:45,7441.82,7443.1,7427.53,-1.28,14.29,15.58,52.4,7.421,76.48,297.35,0.104,31.04
2026-05-21,14:50,7422.86,7441.17,7427.34,-18.31,-4.48,13.83,39.63,8.614,76.48,316.31,0.038,12.08
2026-05-21,14:55,7427.28,7439.85,7427.34,-12.57,-0.06,12.51,43.11,8.519,76.48,320.73,0.051,16.5
2026-05-21,15:00,7436.18,7439.5,7427.69,-3.32,8.49,11.81,49.43,8.553,76.48,329.63,0.077,25.4
2026-05-21,15:05,7441.39,7439.68,7428.22,1.71,13.17,11.46,52.74,8.655,76.48,334.84,0.091,30.61
2026-05-21,15:10,7442.55,7439.95,7428.79,2.6,13.76,11.17,53.47,8.335,76.48,336.0,0.095,31.77
2026-05-21,15:15,7445.19,7440.45,7429.43,4.74,15.76,11.02,55.17,7.987,76.48,338.64,0.102,34.41
2026-05-21,15:20,7444.0,7440.79,7430.0,3.21,14.0,10.79,54.21,7.743,76.48,339.83,0.098,33.22
2026-05-21,15:25,7444.24,7441.12,7430.56,3.12,13.68,10.56,54.38,7.474,76.48,340.07,0.098,33.46
2026-05-21,15:30,7441.44,7441.15,7430.99,0.29,10.45,10.16,51.93,7.283,76.48,342.87,0.089,30.66
2026-05-21,15:35,7444.68,7441.49,7431.52,3.19,13.16,9.96,54.49,7.066,76.48,346.11,0.098,33.9
2026-05-21,15:40,7441.77,7441.51,7431.93,0.26,9.84,9.59,51.82,7.177,76.48,349.02,0.089,30.99
2026-05-21,15:45,7443.26,7441.68,7432.37,1.58,10.89,9.31,53.09,7.089,76.48,350.51,0.093,32.48
2026-05-21,15:50,7440.9,7441.61,7432.7,-0.71,8.2,8.9,50.8,7.279,76.48,352.87,0.085,30.12
2026-05-21,15:55,7446.05,7442.03,7433.23,4.02,12.82,8.8,55.32,7.546,76.48,358.02,0.099,35.27
2026-05-22,09:30,7490.0,,,,,,,,22.26,0.0,,21.18
2026-05-22,09:35,7496.04,,,,,,,,28.72,6.04,4.507,27.22
2026-05-22,09:40,7492.0,,,,,,,,30.64,10.08,2.3,23.18
2026-05-22,09:45,7492.0,,,,,,,,30.64,10.08,2.3,23.18
2026-05-22,09:50,7490.88,,,,,,,,30.64,11.2,1.97,22.06
2026-05-22,09:55,7493.28,,,,,,,,30.64,13.6,1.799,24.46
2026-05-22,10:00,7480.07,,,,,,,,30.64,26.81,0.42,11.25
2026-05-22,10:05,7479.18,,,,,,,,30.64,27.7,0.374,10.36
2026-05-22,10:10,7474.01,,,,,,,,30.64,32.87,0.158,5.19
2026-05-22,10:15,7471.96,,,,,,,,30.64,34.92,0.09,3.14
2026-05-22,10:20,7466.95,,,,,,,,36.17,39.93,0.047,-1.87
2026-05-22,10:25,7474.41,,,,,,,,36.17,47.39,0.118,5.59
2026-05-22,10:30,7477.16,,,,,,,,36.17,50.14,0.166,8.34
2026-05-22,10:35,7478.38,,,,,,,,36.17,51.36,0.186,9.56
2026-05-22,10:40,7481.76,,,,,,42.47,8.233,36.17,54.74,0.236,12.94
2026-05-22,10:45,7480.17,,,,,,41.19,8.083,36.17,56.33,0.201,11.35
2026-05-22,10:50,7479.99,,,,,,41.03,7.73,36.17,56.51,0.198,11.17
2026-05-22,10:55,7481.99,,,,,,43.52,7.557,36.17,58.51,0.225,13.17
2026-05-22,11:00,7485.99,,,,,,48.23,7.312,36.17,62.51,0.275,17.17
2026-05-22,11:05,7487.64,7482.69,,4.95,,,50.08,7.051,36.17,64.16,0.293,18.82
2026-05-22,11:10,7487.61,7483.16,,4.45,,,50.05,6.784,36.17,64.19,0.293,18.79
2026-05-22,11:15,7491.84,7483.99,,7.85,,,54.84,6.666,36.17,68.42,0.336,23.02
2026-05-22,11:20,7489.89,7484.55,,5.34,,,52.34,6.446,36.17,70.37,0.299,21.07
2026-05-22,11:25,7496.41,7485.68,,10.73,,,59.05,6.559,36.17,76.89,0.359,27.59
2026-05-22,11:30,7493.89,7486.46,,7.43,,,55.78,6.442,36.17,79.41,0.316,25.07
2026-05-22,11:35,7494.03,7487.18,,6.85,,,55.93,6.254,36.17,79.55,0.317,25.21
2026-05-22,11:40,7494.53,7487.88,,6.65,,,56.48,5.997,36.17,80.05,0.321,25.71
2026-05-22,11:45,7491.1,7488.19,,2.91,,,51.7,5.88,36.17,83.48,0.267,22.28
2026-05-22,11:50,7494.49,7488.79,,5.7,,,55.69,5.78,36.17,86.87,0.295,25.67
2026-05-22,11:55,7494.17,7489.3,,4.87,,,55.23,5.514,36.17,87.19,0.291,25.35
2026-05-22,12:00,7493.47,7489.7,,3.77,,,54.16,5.437,36.17,87.89,0.28,24.65
2026-05-22,12:05,7491.35,7489.86,,1.49,,,50.96,5.282,36.17,90.01,0.25,22.53
2026-05-22,12:10,7491.97,7490.06,,1.91,,,51.86,5.146,36.17,90.63,0.255,23.15
2026-05-22,12:15,7487.24,7489.79,,-2.55,,,45.09,5.127,36.17,95.36,0.193,18.42
2026-05-22,12:20,7487.65,7489.58,,-1.93,,,45.75,5.041,36.17,95.77,0.197,18.83
2026-05-22,12:25,7490.99,7489.72,,1.27,,,50.93,4.969,36.17,99.11,0.224,22.17
2026-05-22,12:30,7488.27,7489.58,,-1.31,,,46.99,5.032,36.17,101.83,0.191,19.45
2026-05-22,12:35,7488.03,7489.43,,-1.4,,,46.65,4.973,36.17,102.07,0.188,19.21
2026-05-22,12:40,7488.22,7489.32,,-1.1,,,46.98,4.834,36.17,102.26,0.19,19.4
2026-05-22,12:45,7489.18,7489.3,,-0.12,,,48.71,4.822,36.17,103.22,0.197,20.36
2026-05-22,12:50,7492.41,7489.6,,2.81,,,54.11,4.741,36.17,106.45,0.222,23.59
2026-05-22,12:55,7490.36,7489.67,,0.69,,,50.48,4.632,36.17,108.5,0.199,21.54
2026-05-22,13:00,7495.21,7490.2,,5.01,,,57.72,4.653,36.17,113.35,0.233,26.39
2026-05-22,13:05,7494.94,7490.65,,4.29,,,57.22,4.492,36.17,113.62,0.23,26.12
2026-05-22,13:10,7494.32,7491.0,,3.32,,,56.01,4.34,36.17,114.24,0.223,25.5
2026-05-22,13:15,7489.46,7490.85,,-1.39,,,47.56,4.482,36.17,119.1,0.173,20.64
2026-05-22,13:20,7490.81,7490.85,,-0.04,,,49.83,4.619,36.17,120.45,0.183,21.99
2026-05-22,13:25,7505.22,7492.22,,13.0,,,66.47,5.322,41.98,134.86,0.27,36.4
2026-05-22,13:30,7497.01,7492.67,,4.34,,,55.23,5.629,43.03,143.07,0.197,28.19
2026-05-22,13:35,7500.0,7493.37,7488.56,6.63,11.44,4.81,58.01,5.567,43.03,146.06,0.213,31.18
2026-05-22,13:40,7497.72,7493.79,7488.92,3.93,8.8,4.87,55.19,5.394,43.03,148.34,0.195,28.9
2026-05-22,13:45,7495.55,7493.95,7489.18,1.6,6.37,4.78,52.58,5.218,43.03,150.51,0.178,26.73
2026-05-22,13:50,7490.82,7493.66,7489.24,-2.84,1.58,4.41,47.31,5.292,43.03,155.24,0.142,22.0
2026-05-22,13:55,7490.83,7493.39,7489.3,-2.56,1.53,4.08,47.32,5.147,43.03,155.25,0.142,22.01
2026-05-22,14:00,7489.2,7492.99,7489.3,-3.79,-0.1,3.69,45.5,5.261,43.03,156.88,0.13,20.38
2026-05-22,14:05,7491.35,7492.83,7489.38,-1.48,1.97,3.45,48.32,5.129,43.03,159.03,0.142,22.53
2026-05-22,14:10,7489.74,7492.54,7489.39,-2.8,0.35,3.14,46.38,5.034,43.03,160.64,0.13,20.92
2026-05-22,14:15,7490.5,7492.34,7489.44,-1.84,1.06,2.91,47.46,4.972,43.03,161.4,0.134,21.68
2026-05-22,14:20,7492.84,7492.39,7489.57,0.45,3.27,2.82,50.72,4.827,43.03,163.74,0.147,24.02
2026-05-22,14:25,7490.74,7492.23,7489.62,-1.49,1.12,2.62,47.85,4.726,43.03,165.84,0.132,21.92
2026-05-22,14:30,7490.11,7492.03,7489.64,-1.92,0.47,2.39,46.99,4.58,43.03,166.47,0.128,21.29
2026-05-22,14:35,7489.82,7491.82,7489.64,-2.0,0.18,2.18,46.57,4.695,43.03,166.76,0.126,21.0
2026-05-22,14:40,7491.07,7491.75,7489.7,-0.68,1.37,2.05,48.68,4.59,43.03,168.01,0.132,22.25
2026-05-22,14:45,7488.95,7491.48,7489.67,-2.53,-0.72,1.81,45.41,4.575,43.03,170.13,0.118,20.13
2026-05-22,14:50,7491.68,7491.5,7489.75,0.18,1.93,1.75,50.06,4.554,43.03,172.86,0.132,22.86
2026-05-22,14:55,7489.18,7491.28,7489.73,-2.1,-0.55,1.55,46.18,4.437,43.03,175.36,0.116,20.36
2026-05-22,15:00,7483.08,7490.5,7489.47,-7.42,-6.39,1.03,38.37,4.821,43.03,181.46,0.079,14.26
2026-05-22,15:05,7482.72,7489.76,7489.2,-7.04,-6.48,0.56,37.96,4.784,43.03,181.82,0.076,13.9
2026-05-22,15:10,7481.21,7488.94,7488.89,-7.73,-7.68,0.06,36.22,4.76,43.03,183.33,0.068,12.39
2026-05-22,15:15,7481.6,7488.24,7488.6,-6.64,-7.0,-0.36,37.02,4.675,43.03,183.72,0.07,12.78
2026-05-22,15:20,7479.02,7487.37,7488.23,-8.35,-9.21,-0.86,33.97,4.634,43.03,186.3,0.055,10.2
2026-05-22,15:25,7473.25,7486.02,7487.64,-12.77,-14.39,-1.62,28.35,4.773,43.03,192.07,0.023,4.43
2026-05-22,15:30,7475.83,7485.05,7487.18,-9.22,-11.35,-2.13,33.64,4.88,43.03,194.65,0.036,7.01
2026-05-22,15:35,7476.88,7484.27,7486.77,-7.39,-9.89,-2.5,35.72,4.807,43.03,195.7,0.041,8.06
2026-05-22,15:40,7474.02,7483.3,7486.27,-9.28,-12.25,-2.98,32.71,4.917,43.03,198.56,0.026,5.2
2026-05-22,15:45,7471.78,7482.2,7485.7,-10.42,-13.92,-3.5,30.54,5.025,43.03,200.8,0.015,2.96
2026-05-22,15:50,7471.32,7481.16,7485.14,-9.84,-13.82,-3.98,30.1,5.13,43.03,201.26,0.012,2.5
2026-05-22,15:55,7474.07,7480.49,7484.71,-6.42,-10.64,-4.22,36.05,5.338,43.03,204.01,0.026,5.25
2026-05-26,09:30,7511.54,,,,,,,,8.81,0.0,,-0.25
2026-05-26,09:35,7513.96,,,,,,,,11.5,2.42,0.897,2.17
2026-05-26,09:40,7523.53,,,,,,,,16.1,11.99,0.979,11.74
2026-05-26,09:45,7527.64,,,,,,,,20.65,16.1,0.984,15.85
2026-05-26,09:50,7519.28,,,,,,,,20.65,24.46,0.306,7.49
2026-05-26,09:55,7524.97,,,,,,,,20.65,30.15,0.437,13.18
2026-05-26,10:00,7529.28,,,,,,,,20.89,34.46,0.508,17.49
2026-05-26,10:05,7530.29,,,,,,,,23.95,35.47,0.522,18.5
2026-05-26,10:10,7532.78,,,,,,,,24.52,37.96,0.553,20.99
2026-05-26,10:15,7533.6,,,,,,,,26.06,38.78,0.562,21.81
2026-05-26,10:20,7533.43,,,,,,,,27.54,38.95,0.556,21.64
2026-05-26,10:25,7533.51,,,,,,,,28.22,39.03,0.556,21.72
2026-05-26,10:30,7531.74,,,,,,,,28.22,40.8,0.489,19.95
2026-05-26,10:35,7535.48,,,,,,,,30.52,44.54,0.532,23.69
2026-05-26,10:40,7538.43,,,,,,78.31,6.304,30.7,47.49,0.561,26.64
2026-05-26,10:45,7535.48,,,,,,73.4,6.09,30.7,50.44,0.47,23.69
2026-05-26,10:50,7533.31,,,,,,69.93,6.055,30.7,52.61,0.409,21.52
2026-05-26,10:55,7531.5,,,,,,67.08,5.934,30.7,54.42,0.362,19.71
2026-05-26,11:00,7525.21,,,,,,58.2,6.071,30.7,60.71,0.221,13.42
2026-05-26,11:05,7527.07,7528.6,,-1.53,,,59.89,6.053,30.7,62.57,0.244,15.28
2026-05-26,11:10,7524.17,7528.18,,-4.01,,,56.08,5.949,30.7,65.47,0.189,12.38
2026-05-26,11:15,7521.96,7527.59,,-5.63,,,53.3,5.899,30.7,67.68,0.15,10.17
2026-05-26,11:20,7519.53,7526.82,,-7.29,,,50.34,5.79,30.7,70.11,0.11,7.74
2026-05-26,11:25,7516.23,7525.81,,-9.58,,,46.56,5.878,30.7,73.41,0.06,4.44
2026-05-26,11:30,7516.3,7524.91,,-8.61,,,46.65,5.758,30.7,73.48,0.061,4.51
2026-05-26,11:35,7516.12,7524.07,,-7.95,,,46.43,5.887,30.7,73.66,0.059,4.33
2026-05-26,11:40,7511.51,7522.87,,-11.36,,,41.09,5.834,30.7,78.27,0.004,-0.28
2026-05-26,11:45,7508.57,7521.51,,-12.94,,,38.08,5.747,31.49,81.21,0.04,-3.22
2026-05-26,11:50,7503.71,7519.82,,-16.11,,,33.68,5.865,36.99,86.07,0.094,-8.08
2026-05-26,11:55,7506.42,7518.54,,-12.12,,,37.98,5.883,37.99,88.78,0.06,-5.37
2026-05-26,12:00,7510.01,7517.73,,-7.72,,,43.23,5.89,37.99,92.37,0.019,-1.78
2026-05-26,12:05,7506.18,7516.63,,-10.45,,,39.4,5.914,37.99,96.2,0.058,-5.61
2026-05-26,12:10,7506.13,7515.63,,-9.5,,,39.35,5.853,37.99,96.25,0.059,-5.66
2026-05-26,12:15,7510.96,7515.18,,-4.22,,,46.3,5.846,37.99,101.08,0.008,-0.83
2026-05-26,12:20,7511.96,7514.88,,-2.92,,,47.64,5.663,37.99,102.08,0.002,0.17
2026-05-26,12:25,7515.3,7514.92,,0.38,,,51.94,5.533,37.99,105.42,0.033,3.51
2026-05-26,12:30,7516.73,7515.09,,1.64,,,53.7,5.293,37.99,106.85,0.046,4.94
2026-05-26,12:35,7514.39,7515.02,,-0.63,,,50.45,5.143,37.99,109.19,0.024,2.6
2026-05-26,12:40,7509.73,7514.52,,-4.79,,,44.66,5.123,37.99,113.85,0.018,-2.06
2026-05-26,12:45,7506.67,7513.77,,-7.1,,,41.3,5.137,37.99,116.91,0.044,-5.12
2026-05-26,12:50,7509.81,7513.39,,-3.58,,,45.8,5.01,37.99,120.05,0.016,-1.98
2026-05-26,12:55,7507.56,7512.84,,-5.28,,,43.24,4.862,37.99,122.3,0.035,-4.23
2026-05-26,13:00,7509.04,7512.48,,-3.44,,,45.4,4.908,37.99,123.78,0.022,-2.75
2026-05-26,13:05,7508.43,7512.09,,-3.66,,,44.65,4.79,37.99,124.39,0.027,-3.36
2026-05-26,13:10,7510.53,7511.94,,-1.41,,,47.86,4.697,37.99,126.49,0.01,-1.26
2026-05-26,13:15,7506.06,7511.38,,-5.32,,,42.24,4.721,37.99,130.96,0.044,-5.73
2026-05-26,13:20,7504.56,7510.73,,-6.17,,,40.52,4.694,37.99,132.46,0.055,-7.23
2026-05-26,13:25,7504.23,7510.11,,-5.88,,,40.14,4.55,37.99,132.79,0.057,-7.56
2026-05-26,13:30,7508.33,7509.94,,-1.61,,,46.92,4.637,37.99,136.89,0.025,-3.46
2026-05-26,13:35,7506.05,7509.57,7517.98,-3.52,-11.93,-8.41,43.94,4.529,37.99,139.17,0.041,-5.74
2026-05-26,13:40,7506.41,7509.27,7517.53,-2.86,-11.12,-8.26,44.54,4.461,37.99,139.53,0.039,-5.38
2026-05-26,13:45,7509.61,7509.3,7517.22,0.31,-7.61,-7.92,49.68,4.408,37.99,142.73,0.015,-2.18
2026-05-26,13:50,7508.41,7509.22,7516.87,-0.81,-8.46,-7.66,47.89,4.265,37.99,143.93,0.023,-3.38
2026-05-26,13:55,7507.71,7509.07,7516.51,-1.36,-8.8,-7.44,46.83,4.194,37.99,144.63,0.028,-4.08
2026-05-26,14:00,7509.1,7509.08,7516.22,0.02,-7.12,-7.15,49.24,4.187,37.99,146.02,0.018,-2.69
2026-05-26,14:05,7511.5,7509.31,7516.04,2.19,-4.54,-6.73,53.18,4.088,37.99,148.42,0.002,-0.29
2026-05-26,14:10,7513.34,7509.69,7515.93,3.65,-2.59,-6.24,56.0,3.997,37.99,150.26,0.01,1.55
2026-05-26,14:15,7516.89,7510.38,7515.97,6.51,0.92,-5.59,60.9,3.969,37.99,153.81,0.033,5.1
2026-05-26,14:20,7516.33,7510.94,7515.98,5.39,0.35,-5.04,59.77,3.874,37.99,154.37,0.029,4.54
2026-05-26,14:25,7514.25,7511.26,7515.92,2.99,-1.67,-4.66,55.64,3.856,37.99,156.45,0.016,2.46
2026-05-26,14:30,7517.32,7511.84,7515.97,5.48,1.35,-4.14,60.03,3.821,37.99,159.52,0.035,5.53
2026-05-26,14:35,7515.03,7512.14,7515.93,2.89,-0.9,-3.79,55.61,3.776,37.99,161.81,0.02,3.24
2026-05-26,14:40,7511.71,7512.1,7515.77,-0.39,-4.06,-3.67,49.87,3.747,37.99,165.13,0.0,-0.08
2026-05-26,14:45,7511.28,7512.02,7515.59,-0.74,-4.31,-3.57,49.17,3.637,37.99,165.56,0.003,-0.51
2026-05-26,14:50,7511.82,7512.0,7515.45,-0.18,-3.63,-3.44,50.12,3.636,37.99,166.1,0.0,0.03
2026-05-26,14:55,7508.29,7511.65,7515.16,-3.36,-6.87,-3.52,44.26,3.707,37.99,169.63,0.021,-3.5
2026-05-26,15:00,7509.45,7511.44,7514.94,-1.99,-5.49,-3.5,46.48,3.726,37.99,170.79,0.014,-2.34
2026-05-26,15:05,7512.09,7511.5,7514.83,0.59,-2.74,-3.33,51.23,3.753,37.99,173.43,0.002,0.3
2026-05-26,15:10,7509.91,7511.35,7514.64,-1.44,-4.73,-3.29,47.48,3.693,37.99,175.61,0.011,-1.88
2026-05-26,15:15,7512.36,7511.45,7514.55,0.91,-2.19,-3.1,51.75,3.652,37.99,178.06,0.003,0.57
2026-05-26,15:20,7512.66,7511.56,7514.47,1.1,-1.81,-2.91,52.26,3.573,37.99,178.36,0.005,0.87
2026-05-26,15:25,7513.15,7511.71,7514.42,1.44,-1.27,-2.71,53.14,3.45,37.99,178.85,0.008,1.36
2026-05-26,15:30,7516.95,7512.21,7514.52,4.74,2.43,-2.31,59.36,3.504,37.99,182.65,0.028,5.16
2026-05-26,15:35,7519.86,7512.94,7514.73,6.92,5.13,-1.79,63.37,3.499,37.99,185.56,0.043,8.07
2026-05-26,15:40,7522.61,7513.86,7515.04,8.75,7.57,-1.18,66.71,3.504,37.99,188.31,0.057,10.82
2026-05-26,15:45,7522.65,7514.7,7515.34,7.95,7.31,-0.64,66.76,3.474,37.99,188.35,0.058,10.86
2026-05-26,15:50,7523.59,7515.54,7515.66,8.05,7.93,-0.12,67.92,3.539,37.99,189.29,0.062,11.8
2026-05-26,15:55,7519.47,7515.92,7515.81,3.55,3.66,0.11,58.32,3.712,37.99,193.41,0.04,7.68
2026-05-27,09:30,7524.6,,,,,,,,9.58,0.0,,-1.41
2026-05-27,09:35,7521.23,,,,,,,,11.72,3.37,1.418,-4.78
2026-05-27,09:40,7510.77,,,,,,,,22.76,13.83,1.102,-15.24
2026-05-27,09:45,7511.94,,,,,,,,22.76,15.0,0.938,-14.07
2026-05-27,09:50,7517.99,,,,,,,,22.76,21.05,0.381,-8.02
2026-05-27,09:55,7521.2,,,,,,,,22.76,24.26,0.198,-4.81
2026-05-27,10:00,7529.74,,,,,,,,22.76,32.8,0.114,3.73
2026-05-27,10:05,7523.24,,,,,,,,22.76,39.3,0.07,-2.77
2026-05-27,10:10,7525.07,,,,,,,,22.76,41.13,0.023,-0.94
2026-05-27,10:15,7529.3,,,,,,,,22.89,45.36,0.073,3.29
2026-05-27,10:20,7518.03,,,,,,,,22.89,56.63,0.141,-7.98
2026-05-27,10:25,7516.78,,,,,,,,22.89,57.88,0.159,-9.23
2026-05-27,10:30,7519.94,,,,,,,,22.89,61.04,0.099,-6.07
2026-05-27,10:35,7526.45,,,,,,,,22.89,67.55,0.007,0.44
2026-05-27,10:40,7521.03,,,,,,47.55,9.421,22.89,72.97,0.068,-4.98
2026-05-27,10:45,7517.55,,,,,,45.23,9.094,22.89,76.45,0.111,-8.46
2026-05-27,10:50,7519.9,,,,,,47.11,8.726,22.89,78.8,0.078,-6.11
2026-05-27,10:55,7513.38,,,,,,42.73,8.703,22.89,85.32,0.148,-12.63
2026-05-27,11:00,7514.57,,,,,,43.76,8.57,22.89,86.51,0.132,-11.44
2026-05-27,11:05,7517.22,7520.0,,-2.78,,,46.08,8.39,22.89,89.16,0.099,-8.79
2026-05-27,11:10,7515.19,7519.54,,-4.35,,,44.56,8.063,22.89,91.19,0.119,-10.82
2026-05-27,11:15,7508.43,7518.48,,-10.05,,,39.86,7.979,22.89,97.95,0.179,-17.58
2026-05-27,11:20,7511.08,7517.78,,-6.7,,,42.42,7.793,24.48,100.6,0.148,-14.93
2026-05-27,11:25,7511.81,7517.21,,-5.4,,,43.14,7.451,24.48,101.33,0.14,-14.2
2026-05-27,11:30,7515.5,7517.05,,-1.55,,,46.77,7.407,24.48,105.02,0.1,-10.51
2026-05-27,11:35,7507.89,7516.17,,-8.28,,,40.97,7.507,24.48,112.63,0.161,-18.12
2026-05-27,11:40,7503.71,7514.99,,-11.28,,,38.17,7.558,27.51,116.81,0.191,-22.3
2026-05-27,11:45,7503.56,7513.9,,-10.34,,,38.07,7.493,29.86,116.96,0.192,-22.45
2026-05-27,11:50,7507.39,7513.28,,-5.89,,,42.25,7.462,29.86,120.79,0.154,-18.62
2026-05-27,11:55,7507.72,7512.75,,-5.03,,,42.61,7.24,29.86,121.12,0.151,-18.29
2026-05-27,12:00,7504.96,7512.01,,-7.05,,,40.35,7.197,29.86,123.88,0.17,-21.05
2026-05-27,12:05,7511.4,7511.95,,-0.55,,,47.37,7.163,29.86,130.32,0.112,-14.61
2026-05-27,12:10,7512.89,7512.04,,0.85,,,48.87,6.863,29.86,131.81,0.1,-13.12
2026-05-27,12:15,7511.19,7511.96,,-0.77,,,47.22,6.696,29.86,133.51,0.111,-14.82
2026-05-27,12:20,7514.04,7512.16,,1.88,,,50.25,6.495,29.86,136.36,0.088,-11.97
2026-05-27,12:25,7514.18,7512.35,,1.83,,,50.41,6.201,29.86,136.5,0.087,-11.83
2026-05-27,12:30,7515.19,7512.62,,2.57,,,51.55,6.094,29.86,137.51,0.079,-10.82
2026-05-27,12:35,7518.07,7513.14,,4.93,,,54.75,5.925,29.86,140.39,0.057,-7.94
2026-05-27,12:40,7520.06,7513.8,,6.26,,,56.87,5.746,29.86,142.38,0.042,-5.95
2026-05-27,12:45,7522.85,7514.66,,8.19,,,59.72,5.617,29.86,145.17,0.022,-3.16
2026-05-27,12:50,7517.87,7514.97,,2.9,,,52.99,5.624,29.86,150.15,0.054,-8.14
2026-05-27,12:55,7514.8,7514.95,,-0.15,,,49.3,5.575,29.86,153.22,0.073,-11.21
2026-05-27,13:00,7512.64,7514.73,,-2.09,,,46.83,5.392,29.86,155.38,0.086,-13.37
2026-05-27,13:05,7499.81,7513.31,,-13.5,,,35.46,6.005,31.0,168.21,0.156,-26.2
2026-05-27,13:10,7505.26,7512.54,,-7.28,,,41.91,5.973,31.0,173.66,0.119,-20.75
2026-05-27,13:15,7510.16,7512.32,,-2.16,,,47.04,5.994,31.0,178.56,0.089,-15.85
2026-05-27,13:20,7511.23,7512.21,,-0.98,,,48.11,5.702,31.0,179.63,0.082,-14.78
2026-05-27,13:25,7509.09,7511.91,,-2.82,,,46.1,5.518,31.0,181.77,0.093,-16.92
2026-05-27,13:30,7512.65,7511.98,,0.67,,,49.86,5.401,31.0,185.33,0.072,-13.36
2026-05-27,13:35,7513.71,7512.15,7514.89,1.56,-1.18,-2.74,50.96,5.307,31.0,186.39,0.066,-12.3
2026-05-27,13:40,7510.68,7512.01,7514.72,-1.33,-4.04,-2.71,47.74,5.207,31.0,189.42,0.081,-15.33
2026-05-27,13:45,7511.27,7511.94,7514.58,-0.67,-3.31,-2.65,48.42,5.034,31.0,190.01,0.078,-14.74
2026-05-27,13:50,7515.22,7512.25,7514.61,2.97,0.61,-2.36,52.87,4.963,31.0,193.96,0.056,-10.79
2026-05-27,13:55,7514.0,7512.42,7514.59,1.58,-0.59,-2.17,51.4,4.867,31.0,195.18,0.062,-12.01
2026-05-27,14:00,7512.56,7512.43,7514.51,0.13,-1.95,-2.08,49.64,4.815,31.0,196.62,0.068,-13.45
2026-05-27,14:05,7515.51,7512.72,7514.55,2.79,0.96,-1.82,53.17,4.854,31.0,199.57,0.053,-10.5
2026-05-27,14:10,7517.38,7513.17,7514.66,4.21,2.72,-1.49,55.31,4.706,31.0,201.44,0.043,-8.63
2026-05-27,14:15,7520.59,7513.87,7514.89,6.72,5.7,-1.01,58.8,4.694,31.0,204.65,0.026,-5.42
2026-05-27,14:20,7523.0,7514.74,7515.21,8.26,7.79,-0.46,61.24,4.592,31.0,207.06,0.015,-3.01
2026-05-27,14:25,7524.1,7515.63,7515.56,8.47,8.54,0.08,62.34,4.431,31.0,208.16,0.009,-1.91
2026-05-27,14:30,7524.51,7516.48,7515.91,8.03,8.6,0.57,62.76,4.307,31.0,208.57,0.007,-1.5
2026-05-27,14:35,7524.39,7517.23,7516.24,7.16,8.15,0.99,62.54,4.258,31.0,208.69,0.008,-1.62
2026-05-27,14:40,7525.17,7517.99,7516.59,7.18,8.58,1.4,63.44,4.128,31.0,209.47,0.004,-0.84
2026-05-27,14:45,7525.05,7518.66,7516.92,6.39,8.13,1.74,63.19,3.984,31.0,209.59,0.005,-0.96
2026-05-27,14:50,7525.64,7519.33,7517.26,6.31,8.38,2.06,63.95,3.942,31.0,210.18,0.002,-0.37
2026-05-27,14:55,7525.57,7519.92,7517.59,5.65,7.98,2.33,63.78,3.813,31.0,210.25,0.002,-0.44
2026-05-27,15:00,7526.51,7520.55,7517.94,5.96,8.57,2.61,65.11,3.774,31.0,211.19,0.002,0.5
2026-05-27,15:05,7526.85,7521.15,7518.29,5.7,8.56,2.86,65.6,3.721,31.0,211.53,0.004,0.84
2026-05-27,15:10,7526.34,7521.64,7518.6,4.7,7.74,3.04,64.14,3.609,31.0,212.04,0.002,0.33
2026-05-27,15:15,7525.24,7521.99,7518.86,3.25,6.38,3.12,60.99,3.487,31.0,213.14,0.004,-0.77
2026-05-27,15:20,7524.39,7522.21,7519.08,2.18,5.31,3.13,58.6,3.432,31.0,213.99,0.008,-1.62
2026-05-27,15:25,7522.71,7522.26,7519.22,0.45,3.49,3.04,54.08,3.481,31.0,215.67,0.015,-3.3
2026-05-27,15:30,7522.59,7522.29,7519.36,0.3,3.23,2.94,53.76,3.496,31.0,215.79,0.016,-3.42
2026-05-27,15:35,7524.63,7522.52,7519.56,2.11,5.07,2.95,58.27,3.464,31.0,217.83,0.006,-1.38
2026-05-27,15:40,7525.55,7522.8,7519.8,2.75,5.75,3.01,60.15,3.447,31.0,218.75,0.002,-0.46
2026-05-27,15:45,7519.95,7522.53,7519.8,-2.58,0.15,2.73,46.41,3.611,31.0,224.35,0.027,-6.06
2026-05-27,15:50,7520.23,7522.31,7519.82,-2.08,0.41,2.49,47.06,3.76,31.0,224.63,0.026,-5.78
2026-05-27,15:55,7521.29,7522.22,7519.88,-0.93,1.41,2.34,49.56,3.774,31.0,225.69,0.021,-4.72
2026-05-28,09:30,7513.34,,,,,,,,10.13,0.0,,-6.48
2026-05-28,09:35,7510.2,,,,,,,,12.73,3.14,3.064,-9.62
2026-05-28,09:40,7511.68,,,,,,,,12.73,4.62,1.762,-8.14
2026-05-28,09:45,7509.96,,,,,,,,12.73,6.34,1.555,-9.86
2026-05-28,09:50,7514.56,,,,,,,,12.73,10.94,0.481,-5.26
2026-05-28,09:55,7518.49,,,,,,,,12.73,14.87,0.089,-1.33
2026-05-28,10:00,7520.89,,,,,,,,15.99,17.27,0.062,1.07
2026-05-28,10:05,7523.62,,,,,,,,15.99,20.0,0.19,3.8
2026-05-28,10:10,7547.98,,,,,,,,46.69,44.36,0.635,28.16
2026-05-28,10:15,7547.2,,,,,,,,46.69,45.14,0.607,27.38
2026-05-28,10:20,7541.0,,,,,,,,46.69,51.34,0.413,21.18
2026-05-28,10:25,7544.32,,,,,,,,46.69,54.66,0.448,24.5
2026-05-28,10:30,7535.56,,,,,,,,46.69,63.42,0.248,15.74
2026-05-28,10:35,7536.53,,,,,,,,46.69,64.39,0.26,16.71
2026-05-28,10:40,7542.06,,,,,,70.54,9.617,46.69,69.92,0.318,22.24
2026-05-28,10:45,7539.82,,,,,,68.19,9.462,46.69,72.16,0.277,20.0
2026-05-28,10:50,7545.57,,,,,,70.87,9.236,46.69,77.91,0.331,25.75
2026-05-28,10:55,7545.66,,,,,,70.91,8.863,46.69,78.0,0.331,25.84
2026-05-28,11:00,7554.44,,,,,,74.69,8.939,46.74,86.78,0.399,34.62
2026-05-28,11:05,7552.98,7532.79,,20.19,,,72.99,8.676,48.48,88.24,0.376,33.16
2026-05-28,11:10,7550.71,7534.5,,16.21,,,70.32,8.293,48.48,90.51,0.341,30.89
2026-05-28,11:15,7551.87,7536.15,,15.72,,,70.9,7.965,48.48,91.67,0.35,32.05
2026-05-28,11:20,7554.13,7537.87,,16.26,,,72.06,7.598,48.48,93.93,0.365,34.31
2026-05-28,11:25,7556.92,7539.68,,17.24,,,73.47,7.413,50.6,96.72,0.384,37.1
2026-05-28,11:30,7557.75,7541.4,,16.35,,,73.89,7.084,50.6,97.55,0.389,37.93
2026-05-28,11:35,7559.09,7543.09,,16.0,,,74.59,6.845,52.04,98.89,0.397,39.27
2026-05-28,11:40,7558.02,7544.51,,13.51,,,72.91,6.563,52.04,99.96,0.382,38.2
2026-05-28,11:45,7557.01,7545.7,,11.31,,,71.27,6.282,52.04,100.97,0.368,37.19
2026-05-28,11:50,7557.44,7546.82,,10.62,,,71.57,6.045,52.04,101.4,0.371,37.62
2026-05-28,11:55,7557.97,7547.88,,10.09,,,71.94,5.878,52.15,101.93,0.374,38.15
2026-05-28,12:00,7556.48,7548.7,,7.78,,,69.15,5.7,52.15,103.42,0.354,36.66
2026-05-28,12:05,7557.98,7549.58,,8.4,,,70.4,5.422,52.15,104.92,0.364,38.16
2026-05-28,12:10,7558.86,7550.47,,8.39,,,71.13,5.147,52.15,105.8,0.369,39.04
2026-05-28,12:15,7562.25,7551.59,,10.66,,,73.83,5.171,54.72,109.19,0.389,42.43
2026-05-28,12:20,7564.82,7552.85,,11.97,,,75.69,5.191,57.55,111.76,0.403,45.0
2026-05-28,12:25,7561.0,7553.62,,7.38,,,67.97,5.117,57.55,115.58,0.356,41.18
2026-05-28,12:30,7559.85,7554.22,,5.63,,,65.8,4.932,57.55,116.73,0.343,40.03
2026-05-28,12:35,7559.6,7554.73,,4.87,,,65.31,4.756,57.55,116.98,0.34,39.78
2026-05-28,12:40,7561.02,7555.33,,5.69,,,66.82,4.609,57.55,118.4,0.348,41.2
2026-05-28,12:45,7560.36,7555.81,,4.55,,,65.39,4.493,57.55,119.06,0.341,40.54
2026-05-28,12:50,7560.28,7556.23,,4.05,,,65.21,4.295,57.55,119.14,0.34,40.46
2026-05-28,12:55,7564.65,7557.04,,7.61,,,70.09,4.378,57.58,123.51,0.363,44.83
2026-05-28,13:00,7565.05,7557.8,,7.25,,,70.5,4.226,58.54,123.91,0.365,45.23
2026-05-28,13:05,7561.62,7558.16,,3.46,,,62.61,4.215,58.54,127.34,0.328,41.8
2026-05-28,13:10,7560.66,7558.4,,2.26,,,60.57,4.071,58.54,128.3,0.318,40.84
2026-05-28,13:15,7558.87,7558.45,,0.42,,,56.85,3.95,58.54,130.09,0.3,39.05
2026-05-28,13:20,7562.35,7558.82,,3.53,,,61.77,3.945,58.54,133.57,0.318,42.53
2026-05-28,13:25,7559.84,7558.91,,0.93,,,56.74,3.874,58.54,136.08,0.294,40.02
2026-05-28,13:30,7558.77,7558.9,,-0.13,,,54.7,3.833,58.54,137.15,0.284,38.95
2026-05-28,13:35,7561.82,7559.18,7548.66,2.64,13.16,10.52,59.21,3.811,58.54,140.2,0.3,42.0
2026-05-28,13:40,7561.87,7559.44,7549.18,2.43,12.69,10.26,59.28,3.693,58.54,140.25,0.3,42.05
2026-05-28,13:45,7565.09,7559.97,7549.8,5.12,15.29,10.17,63.7,3.702,58.54,143.47,0.316,45.27
2026-05-28,13:50,7566.16,7560.56,7550.44,5.6,15.72,10.12,65.05,3.579,58.59,144.54,0.321,46.34
2026-05-28,13:55,7563.93,7560.88,7550.97,3.05,12.96,9.91,60.02,3.525,58.59,146.77,0.301,44.11
2026-05-28,14:00,7566.83,7561.45,7551.59,5.38,15.24,9.86,63.93,3.563,58.81,149.67,0.314,47.01
2026-05-28,14:05,7564.48,7561.74,7552.1,2.74,12.38,9.64,58.9,3.488,58.87,152.02,0.294,44.66
2026-05-28,14:10,7562.15,7561.78,7552.49,0.37,9.66,9.29,54.34,3.452,58.87,154.35,0.274,42.33
2026-05-28,14:15,7563.73,7561.96,7552.93,1.77,10.8,9.03,56.79,3.443,58.87,155.93,0.282,43.91
2026-05-28,14:20,7565.27,7562.28,7553.42,2.99,11.85,8.86,59.08,3.411,58.87,157.47,0.289,45.45
2026-05-28,14:25,7565.07,7562.54,7553.87,2.53,11.2,8.67,58.65,3.259,58.87,157.67,0.287,45.25
2026-05-28,14:30,7563.11,7562.6,7554.24,0.51,8.87,8.36,54.41,3.216,58.87,159.63,0.271,43.29
2026-05-28,14:35,7560.92,7562.44,7554.5,-1.52,6.42,7.94,50.05,3.176,58.87,161.82,0.254,41.1
2026-05-28,14:40,7561.13,7562.31,7554.76,-1.18,6.37,7.56,50.46,3.169,58.87,162.03,0.255,41.31
2026-05-28,14:45,7560.22,7562.11,7554.97,-1.89,5.25,7.14,48.6,3.102,58.87,162.94,0.248,40.4
2026-05-28,14:50,7562.53,7562.15,7555.27,0.38,7.26,6.89,53.31,3.143,58.87,165.25,0.258,42.71
2026-05-28,14:55,7559.17,7561.87,7555.42,-2.7,3.75,6.45,46.62,3.212,58.87,168.61,0.233,39.35
2026-05-28,15:00,7560.76,7561.76,7555.63,-1.0,5.13,6.13,49.83,3.192,58.87,170.2,0.241,40.94
2026-05-28,15:05,7561.05,7561.7,7555.84,-0.65,5.21,5.85,50.41,3.068,58.87,170.49,0.242,41.23
2026-05-28,15:10,7559.46,7561.48,7555.99,-2.02,3.47,5.5,47.17,3.105,58.87,172.08,0.23,39.64
2026-05-28,15:15,7560.23,7561.36,7556.15,-1.13,4.08,5.21,48.88,3.063,58.87,172.85,0.234,40.41
2026-05-28,15:20,7562.54,7561.48,7556.4,1.06,6.14,5.07,53.74,3.075,58.87,175.16,0.244,42.72
2026-05-28,15:25,7564.71,7561.78,7556.73,2.93,7.98,5.06,57.8,3.025,58.87,177.33,0.253,44.89
2026-05-28,15:30,7566.51,7562.23,7557.11,4.28,9.4,5.12,60.86,3.022,59.38,179.13,0.261,46.69
2026-05-28,15:35,7568.56,7562.84,7557.56,5.72,11.0,5.28,64.06,3.002,60.56,181.18,0.269,48.74
2026-05-28,15:40,7564.32,7562.98,7557.83,1.34,6.49,5.15,54.19,3.109,60.68,185.42,0.24,44.5
2026-05-28,15:45,7563.76,7563.05,7558.06,0.71,5.7,4.99,53.03,3.089,60.68,185.98,0.236,43.94
2026-05-28,15:50,7564.51,7563.19,7558.31,1.32,6.2,4.88,54.44,3.15,60.68,186.73,0.239,44.69
2026-05-28,15:55,7563.43,7563.21,7558.51,0.22,4.92,4.7,52.02,3.149,60.68,187.81,0.232,43.61
2026-05-29,09:30,7578.29,,,,,,,,7.85,0.0,,-1.04
2026-05-29,09:35,7585.27,,,,,,,,11.82,6.98,0.851,5.94
2026-05-29,09:40,7593.39,,,,,,,,19.25,15.1,0.931,14.06
2026-05-29,09:45,7594.94,,,,,,,,21.56,16.65,0.938,15.61
2026-05-29,09:50,7597.07,,,,,,,,23.19,18.78,0.945,17.74
2026-05-29,09:55,7596.39,,,,,,,,23.35,19.46,0.877,17.06
2026-05-29,10:00,7595.25,,,,,,,,25.24,20.6,0.773,15.92
2026-05-29,10:05,7590.66,,,,,,,,25.24,25.19,0.45,11.33
2026-05-29,10:10,7590.35,,,,,,,,25.24,25.5,0.432,11.02
2026-05-29,10:15,7585.33,,,,,,,,25.24,30.52,0.197,6.0
2026-05-29,10:20,7579.92,,,,,,,,25.24,35.93,0.016,0.59
2026-05-29,10:25,7583.74,,,,,,,,25.24,39.75,0.111,4.41
2026-05-29,10:30,7587.14,,,,,,,,25.24,43.15,0.181,7.81
2026-05-29,10:35,7573.45,,,,,,,,26.75,56.84,0.103,-5.88
2026-05-29,10:40,7568.53,,,,,,42.1,7.474,31.7,61.76,0.175,-10.8
2026-05-29,10:45,7567.08,,,,,,41.06,7.423,35.83,63.21,0.194,-12.25
2026-05-29,10:50,7575.52,,,,,,48.95,8.17,35.83,71.65,0.053,-3.81
2026-05-29,10:55,7577.66,,,,,,50.75,8.072,35.83,73.79,0.023,-1.67
2026-05-29,11:00,7580.77,,,,,,53.33,7.853,35.83,76.9,0.019,1.44
2026-05-29,11:05,7584.53,7584.26,,0.27,,,56.3,7.856,35.83,80.66,0.064,5.2
2026-05-29,11:10,7591.03,7584.91,,6.12,,,60.94,7.759,35.83,87.16,0.134,11.7
2026-05-29,11:15,7586.38,7585.05,,1.33,,,56.34,7.613,35.83,91.81,0.077,7.05
2026-05-29,11:20,7586.63,7585.2,,1.43,,,56.53,7.551,35.83,92.06,0.079,7.3
2026-05-29,11:25,7587.16,7585.39,,1.77,,,56.95,7.519,35.83,92.59,0.085,7.83
2026-05-29,11:30,7587.86,7585.62,,2.24,,,57.55,7.247,35.83,93.29,0.091,8.53
2026-05-29,11:35,7588.49,7585.89,,2.6,,,58.11,7.08,35.83,93.92,0.098,9.16
2026-05-29,11:40,7584.38,7585.75,,-1.37,,,53.17,7.095,35.83,98.03,0.052,5.05
2026-05-29,11:45,7584.05,7585.59,,-1.54,,,52.79,6.968,35.83,98.36,0.048,4.72
2026-05-29,11:50,7584.14,7585.45,,-1.31,,,52.89,6.775,35.83,98.45,0.049,4.81
2026-05-29,11:55,7581.2,7585.05,,-3.85,,,49.19,6.582,35.83,101.39,0.018,1.87
2026-05-29,12:00,7586.39,7585.17,,1.22,,,55.15,6.511,35.83,106.58,0.066,7.06
2026-05-29,12:05,7590.04,7585.64,,4.4,,,58.81,6.368,35.83,110.23,0.097,10.71
2026-05-29,12:10,7590.7,7586.12,,4.58,,,59.45,6.072,35.83,110.89,0.103,11.37
2026-05-29,12:15,7585.47,7586.06,,-0.59,,,52.45,6.082,35.83,116.12,0.053,6.14
2026-05-29,12:20,7587.22,7586.17,,1.05,,,54.39,5.977,35.83,117.87,0.067,7.89
2026-05-29,12:25,7584.36,7586.0,,-1.64,,,50.75,5.809,35.83,120.73,0.042,5.03
2026-05-29,12:30,7589.75,7586.35,,3.4,,,56.64,5.987,35.83,126.12,0.083,10.42
2026-05-29,12:35,7593.92,7587.07,,6.85,,,60.56,5.903,35.83,130.29,0.112,14.59
2026-05-29,12:40,7591.95,7587.54,,4.41,,,57.9,5.733,35.83,132.26,0.095,12.62
2026-05-29,12:45,7589.35,7587.71,,1.64,,,54.49,5.559,35.83,134.86,0.074,10.02
2026-05-29,12:50,7586.84,7587.63,,-0.79,,,51.34,5.464,35.83,137.37,0.055,7.51
2026-05-29,12:55,7585.62,7587.44,,-1.82,,,49.84,5.391,35.83,138.59,0.045,6.29
2026-05-29,13:00,7583.42,7587.05,,-3.63,,,47.15,5.32,35.83,140.79,0.029,4.09
2026-05-29,13:05,7585.23,7586.88,,-1.65,,,49.56,5.187,35.83,142.6,0.041,5.9
2026-05-29,13:10,7584.43,7586.65,,-2.22,,,48.51,5.041,35.83,143.4,0.036,5.1
2026-05-29,13:15,7585.4,7586.53,,-1.13,,,49.9,4.871,35.83,144.37,0.042,6.07
2026-05-29,13:20,7584.03,7586.29,,-2.26,,,47.93,4.954,35.83,145.74,0.032,4.7
2026-05-29,13:25,7583.32,7586.01,,-2.69,,,46.9,4.865,35.83,146.45,0.027,3.99
2026-05-29,13:30,7582.66,7585.69,,-3.03,,,45.91,4.705,35.83,147.11,0.023,3.33
2026-05-29,13:35,7580.76,7585.22,7585.55,-4.46,-4.79,-0.33,43.09,4.552,35.83,149.01,0.01,1.43
2026-05-29,13:40,7577.67,7584.5,7585.24,-6.83,-7.57,-0.74,38.91,4.524,35.83,152.1,0.011,-1.66
2026-05-29,13:45,7577.84,7583.87,7584.95,-6.03,-7.11,-1.08,39.26,4.336,35.83,152.27,0.01,-1.49
2026-05-29,13:50,7575.97,7583.11,7584.6,-7.14,-8.63,-1.48,36.77,4.306,35.83,154.14,0.022,-3.36
2026-05-29,13:55,7569.92,7581.86,7584.02,-11.94,-14.1,-2.16,30.12,4.45,35.83,160.19,0.059,-9.41
2026-05-29,14:00,7574.63,7581.17,7583.65,-6.54,-9.02,-2.48,39.32,4.579,35.83,164.9,0.029,-4.7
2026-05-29,14:05,7576.76,7580.75,7583.38,-3.99,-6.62,-2.63,42.98,4.404,35.83,167.03,0.015,-2.57
2026-05-29,14:10,7574.39,7580.14,7583.03,-5.75,-8.64,-2.89,40.09,4.458,35.83,169.4,0.029,-4.94
2026-05-29,14:15,7576.95,7579.84,7582.79,-2.89,-5.84,-2.95,44.44,4.405,35.83,171.96,0.014,-2.38
2026-05-29,14:20,7579.36,7579.79,7582.66,-0.43,-3.3,-2.86,48.25,4.298,35.83,174.37,0.0,0.03
2026-05-29,14:25,7580.61,7579.87,7582.58,0.74,-1.97,-2.71,50.16,4.237,35.83,175.62,0.007,1.28
2026-05-29,14:30,7584.52,7580.31,7582.65,4.21,1.87,-2.34,55.68,4.273,35.83,179.53,0.029,5.19
2026-05-29,14:35,7583.02,7580.57,7582.67,2.45,0.35,-2.1,53.24,4.237,35.83,181.03,0.02,3.69
2026-05-29,14:40,7581.64,7580.67,7582.63,0.97,-0.99,-1.95,51.03,4.123,35.83,182.41,0.013,2.31
2026-05-29,14:45,7575.3,7580.16,7582.34,-4.86,-7.04,-2.18,42.34,4.478,35.83,188.75,0.021,-4.03
2026-05-29,14:50,7574.54,7579.63,7582.03,-5.09,-7.49,-2.41,41.43,4.506,35.83,189.51,0.025,-4.79
2026-05-29,14:55,7572.0,7578.9,7581.64,-6.9,-9.64,-2.74,38.45,4.476,35.83,192.05,0.038,-7.33
2026-05-29,15:00,7575.72,7578.6,7581.41,-2.88,-5.69,-2.81,44.72,4.528,35.83,195.77,0.018,-3.61
2026-05-29,15:05,7580.23,7578.75,7581.36,1.48,-1.13,-2.61,51.21,4.575,35.83,200.28,0.004,0.9
2026-05-29,15:10,7581.27,7578.99,7581.36,2.28,-0.09,-2.37,52.59,4.498,35.83,201.32,0.01,1.94
2026-05-29,15:15,7579.52,7579.04,7581.29,0.48,-1.77,-2.24,50.02,4.48,35.83,203.07,0.001,0.19
2026-05-29,15:20,7582.73,7579.39,7581.34,3.34,1.39,-1.95,54.42,4.534,35.83,206.28,0.016,3.4
2026-05-29,15:25,7586.05,7580.03,7581.53,6.02,4.52,-1.5,58.48,4.586,35.83,209.6,0.032,6.72
2026-05-29,15:30,7589.05,7580.89,7581.82,8.16,7.23,-0.94,61.8,4.482,35.83,212.6,0.046,9.72
2026-05-29,15:35,7592.08,7581.95,7582.23,10.13,9.85,-0.27,64.85,4.424,35.83,215.63,0.059,12.75
2026-05-29,15:40,7589.95,7582.71,7582.53,7.24,7.42,0.19,61.15,4.376,35.83,217.76,0.049,10.62
2026-05-29,15:45,7588.73,7583.29,7582.77,5.44,5.96,0.52,59.07,4.316,35.83,218.98,0.043,9.4
2026-05-29,15:50,7582.8,7583.24,7582.77,-0.44,0.03,0.47,50.15,4.692,35.83,224.91,0.015,3.47
2026-05-29,15:55,7581.25,7583.05,7582.71,-1.8,-1.46,0.34,48.1,4.681,35.83,226.46,0.008,1.92
2026-06-01,09:30,7573.43,,,,,,,,19.68,0.0,,-8.86
2026-06-01,09:35,7579.74,,,,,,,,21.32,6.31,0.404,-2.55
2026-06-01,09:40,7579.24,,,,,,,,21.91,6.81,0.448,-3.05
2026-06-01,09:45,7580.92,,,,,,,,22.25,8.49,0.161,-1.37
2026-06-01,09:50,7577.66,,,,,,,,22.88,11.75,0.394,-4.63
2026-06-01,09:55,7572.26,,,,,,,,22.88,17.15,0.585,-10.03
2026-06-01,10:00,7573.94,,,,,,,,22.88,18.83,0.443,-8.35
2026-06-01,10:05,7581.05,,,,,,,,22.88,25.94,0.048,-1.24
2026-06-01,10:10,7576.58,,,,,,,,22.88,30.41,0.188,-5.71
2026-06-01,10:15,7576.07,,,,,,,,22.88,30.92,0.201,-6.22
2026-06-01,10:20,7579.56,,,,,,,,22.88,34.41,0.079,-2.73
2026-06-01,10:25,7575.56,,,,,,,,22.88,38.41,0.175,-6.73
2026-06-01,10:30,7574.98,,,,,,,,22.88,38.99,0.187,-7.31
2026-06-01,10:35,7570.99,,,,,,,,22.88,42.98,0.263,-11.3
2026-06-01,10:40,7575.3,,,,,,51.98,7.476,22.88,47.29,0.148,-6.99
2026-06-01,10:45,7573.97,,,,,,50.45,7.331,22.88,48.62,0.171,-8.32
2026-06-01,10:50,7572.65,,,,,,48.91,7.176,22.88,49.94,0.193,-9.64
2026-06-01,10:55,7573.58,,,,,,50.07,6.896,22.88,50.87,0.171,-8.71
2026-06-01,11:00,7574.77,,,,,,51.57,6.659,22.88,52.06,0.144,-7.52
2026-06-01,11:05,7576.56,7575.94,,0.62,,,53.83,6.695,22.88,53.85,0.106,-5.73
2026-06-01,11:10,7576.38,7575.98,,0.4,,,53.56,6.573,22.88,54.03,0.109,-5.91
2026-06-01,11:15,7576.21,7576.0,,0.21,,,53.29,6.308,22.88,54.2,0.112,-6.08
2026-06-01,11:20,7579.42,7576.33,,3.09,,,57.67,6.241,22.88,57.41,0.05,-2.87
2026-06-01,11:25,7579.04,7576.59,,2.45,,,56.99,6.01,22.88,57.79,0.056,-3.25
2026-06-01,11:30,7587.68,7577.64,,10.04,,,66.63,6.318,26.56,66.43,0.081,5.39
2026-06-01,11:35,7591.53,7578.97,,12.56,,,69.87,6.175,29.26,70.28,0.131,9.24
2026-06-01,11:40,7589.83,7580.0,,9.83,,,66.79,5.921,29.33,71.98,0.105,7.54
2026-06-01,11:45,7586.01,7580.57,,5.44,,,60.34,5.846,29.33,75.8,0.049,3.72
2026-06-01,11:50,7587.46,7581.23,,6.23,,,61.84,5.667,29.33,77.25,0.067,5.17
2026-06-01,11:55,7583.9,7581.48,,2.42,,,56.2,5.565,29.33,80.81,0.02,1.61
2026-06-01,12:00,7585.99,7581.91,,4.08,,,58.59,5.554,29.33,82.9,0.045,3.7
2026-06-01,12:05,7584.83,7582.19,,2.64,,,56.74,5.307,29.33,84.06,0.03,2.54
2026-06-01,12:10,7582.37,7582.21,,0.16,,,52.93,5.234,29.33,86.52,0.001,0.08
2026-06-01,12:15,7580.09,7582.01,,-1.92,,,49.6,5.406,29.33,88.8,0.025,-2.2
2026-06-01,12:20,7584.92,7582.28,,2.64,,,55.92,5.374,29.33,93.63,0.028,2.63
2026-06-01,12:25,7585.04,7582.55,,2.49,,,56.07,5.15,29.33,93.75,0.029,2.75
2026-06-01,12:30,7588.39,7583.1,,5.29,,,60.09,5.066,29.33,97.1,0.063,6.1
2026-06-01,12:35,7588.61,7583.63,,4.98,,,60.34,4.992,29.33,97.32,0.065,6.32
2026-06-01,12:40,7587.9,7584.03,,3.87,,,59.02,4.777,29.33,98.03,0.057,5.61
2026-06-01,12:45,7587.82,7584.39,,3.43,,,58.87,4.672,29.33,98.11,0.056,5.53
2026-06-01,12:50,7595.24,7585.43,,9.81,,,67.46,4.908,32.84,105.53,0.123,12.95
2026-06-01,12:55,7597.27,7586.56,,10.71,,,69.34,4.708,34.66,107.56,0.139,14.98
2026-06-01,13:00,7591.19,7587.0,,4.19,,,58.42,4.832,34.66,113.64,0.078,8.9
2026-06-01,13:05,7587.86,7587.08,,0.78,,,53.46,4.879,34.66,116.97,0.048,5.57
2026-06-01,13:10,7590.34,7587.39,,2.95,,,56.43,4.755,34.66,119.45,0.067,8.05
2026-06-01,13:15,7590.46,7587.68,,2.78,,,56.57,4.614,34.66,119.57,0.068,8.17
2026-06-01,13:20,7593.26,7588.21,,5.05,,,59.91,4.58,34.66,122.37,0.09,10.97
2026-06-01,13:25,7600.36,7589.37,,10.99,,,66.87,4.85,37.75,129.47,0.14,18.07
2026-06-01,13:30,7597.1,7590.11,,6.99,,,61.58,5.067,40.83,132.73,0.112,14.81
2026-06-01,13:35,7601.21,7591.16,7583.13,10.05,18.08,8.03,65.31,5.11,40.83,136.84,0.138,18.92
2026-06-01,13:40,7611.5,7593.1,7584.24,18.4,27.26,8.86,72.49,5.946,55.05,147.13,0.199,29.21
2026-06-01,13:45,7613.56,7595.05,7585.39,18.51,28.17,9.66,73.67,5.89,55.05,149.19,0.21,31.27
2026-06-01,13:50,7616.72,7597.11,7586.62,19.61,30.1,10.49,75.41,5.738,55.05,152.35,0.226,34.43
2026-06-01,13:55,7612.9,7598.62,7587.65,14.28,25.25,10.96,69.44,5.75,55.05,156.17,0.196,30.61
2026-06-01,14:00,7612.94,7599.98,7588.64,12.96,24.3,11.34,69.47,5.471,55.05,156.21,0.196,30.65
2026-06-01,14:05,7613.57,7601.27,7589.62,12.3,23.95,11.65,69.92,5.243,55.05,156.84,0.199,31.28
2026-06-01,14:10,7610.52,7602.16,7590.44,8.36,20.08,11.71,64.89,5.185,55.05,159.89,0.177,28.23
2026-06-01,14:15,7614.4,7603.32,7591.38,11.08,23.02,11.94,68.04,5.118,55.05,163.77,0.196,32.11
2026-06-01,14:20,7615.25,7604.46,7592.32,10.79,22.93,12.14,68.7,4.876,55.05,164.62,0.2,32.96
2026-06-01,14:25,7615.7,7605.53,7593.23,10.17,22.47,12.3,69.07,4.6,55.05,165.07,0.202,33.41
2026-06-01,14:30,7614.41,7606.37,7594.06,8.04,20.35,12.31,66.66,4.536,55.05,166.36,0.193,32.12
2026-06-01,14:35,7613.8,7607.08,7594.84,6.72,18.96,12.24,65.5,4.418,55.05,166.97,0.189,31.51
2026-06-01,14:40,7615.74,7607.91,7595.66,7.83,20.08,12.25,67.45,4.301,55.05,168.91,0.198,33.45
2026-06-01,14:45,7612.67,7608.36,7596.32,4.31,16.35,12.04,61.54,4.242,55.05,171.98,0.177,30.38
2026-06-01,14:50,7613.25,7608.83,7596.99,4.42,16.26,11.84,62.21,4.096,55.05,172.56,0.179,30.96
2026-06-01,14:55,7612.48,7609.17,7597.6,3.31,14.88,11.58,60.69,4.026,55.05,173.33,0.174,30.19
2026-06-01,15:00,7613.84,7609.62,7598.23,4.22,15.61,11.39,62.44,3.949,55.05,174.69,0.181,31.55
2026-06-01,15:05,7613.73,7610.01,7598.84,3.72,14.89,11.17,62.2,3.835,55.05,174.8,0.18,31.44
2026-06-01,15:10,7611.83,7610.18,7599.35,1.65,12.48,10.83,58.04,3.736,55.05,176.7,0.167,29.54
2026-06-01,15:15,7611.8,7610.34,7599.84,1.46,11.96,10.5,57.97,3.633,55.05,176.73,0.167,29.51
2026-06-01,15:20,7612.7,7610.56,7600.34,2.14,12.36,10.22,59.46,3.492,55.05,177.63,0.171,30.41
2026-06-01,15:25,7613.55,7610.85,7600.86,2.7,12.69,9.99,60.87,3.415,55.05,178.48,0.175,31.26
2026-06-01,15:30,7609.02,7610.67,7601.18,-1.65,7.84,9.49,50.75,3.509,55.05,183.01,0.146,26.73
2026-06-01,15:35,7609.21,7610.53,7601.5,-1.32,7.71,9.04,51.11,3.445,55.05,183.2,0.147,26.92
2026-06-01,15:40,7606.95,7610.19,7601.71,-3.24,5.24,8.48,46.66,3.443,55.05,185.46,0.133,24.66
2026-06-01,15:45,7602.74,7609.48,7601.75,-6.74,0.99,7.73,39.71,3.55,55.05,189.67,0.108,20.45
2026-06-01,15:50,7598.74,7608.46,7601.63,-9.72,-2.89,6.83,34.47,3.629,55.05,193.67,0.085,16.45
2026-06-01,15:55,7600.25,7607.68,7601.58,-7.43,-1.33,6.1,37.81,3.613,55.05,195.18,0.092,17.96
2026-06-02,09:30,7591.64,,,,,,,,11.7,0.0,,-3.76
2026-06-02,09:35,7586.05,,,,,,,,11.7,5.59,1.673,-9.35
2026-06-02,09:40,7589.59,,,,,,,,12.41,9.13,0.636,-5.81
2026-06-02,09:45,7594.07,,,,,,,,12.41,13.61,0.098,-1.33
2026-06-02,09:50,7592.47,,,,,,,,12.41,15.21,0.193,-2.93
2026-06-02,09:55,7593.06,,,,,,,,12.41,15.8,0.148,-2.34
2026-06-02,10:00,7595.31,,,,,,,,12.41,18.05,0.005,-0.09
2026-06-02,10:05,7596.88,,,,,,,,14.27,19.62,0.075,1.48
2026-06-02,10:10,7599.15,,,,,,,,18.22,21.89,0.171,3.75
2026-06-02,10:15,7600.22,,,,,,,,18.22,22.96,0.21,4.82
2026-06-02,10:20,7598.28,,,,,,,,19.25,24.9,0.116,2.88
2026-06-02,10:25,7594.57,,,,,,,,19.25,28.61,0.029,-0.83
2026-06-02,10:30,7602.64,,,,,,,,19.99,36.68,0.197,7.24
2026-06-02,10:35,7602.41,,,,,,,,22.27,36.91,0.19,7.01
2026-06-02,10:40,7605.95,,,,,,67.69,5.339,23.57,40.45,0.261,10.55
2026-06-02,10:45,7610.01,,,,,,70.84,5.303,27.02,44.51,0.328,14.61
2026-06-02,10:50,7613.07,,,,,,72.98,5.224,30.19,47.57,0.371,17.67
2026-06-02,10:55,7614.22,,,,,,73.76,5.093,31.42,48.72,0.386,18.82
2026-06-02,11:00,7610.94,,,,,,67.76,5.067,32.15,52.0,0.299,15.54
2026-06-02,11:05,7618.02,7600.43,,17.59,,,72.89,5.283,35.4,59.08,0.383,22.62
2026-06-02,11:10,7616.73,7601.98,,14.75,,,70.68,5.199,36.08,60.37,0.353,21.33
2026-06-02,11:15,7618.66,7603.57,,15.09,,,72.04,4.991,36.08,62.3,0.373,23.26
2026-06-02,11:20,7618.77,7605.02,,13.75,,,72.12,4.891,37.91,62.41,0.374,23.37
2026-06-02,11:25,7615.93,7606.06,,9.87,,,66.83,4.857,37.91,65.25,0.315,20.53
2026-06-02,11:30,7615.09,7606.92,,8.17,,,65.31,4.685,37.91,66.09,0.298,19.69
2026-06-02,11:35,7614.7,7607.66,,7.04,,,64.57,4.578,37.91,66.48,0.29,19.3
2026-06-02,11:40,7613.96,7608.26,,5.7,,,63.12,4.401,37.91,67.22,0.276,18.56
2026-06-02,11:45,7613.7,7608.78,,4.92,,,62.58,4.358,37.91,67.48,0.271,18.3
2026-06-02,11:50,7613.94,7609.27,,4.67,,,62.9,4.231,37.91,67.72,0.274,18.54
2026-06-02,11:55,7613.98,7609.72,,4.26,,,62.95,4.117,37.91,67.76,0.274,18.58
2026-06-02,12:00,7612.44,7609.98,,2.46,,,59.28,4.082,37.91,69.3,0.246,17.04
2026-06-02,12:05,7613.85,7610.34,,3.51,,,61.49,4.009,37.91,70.71,0.261,18.45
2026-06-02,12:10,7615.71,7610.86,,4.85,,,64.25,3.995,37.91,72.57,0.28,20.31
2026-06-02,12:15,7612.05,7610.97,,1.08,,,55.78,3.992,37.91,76.23,0.218,16.65
2026-06-02,12:20,7612.35,7611.1,,1.25,,,56.29,3.963,37.91,76.53,0.221,16.95
2026-06-02,12:25,7610.65,7611.06,,-0.41,,,52.59,3.903,37.91,78.23,0.195,15.25
2026-06-02,12:30,7609.42,7610.9,,-1.48,,,50.03,3.875,37.91,79.46,0.176,14.02
2026-06-02,12:35,7609.08,7610.73,,-1.65,,,49.32,3.745,37.91,79.8,0.171,13.68
2026-06-02,12:40,7610.04,7610.66,,-0.62,,,51.43,3.623,37.91,80.76,0.181,14.64
2026-06-02,12:45,7613.57,7610.94,,2.63,,,58.3,3.694,37.91,84.29,0.216,18.17
2026-06-02,12:50,7613.49,7611.18,,2.31,,,58.1,3.626,37.91,84.37,0.214,18.09
2026-06-02,12:55,7615.71,7611.61,,4.1,,,62.0,3.613,37.91,86.59,0.235,20.31
2026-06-02,13:00,7616.09,7612.04,,4.05,,,62.65,3.553,37.91,86.97,0.238,20.69
2026-06-02,13:05,7614.89,7612.31,,2.58,,,59.24,3.523,37.91,88.17,0.221,19.49
2026-06-02,13:10,7615.5,7612.62,,2.88,,,60.42,3.461,37.91,88.78,0.226,20.1
2026-06-02,13:15,7609.26,7612.3,,-3.04,,,45.83,3.68,37.91,95.02,0.146,13.86
2026-06-02,13:20,7607.67,7611.86,,-4.19,,,42.99,3.695,37.91,96.61,0.127,12.27
2026-06-02,13:25,7606.28,7611.32,,-5.04,,,40.61,3.614,37.91,98.0,0.111,10.88
2026-06-02,13:30,7606.83,7610.9,,-4.07,,,41.98,3.595,37.91,98.55,0.116,11.43
2026-06-02,13:35,7604.57,7610.29,7607.87,-5.72,-3.3,2.42,38.1,3.567,37.91,100.81,0.091,9.17
2026-06-02,13:40,7607.16,7610.0,7607.84,-2.84,-0.68,2.15,44.44,3.61,37.91,103.4,0.114,11.76
2026-06-02,13:45,7608.47,7609.85,7607.87,-1.38,0.6,1.98,47.37,3.535,37.91,104.71,0.125,13.07
2026-06-02,13:50,7607.5,7609.63,7607.85,-2.13,-0.35,1.77,45.46,3.44,37.91,105.68,0.114,12.1
2026-06-02,13:55,7604.91,7609.18,7607.74,-4.27,-2.83,1.44,40.72,3.396,37.91,108.27,0.088,9.51
2026-06-02,14:00,7605.12,7608.79,7607.63,-3.67,-2.51,1.16,41.26,3.33,37.91,108.48,0.09,9.72
2026-06-02,14:05,7607.71,7608.69,7607.64,-0.98,0.07,1.05,47.53,3.347,37.91,111.07,0.111,12.31
2026-06-02,14:10,7606.89,7608.52,7607.61,-1.63,-0.72,0.91,45.86,3.299,37.91,111.89,0.103,11.49
2026-06-02,14:15,7605.61,7608.24,7607.53,-2.63,-1.92,0.71,43.3,3.226,37.91,113.17,0.09,10.21
2026-06-02,14:20,7605.87,7608.01,7607.46,-2.14,-1.59,0.55,43.99,3.151,37.91,113.43,0.092,10.47
2026-06-02,14:25,7606.32,7607.85,7607.42,-1.53,-1.1,0.43,45.22,3.089,37.91,113.88,0.096,10.92
2026-06-02,14:30,7606.59,7607.73,7607.39,-1.14,-0.8,0.35,45.99,3.077,37.91,114.15,0.098,11.19
2026-06-02,14:35,7603.33,7607.31,7607.23,-3.98,-3.9,0.09,38.9,3.102,37.91,117.41,0.068,7.93
2026-06-02,14:40,7604.85,7607.08,7607.13,-2.23,-2.28,-0.06,43.29,3.058,37.91,118.93,0.079,9.45
2026-06-02,14:45,7605.92,7606.97,7607.09,-1.05,-1.17,-0.12,46.22,3.027,37.91,120.0,0.088,10.52
2026-06-02,14:50,7605.8,7606.86,7607.04,-1.06,-1.24,-0.18,45.93,2.981,37.91,120.12,0.087,10.4
2026-06-02,14:55,7606.57,7606.83,7607.02,-0.26,-0.45,-0.19,48.15,2.965,37.91,120.89,0.092,11.17
2026-06-02,15:00,7610.18,7607.15,7607.14,3.03,3.04,0.01,57.05,3.037,37.91,124.5,0.119,14.78
2026-06-02,15:05,7610.07,7607.43,7607.26,2.64,2.81,0.17,56.73,2.96,37.91,124.61,0.118,14.67
2026-06-02,15:10,7608.46,7607.53,7607.3,0.93,1.16,0.22,52.13,2.953,37.91,126.22,0.103,13.06
2026-06-02,15:15,7609.83,7607.74,7607.4,2.09,2.43,0.34,55.44,2.874,37.91,127.59,0.113,14.43
2026-06-02,15:20,7612.06,7608.16,7607.59,3.9,4.47,0.57,60.26,2.878,37.91,129.82,0.128,16.66
2026-06-02,15:25,7609.63,7608.3,7607.67,1.33,1.96,0.63,53.47,2.884,37.91,132.25,0.108,14.23
2026-06-02,15:30,7611.01,7608.55,7607.8,2.46,3.21,0.76,56.47,2.827,37.91,133.63,0.117,15.61
2026-06-02,15:35,7609.59,7608.65,7607.87,0.94,1.72,0.79,52.71,2.791,37.91,135.05,0.105,14.19
2026-06-02,15:40,7608.33,7608.62,7607.89,-0.29,0.44,0.74,49.55,2.759,37.91,136.31,0.095,12.93
2026-06-02,15:45,7610.68,7608.82,7608.0,1.86,2.68,0.82,54.97,2.803,37.91,138.66,0.11,15.28
2026-06-02,15:50,7612.03,7609.12,7608.15,2.91,3.88,0.97,57.77,2.834,37.91,140.01,0.119,16.63
2026-06-02,15:55,7610.51,7609.26,7608.25,1.25,2.26,1.01,53.72,2.814,37.91,141.53,0.107,15.11
2026-06-03,09:30,7598.95,,,,,,,,7.71,0.0,,-6.36
2026-06-03,09:35,7593.92,,,,,,,,14.23,5.03,2.264,-11.39
2026-06-03,09:40,7579.09,,,,,,,,26.26,19.86,1.32,-26.22
2026-06-03,09:45,7566.01,,,,,,,,42.16,32.94,1.193,-39.3
2026-06-03,09:50,7573.42,,,,,,,,42.9,40.35,0.79,-31.89
2026-06-03,09:55,7574.43,,,,,,,,42.9,41.36,0.747,-30.88
2026-06-03,10:00,7580.73,,,,,,,,42.9,47.66,0.516,-24.58
2026-06-03,10:05,7581.22,,,,,,,,42.9,48.15,0.5,-24.09
2026-06-03,10:10,7586.2,,,,,,,,42.9,53.13,0.36,-19.11
2026-06-03,10:15,7579.08,,,,,,,,42.9,60.25,0.435,-26.23
2026-06-03,10:20,7579.59,,,,,,,,42.9,60.76,0.423,-25.72
2026-06-03,10:25,7584.43,,,,,,,,42.9,65.6,0.318,-20.88
2026-06-03,10:30,7582.15,,,,,,,,42.9,67.88,0.341,-23.16
2026-06-03,10:35,7585.16,,,,,,,,42.9,70.89,0.284,-20.15
2026-06-03,10:40,7580.31,,,,,,37.69,8.536,42.9,75.74,0.33,-25.0
2026-06-03,10:45,7576.38,,,,,,35.7,8.374,42.9,79.67,0.363,-28.93
2026-06-03,10:50,7578.35,,,,,,37.49,8.265,42.9,81.64,0.33,-26.96
2026-06-03,10:55,7577.21,,,,,,36.85,7.978,42.9,82.78,0.339,-28.1
2026-06-03,11:00,7579.34,,,,,,38.94,7.673,42.9,84.91,0.306,-25.97
2026-06-03,11:05,7577.66,7580.68,,-3.02,,,37.87,7.48,42.9,86.59,0.319,-27.65
2026-06-03,11:10,7576.17,7580.25,,-4.08,,,36.91,7.331,42.9,88.08,0.331,-29.14
2026-06-03,11:15,7577.5,7579.99,,-2.49,,,38.42,7.062,42.9,89.41,0.311,-27.81
2026-06-03,11:20,7571.26,7579.16,,-7.9,,,34.28,7.186,42.9,95.65,0.356,-34.05
2026-06-03,11:25,7576.6,7578.91,,-2.31,,,40.21,7.241,42.9,100.99,0.284,-28.71
2026-06-03,11:30,7572.0,7578.26,,-6.26,,,37.11,7.378,42.9,105.59,0.315,-33.31
2026-06-03,11:35,7569.37,7577.41,,-8.04,,,35.42,7.253,42.9,108.22,0.332,-35.94
2026-06-03,11:40,7568.44,7576.56,,-8.12,,,34.82,6.915,42.9,109.15,0.338,-36.87
2026-06-03,11:45,7568.15,7575.76,,-7.61,,,34.62,6.782,42.9,109.44,0.34,-37.16
2026-06-03,11:50,7568.94,7575.11,,-6.17,,,35.69,6.654,42.9,110.23,0.33,-36.37
2026-06-03,11:55,7567.88,7574.42,,-6.54,,,34.87,6.448,42.9,111.29,0.336,-37.43
2026-06-03,12:00,7569.03,7573.9,,-4.87,,,36.58,6.3,42.9,112.44,0.323,-36.28
2026-06-03,12:05,7566.48,7573.2,,-6.72,,,34.42,6.201,42.9,114.99,0.338,-38.83
2026-06-03,12:10,7568.38,7572.74,,-4.36,,,37.39,6.037,42.9,116.89,0.316,-36.93
2026-06-03,12:15,7564.78,7571.98,,-7.2,,,34.22,6.093,43.79,120.49,0.336,-40.53
2026-06-03,12:20,7556.79,7570.53,,-13.74,,,28.47,6.253,48.79,128.48,0.378,-48.52
2026-06-03,12:25,7558.64,7569.4,,-10.76,,,31.35,6.144,50.19,130.33,0.358,-46.67
2026-06-03,12:30,7559.95,7568.5,,-8.55,,,33.39,5.966,50.19,131.64,0.345,-45.36
2026-06-03,12:35,7554.98,7567.21,,-12.23,,,29.77,5.934,50.75,136.61,0.368,-50.33
2026-06-03,12:40,7556.0,7566.15,,-10.15,,,31.41,5.858,54.13,137.63,0.358,-49.31
2026-06-03,12:45,7561.64,7565.72,,-4.08,,,39.81,5.856,54.13,143.27,0.305,-43.67
2026-06-03,12:50,7561.9,7565.35,,-3.45,,,40.17,5.71,54.13,143.53,0.302,-43.41
2026-06-03,12:55,7567.1,7565.52,,1.58,,,47.05,5.773,54.13,148.73,0.257,-38.21
2026-06-03,13:00,7562.41,7565.22,,-2.81,,,42.32,5.696,54.13,153.42,0.28,-42.9
2026-06-03,13:05,7565.32,7565.23,,0.09,,,45.95,5.731,54.13,156.33,0.256,-39.99
2026-06-03,13:10,7558.29,7564.57,,-6.28,,,39.49,5.94,54.13,163.36,0.288,-47.02
2026-06-03,13:15,7557.72,7563.92,,-6.2,,,39.01,5.777,54.13,163.93,0.29,-47.59
2026-06-03,13:20,7560.95,7563.64,,-2.69,,,43.21,5.623,54.13,167.16,0.265,-44.36
2026-06-03,13:25,7562.42,7563.52,,-1.1,,,45.07,5.416,54.13,168.63,0.254,-42.89
2026-06-03,13:30,7564.95,7563.66,,1.29,,,48.21,5.528,54.13,171.16,0.236,-40.36
2026-06-03,13:35,7565.72,7563.85,7571.47,1.87,-5.75,-7.61,49.16,5.374,54.13,171.93,0.23,-39.59
2026-06-03,13:40,7568.51,7564.3,7571.35,4.21,-2.84,-7.06,52.57,5.329,54.13,174.72,0.211,-36.8
2026-06-03,13:45,7568.21,7564.67,7571.23,3.54,-3.02,-6.56,52.16,5.164,54.13,175.02,0.212,-37.1
2026-06-03,13:50,7571.99,7565.37,7571.26,6.62,0.73,-5.89,56.68,5.077,54.13,178.8,0.186,-33.32
2026-06-03,13:55,7571.82,7565.98,7571.28,5.84,0.54,-5.3,56.42,4.865,54.13,178.97,0.187,-33.49
2026-06-03,14:00,7571.08,7566.47,7571.27,4.61,-0.19,-4.81,55.24,4.656,54.13,179.71,0.19,-34.23
2026-06-03,14:05,7569.37,7566.74,7571.2,2.63,-1.83,-4.45,52.51,4.529,54.13,181.42,0.198,-35.94
2026-06-03,14:10,7568.53,7566.91,7571.09,1.62,-2.56,-4.18,51.17,4.431,54.13,182.26,0.202,-36.78
2026-06-03,14:15,7570.78,7567.28,7571.08,3.5,-0.3,-3.8,54.52,4.469,54.13,184.51,0.187,-34.53
2026-06-03,14:20,7572.68,7567.8,7571.14,4.88,1.54,-3.35,57.19,4.458,54.13,186.41,0.175,-32.63
2026-06-03,14:25,7575.7,7568.55,7571.32,7.15,4.38,-2.77,61.09,4.417,54.13,189.43,0.156,-29.61
2026-06-03,14:30,7573.57,7569.03,7571.41,4.54,2.16,-2.38,57.13,4.351,54.13,191.56,0.166,-31.74
2026-06-03,14:35,7573.22,7569.43,7571.48,3.79,1.74,-2.06,56.48,4.287,54.13,191.91,0.167,-32.09
2026-06-03,14:40,7573.04,7569.77,7571.54,3.27,1.5,-1.77,56.13,4.105,54.13,192.09,0.168,-32.27
2026-06-03,14:45,7572.18,7570.0,7571.57,2.18,0.61,-1.57,54.39,4.005,54.13,192.95,0.172,-33.13
2026-06-03,14:50,7572.24,7570.21,7571.59,2.03,0.65,-1.38,54.49,3.898,54.13,193.01,0.171,-33.07
2026-06-03,14:55,7572.05,7570.39,7571.61,1.66,0.44,-1.22,54.06,3.787,54.13,193.2,0.172,-33.26
2026-06-03,15:00,7566.53,7570.02,7571.41,-3.49,-4.88,-1.39,43.36,4.016,54.13,198.72,0.195,-38.78
2026-06-03,15:05,7567.48,7569.78,7571.26,-2.3,-3.78,-1.48,45.36,3.997,54.13,199.67,0.189,-37.83
2026-06-03,15:10,7566.2,7569.44,7571.06,-3.24,-4.86,-1.62,43.15,4.029,54.13,200.95,0.195,-39.11
2026-06-03,15:15,7567.34,7569.24,7570.91,-1.9,-3.57,-1.68,45.69,4.123,54.13,202.09,0.188,-37.97
2026-06-03,15:20,7562.86,7568.63,7570.6,-5.77,-7.74,-1.97,38.41,4.177,54.13,206.57,0.205,-42.45
2026-06-03,15:25,7564.38,7568.23,7570.35,-3.85,-5.97,-2.13,41.8,4.062,54.13,208.09,0.197,-40.93
2026-06-03,15:30,7564.01,7567.82,7570.11,-3.81,-6.1,-2.28,41.21,3.995,54.13,208.46,0.198,-41.3
2026-06-03,15:35,7569.65,7568.0,7570.09,1.65,-0.44,-2.09,52.33,4.194,54.13,214.1,0.167,-35.66
2026-06-03,15:40,7568.85,7568.08,7570.04,0.77,-1.19,-1.96,50.86,4.065,54.13,214.9,0.17,-36.46
2026-06-03,15:45,7569.12,7568.18,7570.0,0.94,-0.88,-1.82,51.36,4.016,54.13,215.17,0.168,-36.19
2026-06-03,15:50,7561.08,7567.5,7569.65,-6.42,-8.57,-2.15,38.79,4.326,54.13,223.21,0.198,-44.23
2026-06-03,15:55,7556.82,7566.49,7569.15,-9.67,-12.33,-2.66,34.03,4.729,54.13,227.47,0.213,-48.49
2026-06-04,09:30,7543.44,,,,,,,,27.94,0.0,,26.9
2026-06-04,09:35,7543.85,,,,,,,,32.75,0.41,66.61,27.31
2026-06-04,09:40,7534.5,,,,,,,,32.75,9.76,1.84,17.96
2026-06-04,09:45,7539.5,,,,,,,,32.75,14.76,1.556,22.96
2026-06-04,09:50,7542.71,,,,,,,,32.75,17.97,1.456,26.17
2026-06-04,09:55,7545.65,,,,,,,,34.7,20.91,1.392,29.11
2026-06-04,10:00,7540.45,,,,,,,,34.7,26.11,0.916,23.91
2026-06-04,10:05,7541.56,,,,,,,,34.7,27.22,0.919,25.02
2026-06-04,10:10,7548.59,,,,,,,,34.9,34.25,0.936,32.05
2026-06-04,10:15,7547.39,,,,,,,,34.9,35.45,0.87,30.85
2026-06-04,10:20,7556.88,,,,,,,,40.62,44.94,0.898,40.34
2026-06-04,10:25,7554.49,,,,,,,,41.19,47.33,0.802,37.95
2026-06-04,10:30,7554.44,,,,,,,,41.19,47.38,0.8,37.9
2026-06-04,10:35,7551.57,,,,,,,,41.19,50.25,0.697,35.03
2026-06-04,10:40,7553.03,,,,,,59.27,8.359,41.19,51.71,0.706,36.49
2026-06-04,10:45,7551.58,,,,,,57.54,8.381,41.19,53.16,0.659,35.04
2026-06-04,10:50,7553.05,,,,,,58.85,8.067,41.19,54.63,0.668,36.51
2026-06-04,10:55,7556.73,,,,,,62.03,7.799,41.19,58.31,0.689,40.19
2026-06-04,11:00,7559.91,,,,,,64.57,7.591,45.08,61.49,0.705,43.37
2026-06-04,11:05,7568.54,7549.39,,19.15,,,70.37,7.763,53.1,70.12,0.742,52.0
2026-06-04,11:10,7570.78,7551.43,,19.35,,,71.67,7.531,54.71,72.36,0.75,54.24
2026-06-04,11:15,7571.52,7553.34,,18.18,,,72.1,7.321,57.96,73.1,0.752,54.98
2026-06-04,11:20,7572.56,7555.17,,17.39,,,72.74,7.11,57.96,74.14,0.756,56.02
2026-06-04,11:25,7573.86,7556.95,,16.91,,,73.54,6.827,57.96,75.44,0.76,57.32
2026-06-04,11:30,7571.13,7558.3,,12.83,,,68.93,6.659,58.17,78.17,0.698,54.59
2026-06-04,11:35,7570.94,7559.51,,11.43,,,68.6,6.41,58.17,78.36,0.694,54.4
2026-06-04,11:40,7567.23,7560.24,,6.99,,,62.45,6.349,58.17,82.07,0.618,50.69
2026-06-04,11:45,7563.73,7560.57,,3.16,,,57.24,6.326,58.17,85.57,0.551,47.19
2026-06-04,11:50,7567.5,7561.23,,6.27,,,61.01,6.359,58.17,89.34,0.57,50.96
2026-06-04,11:55,7567.59,7561.84,,5.75,,,61.1,6.153,58.17,89.43,0.571,51.05
2026-06-04,12:00,7569.66,7562.58,,7.08,,,63.17,6.041,58.17,91.5,0.581,53.12
2026-06-04,12:05,7577.13,7563.97,,13.16,,,69.47,6.281,61.59,98.97,0.612,60.59
2026-06-04,12:10,7576.77,7565.19,,11.58,,,68.86,6.01,61.65,99.33,0.606,60.23
2026-06-04,12:15,7578.31,7566.44,,11.87,,,70.07,5.835,63.64,100.87,0.612,61.77
2026-06-04,12:20,7580.84,7567.81,,13.03,,,72.0,5.693,65.08,103.4,0.622,64.3
2026-06-04,12:25,7579.44,7568.92,,10.52,,,69.34,5.48,65.08,104.8,0.6,62.9
2026-06-04,12:30,7578.26,7569.81,,8.45,,,67.08,5.414,65.08,105.98,0.582,61.72
2026-06-04,12:35,7581.92,7570.96,,10.96,,,70.31,5.406,65.9,109.64,0.596,65.38
2026-06-04,12:40,7582.83,7572.09,,10.74,,,71.07,5.275,67.42,110.55,0.6,66.29
2026-06-04,12:45,7582.24,7573.06,,9.18,,,69.82,5.096,67.42,111.14,0.591,65.7
2026-06-04,12:50,7583.95,7574.1,,9.85,,,71.39,4.926,68.15,112.85,0.597,67.41
2026-06-04,12:55,7583.19,7574.96,,8.23,,,69.66,4.702,68.15,113.61,0.587,66.65
2026-06-04,13:00,7582.09,7575.64,,6.45,,,67.12,4.595,68.15,114.71,0.571,65.55
2026-06-04,13:05,7584.08,7576.44,,7.64,,,69.3,4.52,68.15,116.7,0.579,67.54
2026-06-04,13:10,7583.6,7577.13,,6.47,,,68.13,4.396,68.91,117.18,0.572,67.06
2026-06-04,13:15,7583.76,7577.76,,6.0,,,68.32,4.29,68.91,117.34,0.573,67.22
2026-06-04,13:20,7583.02,7578.26,,4.76,,,66.33,4.184,68.91,118.08,0.563,66.48
2026-06-04,13:25,7585.83,7578.98,,6.85,,,69.91,4.166,70.14,120.89,0.573,69.29
2026-06-04,13:30,7587.08,7579.75,,7.33,,,71.38,4.217,73.45,122.14,0.578,70.54
2026-06-04,13:35,7585.97,7580.34,7566.29,5.63,19.68,14.05,68.21,4.053,73.45,123.25,0.563,69.43
2026-06-04,13:40,7588.05,7581.08,7567.15,6.97,20.9,13.93,70.82,3.96,73.45,125.33,0.571,71.51
2026-06-04,13:45,7589.11,7581.84,7568.01,7.27,21.1,13.83,72.08,3.887,73.45,126.39,0.574,72.57
2026-06-04,13:50,7588.72,7582.5,7568.82,6.22,19.9,13.68,70.87,3.743,73.51,126.78,0.569,72.18
2026-06-04,13:55,7592.21,7583.42,7569.74,8.79,22.47,13.69,74.93,3.762,75.78,130.27,0.581,75.67
2026-06-04,14:00,7592.97,7584.33,7570.65,8.64,22.32,13.68,75.73,3.635,76.77,131.03,0.583,76.43
2026-06-04,14:05,7592.92,7585.15,7571.52,7.77,21.4,13.63,75.56,3.511,77.44,131.08,0.583,76.38
2026-06-04,14:10,7592.06,7585.81,7572.33,6.25,19.73,13.48,72.55,3.438,77.44,131.94,0.572,75.52
2026-06-04,14:15,7593.15,7586.51,7573.14,6.64,20.01,13.36,73.96,3.453,77.44,133.03,0.576,76.61
2026-06-04,14:20,7593.4,7587.16,7573.94,6.24,19.46,13.23,74.29,3.373,77.87,133.28,0.577,76.86
2026-06-04,14:25,7593.57,7587.77,7574.71,5.8,18.86,13.07,74.53,3.311,78.46,133.45,0.577,77.03
2026-06-04,14:30,7593.52,7588.32,7575.45,5.2,18.07,12.88,74.31,3.299,78.46,133.5,0.577,76.98
2026-06-04,14:35,7592.93,7588.76,7576.13,4.17,16.8,12.63,71.69,3.221,78.46,134.09,0.57,76.39
2026-06-04,14:40,7593.04,7589.17,7576.79,3.87,16.25,12.37,71.88,3.143,78.46,134.2,0.57,76.5
2026-06-04,14:45,7593.94,7589.62,7577.47,4.32,16.47,12.16,73.53,3.126,78.46,135.1,0.573,77.4
2026-06-04,14:50,7593.07,7589.95,7578.08,3.12,14.99,11.87,69.31,3.012,78.46,135.97,0.563,76.53
2026-06-04,14:55,7591.11,7590.06,7578.59,1.05,12.52,11.47,60.85,3.047,78.46,137.93,0.541,74.57
2026-06-04,15:00,7594.06,7590.44,7579.2,3.62,14.86,11.25,67.32,3.075,78.46,140.88,0.55,77.52
2026-06-04,15:05,7594.35,7590.81,7579.79,3.54,14.56,11.02,67.88,3.009,79.67,141.17,0.551,77.81
2026-06-04,15:10,7592.48,7590.97,7580.29,1.51,12.19,10.68,60.64,3.016,79.67,143.04,0.531,75.94
2026-06-04,15:15,7591.55,7591.03,7580.73,0.52,10.82,10.3,57.36,2.945,79.67,143.97,0.521,75.01
2026-06-04,15:20,7594.65,7591.37,7581.28,3.28,13.37,10.1,64.29,3.031,79.67,147.07,0.531,78.11
2026-06-04,15:25,7597.78,7591.98,7581.92,5.8,15.86,10.06,69.65,3.067,81.37,150.2,0.541,81.24
2026-06-04,15:30,7596.33,7592.4,7582.49,3.93,13.84,9.91,64.8,3.015,81.65,151.65,0.526,79.79
2026-06-04,15:35,7596.64,7592.8,7583.04,3.84,13.6,9.76,65.35,2.949,81.65,151.96,0.527,80.1
2026-06-04,15:40,7592.37,7592.76,7583.41,-0.39,8.96,9.35,52.95,3.053,81.65,156.23,0.485,75.83
2026-06-04,15:45,7593.28,7592.81,7583.8,0.47,9.48,9.01,54.91,3.025,81.65,157.14,0.488,76.74
2026-06-04,15:50,7590.22,7592.56,7584.05,-2.34,6.17,8.51,47.7,3.153,81.65,160.2,0.46,73.68
2026-06-04,15:55,7584.82,7591.83,7584.08,-7.01,0.74,7.75,38.18,3.343,81.65,165.6,0.412,68.28
2026-06-05,09:30,7539.57,,,,,,,,13.1,0.0,,2.21
2026-06-05,09:35,7529.87,,,,,,,,15.68,9.7,0.772,-7.49
2026-06-05,09:40,7515.41,,,,,,,,26.59,24.16,0.909,-21.95
2026-06-05,09:45,7506.42,,,,,,,,35.96,33.15,0.933,-30.94
2026-06-05,09:50,7512.3,,,,,,,,35.96,39.03,0.642,-25.06
2026-06-05,09:55,7498.82,,,,,,,,42.99,52.51,0.734,-38.54
2026-06-05,10:00,7501.82,,,,,,,,47.03,55.51,0.64,-35.54
2026-06-05,10:05,7511.42,,,,,,,,47.03,65.11,0.398,-25.94
2026-06-05,10:10,7513.81,,,,,,,,47.03,67.5,0.349,-23.55
2026-06-05,10:15,7522.93,,,,,,,,47.03,76.62,0.188,-14.43
2026-06-05,10:20,7510.85,,,,,,,,47.03,88.7,0.299,-26.51
2026-06-05,10:25,7505.18,,,,,,,,47.03,94.37,0.341,-32.18
2026-06-05,10:30,7517.28,,,,,,,,47.03,106.47,0.189,-20.08
2026-06-05,10:35,7514.79,,,,,,,,47.03,108.96,0.207,-22.57
2026-06-05,10:40,7508.59,,,,,,36.55,11.332,47.03,115.16,0.25,-28.77
2026-06-05,10:45,7506.94,,,,,,35.99,11.002,47.03,116.81,0.26,-30.42
2026-06-05,10:50,7509.23,,,,,,37.42,10.633,47.03,119.1,0.236,-28.13
2026-06-05,10:55,7512.15,,,,,,39.27,10.313,47.03,122.02,0.207,-25.21
2026-06-05,11:00,7508.45,,,,,,37.74,10.299,47.03,125.72,0.23,-28.91
2026-06-05,11:05,7503.15,7512.45,,-9.3,,,35.61,10.144,47.03,131.02,0.261,-34.21
2026-06-05,11:10,7496.47,7510.93,,-14.46,,,33.07,10.041,47.03,137.7,0.297,-40.89
2026-06-05,11:15,7498.59,7509.75,,-11.16,,,34.66,9.69,47.1,139.82,0.277,-38.77
2026-06-05,11:20,7491.35,7508.0,,-16.65,,,31.88,9.825,53.02,147.06,0.313,-46.01
2026-06-05,11:25,7494.93,7506.75,,-11.82,,,34.67,9.479,53.02,150.64,0.282,-42.43
2026-06-05,11:30,7489.55,7505.12,,-15.57,,,32.52,9.364,53.02,156.02,0.306,-47.81
2026-06-05,11:35,7481.13,7502.83,,-21.7,,,29.43,9.503,61.61,164.44,0.342,-56.23
2026-06-05,11:40,7477.98,7500.47,,-22.49,,,28.34,9.299,65.2,167.59,0.354,-59.38
2026-06-05,11:45,7476.32,7498.17,,-21.85,,,27.76,9.145,66.73,169.25,0.361,-61.04
2026-06-05,11:50,7480.03,7496.44,,-16.41,,,31.16,8.877,66.73,172.96,0.331,-57.33
2026-06-05,11:55,7478.48,7494.73,,-16.25,,,30.51,8.567,66.73,174.51,0.337,-58.88
2026-06-05,12:00,7473.32,7492.69,,-19.37,,,28.4,8.355,68.93,179.67,0.356,-64.04
2026-06-05,12:05,7464.61,7490.01,,-25.4,,,25.23,8.481,78.6,188.38,0.386,-72.75
2026-06-05,12:10,7467.59,7487.88,,-20.29,,,28.19,8.448,78.66,191.36,0.365,-69.77
2026-06-05,12:15,7460.37,7485.26,,-24.89,,,25.55,8.461,82.85,198.58,0.388,-76.99
2026-06-05,12:20,7464.17,7483.25,,-19.08,,,29.3,8.384,82.85,202.38,0.362,-73.19
2026-06-05,12:25,7460.05,7481.04,,-20.99,,,27.67,8.343,82.85,206.5,0.374,-77.31
2026-06-05,12:30,7454.96,7478.56,,-23.6,,,25.77,8.459,90.65,211.59,0.389,-82.4
2026-06-05,12:35,7454.3,7476.25,,-21.95,,,25.52,8.367,91.29,212.25,0.391,-83.06
2026-06-05,12:40,7444.83,7473.25,,-28.42,,,22.26,8.738,99.69,221.72,0.417,-92.53
2026-06-05,12:45,7447.42,7470.79,,-23.37,,,25.08,8.848,104.54,224.31,0.401,-89.94
2026-06-05,12:50,7458.33,7469.61,,-11.28,,,35.69,9.17,104.54,235.22,0.336,-79.03
2026-06-05,12:55,7458.03,7468.5,,-10.47,,,35.54,8.945,104.54,235.52,0.337,-79.33
2026-06-05,13:00,7450.78,7466.82,,-16.04,,,32.06,9.166,104.54,242.77,0.357,-86.58
2026-06-05,13:05,7446.81,7464.91,,-18.1,,,30.3,8.881,104.54,246.74,0.367,-90.55
2026-06-05,13:10,7446.62,7463.17,,-16.55,,,30.22,8.722,104.54,246.93,0.367,-90.74
2026-06-05,13:15,7445.18,7461.46,,-16.28,,,29.54,8.578,104.54,248.37,0.371,-92.18
2026-06-05,13:20,7453.07,7460.66,,-7.59,,,37.77,8.895,104.54,256.26,0.329,-84.29
2026-06-05,13:25,7452.64,7459.89,,-7.25,,,37.51,8.731,104.54,256.69,0.33,-84.72
2026-06-05,13:30,7454.63,7459.39,,-4.76,,,39.56,8.572,104.54,258.68,0.32,-82.73
2026-06-05,13:35,7462.02,7459.64,7484.67,2.38,-22.65,-25.03,46.57,8.514,104.54,266.07,0.283,-75.34
2026-06-05,13:40,7450.43,7458.77,7483.33,-8.34,-32.9,-24.56,38.94,9.046,104.54,277.66,0.313,-86.93
2026-06-05,13:45,7452.05,7458.13,7482.1,-6.08,-30.05,-23.98,40.41,8.818,104.54,279.28,0.305,-85.31
2026-06-05,13:50,7453.85,7457.72,7480.99,-3.87,-27.14,-23.27,42.08,8.462,104.54,281.08,0.297,-83.51
2026-06-05,13:55,7459.22,7457.86,7480.14,1.36,-20.92,-22.28,46.86,8.33,104.54,286.45,0.273,-78.14
2026-06-05,14:00,7446.97,7456.82,7478.84,-9.85,-31.87,-22.01,38.96,8.7,104.54,298.7,0.303,-90.39
2026-06-05,14:05,7445.28,7455.72,7477.52,-10.44,-32.24,-21.8,38.01,8.414,104.54,300.39,0.307,-92.08
2026-06-05,14:10,7434.53,7453.71,7475.84,-19.18,-41.31,-22.13,32.56,8.714,107.79,311.14,0.33,-102.83
2026-06-05,14:15,7426.39,7451.1,7473.9,-24.71,-47.51,-22.79,29.15,8.72,116.08,319.28,0.348,-110.97
2026-06-05,14:20,7428.21,7448.92,7472.11,-20.71,-43.9,-23.18,30.9,8.493,116.08,321.1,0.34,-109.15
2026-06-05,14:25,7421.47,7446.31,7470.12,-24.84,-48.65,-23.81,28.14,8.617,123.84,327.84,0.353,-115.89
2026-06-05,14:30,7419.19,7443.73,7468.12,-24.54,-48.93,-24.4,27.25,8.468,124.77,330.12,0.358,-118.17
2026-06-05,14:35,7418.77,7441.35,7466.19,-22.58,-47.42,-24.84,27.08,8.321,128.12,330.54,0.359,-118.59
2026-06-05,14:40,7413.76,7438.72,7464.13,-24.96,-50.37,-25.41,25.08,8.336,131.57,335.55,0.368,-123.6
2026-06-05,14:45,7408.9,7435.88,7461.97,-26.98,-53.07,-26.08,23.28,8.809,143.01,340.41,0.377,-128.46
2026-06-05,14:50,7402.83,7432.73,7459.65,-29.9,-56.82,-26.91,21.24,9.064,143.28,346.48,0.388,-134.53
2026-06-05,14:55,7405.92,7430.18,7457.54,-24.26,-51.62,-27.36,24.86,9.366,143.28,349.57,0.376,-131.44
2026-06-05,15:00,7403.66,7427.65,7455.43,-23.99,-51.77,-27.77,23.99,9.371,144.65,351.83,0.38,-133.7
2026-06-05,15:05,7392.74,7424.33,7452.97,-31.59,-60.23,-28.64,20.3,9.804,152.96,362.75,0.399,-144.62
2026-06-05,15:10,7384.24,7420.51,7450.27,-36.27,-66.03,-29.76,17.98,9.882,159.82,371.25,0.412,-153.12
2026-06-05,15:15,7375.76,7416.25,7447.35,-40.49,-71.59,-31.1,16.01,10.329,173.18,379.73,0.426,-161.6
2026-06-05,15:20,7381.23,7412.91,7444.76,-31.68,-63.53,-31.84,21.94,10.223,173.18,385.2,0.405,-156.13
2026-06-05,15:25,7397.09,7411.41,7442.89,-14.32,-45.8,-31.48,36.04,10.626,173.18,401.06,0.35,-140.27
2026-06-05,15:30,7391.23,7409.49,7440.86,-18.26,-49.63,-31.38,33.62,10.735,173.18,406.92,0.359,-146.13
2026-06-05,15:35,7399.66,7408.55,7439.25,-8.89,-39.59,-30.7,39.87,10.678,173.18,415.35,0.332,-137.7
2026-06-05,15:40,7390.89,7406.87,7437.35,-15.98,-46.46,-30.48,36.07,11.106,173.18,424.12,0.345,-146.47
2026-06-05,15:45,7400.63,7406.27,7435.91,-5.64,-35.28,-29.64,42.61,11.22,173.18,433.86,0.315,-136.73
2026-06-05,15:50,7404.02,7406.06,7434.66,-2.04,-30.64,-28.6,44.73,11.293,173.18,437.25,0.305,-133.34
2026-06-05,15:55,7384.67,7404.02,7432.7,-19.35,-48.03,-28.68,36.45,11.95,173.18,456.6,0.334,-152.69
2026-06-08,09:30,7434.21,,,,,,,,24.36,0.0,,-6.36
2026-06-08,09:35,7430.17,,,,,,,,28.76,4.04,2.574,-10.4
2026-06-08,09:40,7439.58,,,,,,,,30.12,13.45,0.074,-0.99
2026-06-08,09:45,7440.17,,,,,,,,30.12,14.04,0.028,-0.4
2026-06-08,09:50,7445.03,,,,,,,,30.12,18.9,0.236,4.46
2026-06-08,09:55,7421.98,,,,,,,,36.7,41.95,0.443,-18.59
2026-06-08,10:00,7426.01,,,,,,,,38.37,45.98,0.317,-14.56
2026-06-08,10:05,7437.56,,,,,,,,38.37,57.53,0.052,-3.01
2026-06-08,10:10,7429.92,,,,,,,,38.37,65.17,0.163,-10.65
2026-06-08,10:15,7428.76,,,,,,,,38.37,66.33,0.178,-11.81
2026-06-08,10:20,7435.45,,,,,,,,38.37,73.02,0.07,-5.12
2026-06-08,10:25,7438.88,,,,,,,,38.37,76.45,0.022,-1.69
2026-06-08,10:30,7442.61,,,,,,,,38.37,80.18,0.025,2.04
2026-06-08,10:35,7446.2,,,,,,,,38.37,83.77,0.067,5.63
2026-06-08,10:40,7439.52,,,,,,52.94,12.713,38.37,90.45,0.012,-1.05
2026-06-08,10:45,7450.36,,,,,,58.32,12.968,38.37,101.29,0.097,9.79
2026-06-08,10:50,7455.21,,,,,,60.49,12.742,38.37,106.14,0.138,14.64
2026-06-08,10:55,7462.92,,,,,,63.73,12.706,42.81,113.85,0.196,22.35
2026-06-08,11:00,7460.46,,,,,,61.99,12.215,46.1,116.31,0.171,19.89
2026-06-08,11:05,7464.63,7441.48,,23.15,,,63.8,11.861,46.61,120.48,0.2,24.06
2026-06-08,11:10,7461.01,7443.34,,17.67,,,61.08,11.35,46.61,124.1,0.165,20.44
2026-06-08,11:15,7463.37,7445.25,,18.12,,,62.21,11.02,46.61,126.46,0.18,22.8
2026-06-08,11:20,7463.35,7446.97,,16.38,,,62.19,10.848,46.61,126.48,0.18,22.78
2026-06-08,11:25,7446.17,7446.9,,-0.73,,,49.93,11.346,46.61,143.66,0.039,5.6
2026-06-08,11:30,7435.95,7445.85,,-9.9,,,44.34,11.538,46.61,153.88,0.03,-4.62
2026-06-08,11:35,7448.97,7446.15,,2.82,,,51.76,11.825,46.61,166.9,0.05,8.4
2026-06-08,11:40,7449.72,7446.49,,3.23,,,52.15,11.406,46.61,167.65,0.055,9.15
2026-06-08,11:45,7447.47,7446.58,,0.89,,,50.81,11.275,46.61,169.9,0.041,6.9
2026-06-08,11:50,7449.03,7446.82,,2.21,,,51.74,10.98,46.61,171.46,0.049,8.46
2026-06-08,11:55,7440.47,7446.21,,-5.74,,,46.54,10.928,46.61,180.02,0.001,-0.1
2026-06-08,12:00,7442.26,7445.84,,-3.58,,,47.72,10.84,46.61,181.81,0.009,1.69
2026-06-08,12:05,7440.37,7445.32,,-4.95,,,46.55,10.56,46.61,183.7,0.001,-0.2
2026-06-08,12:10,7444.02,7445.19,,-1.17,,,49.15,10.417,46.61,187.35,0.018,3.45
2026-06-08,12:15,7450.36,7445.68,,4.68,,,53.38,10.159,46.61,193.69,0.051,9.79
2026-06-08,12:20,7443.74,7445.5,,-1.76,,,48.81,10.19,46.61,200.31,0.016,3.17
2026-06-08,12:25,7435.57,7444.55,,-8.98,,,43.82,10.341,46.61,208.48,0.024,-5.0
2026-06-08,12:30,7433.25,7443.48,,-10.23,,,42.49,10.063,46.61,210.8,0.035,-7.32
2026-06-08,12:35,7431.68,7442.35,,-10.67,,,41.57,9.953,46.61,212.37,0.042,-8.89
2026-06-08,12:40,7434.23,7441.58,,-7.35,,,43.7,9.686,46.61,214.92,0.029,-6.34
2026-06-08,12:45,7438.65,7441.3,,-2.65,,,47.29,9.592,46.61,219.34,0.009,-1.92
2026-06-08,12:50,7438.28,7441.01,,-2.73,,,47.02,9.189,46.61,219.71,0.01,-2.29
2026-06-08,12:55,7433.53,7440.3,,-6.77,,,43.58,8.9,46.61,224.46,0.031,-7.04
2026-06-08,13:00,7421.37,7438.5,,-17.13,,,36.27,9.404,49.17,236.62,0.081,-19.2
2026-06-08,13:05,7422.13,7436.94,,-14.81,,,36.98,9.318,49.17,237.38,0.078,-18.44
2026-06-08,13:10,7422.37,7435.55,,-13.18,,,37.22,9.182,51.56,237.62,0.077,-18.2
2026-06-08,13:15,7417.36,7433.82,,-16.46,,,34.3,9.191,51.74,242.63,0.096,-23.21
2026-06-08,13:20,7418.53,7432.36,,-13.83,,,35.57,8.988,51.74,243.8,0.09,-22.04
2026-06-08,13:25,7433.6,7432.48,,1.12,,,49.19,9.516,51.74,258.87,0.027,-6.97
2026-06-08,13:30,7430.0,7432.24,,-2.24,,,46.66,9.749,51.74,262.47,0.04,-10.57
2026-06-08,13:35,7424.84,7431.54,7439.83,-6.7,-14.99,-8.29,43.21,9.812,51.74,267.63,0.059,-15.73
2026-06-08,13:40,7417.22,7430.18,7438.94,-12.96,-21.72,-8.76,38.68,9.762,51.74,275.25,0.085,-23.35
2026-06-08,13:45,7426.21,7429.8,7438.44,-3.59,-12.23,-8.64,45.89,9.707,51.74,284.24,0.051,-14.36
2026-06-08,13:50,7428.64,7429.69,7438.06,-1.05,-9.42,-8.37,47.69,9.521,51.74,286.67,0.042,-11.93
2026-06-08,13:55,7424.28,7429.17,7437.52,-4.89,-13.24,-8.34,44.82,9.324,51.74,291.03,0.056,-16.29
2026-06-08,14:00,7428.84,7429.14,7437.18,-0.3,-8.34,-8.03,48.32,9.208,51.74,295.59,0.04,-11.73
2026-06-08,14:05,7432.17,7429.43,7436.98,2.74,-4.81,-7.55,50.78,9.032,51.74,298.92,0.028,-8.4
2026-06-08,14:10,7425.72,7429.08,7436.54,-3.36,-10.82,-7.46,46.2,9.1,51.74,305.37,0.049,-14.85
2026-06-08,14:15,7429.09,7429.08,7436.25,0.01,-7.16,-7.17,48.8,8.85,51.74,308.74,0.037,-11.48
2026-06-08,14:20,7430.97,7429.26,7436.04,1.71,-5.07,-6.78,50.24,8.603,51.74,310.62,0.031,-9.6
2026-06-08,14:25,7432.96,7429.61,7435.92,3.35,-2.96,-6.31,51.79,8.308,51.74,312.61,0.024,-7.61
2026-06-08,14:30,7431.54,7429.79,7435.75,1.75,-4.21,-5.95,50.58,8.147,51.74,314.03,0.029,-9.03
2026-06-08,14:35,7424.04,7429.25,7435.29,-5.21,-11.25,-6.04,44.64,8.408,51.74,321.53,0.051,-16.53
2026-06-08,14:40,7422.64,7428.62,7434.79,-5.98,-12.15,-6.17,43.61,8.162,51.74,322.93,0.056,-17.93
2026-06-08,14:45,7423.6,7428.14,7434.35,-4.54,-10.75,-6.21,44.56,8.031,51.74,323.89,0.052,-16.97
2026-06-08,14:50,7425.84,7427.92,7434.02,-2.08,-8.18,-6.1,46.79,7.748,51.74,326.13,0.045,-14.73
2026-06-08,14:55,7422.78,7427.43,7433.58,-4.65,-10.8,-6.15,44.17,7.594,51.74,329.19,0.054,-17.79
2026-06-08,15:00,7423.27,7427.03,7433.17,-3.76,-9.9,-6.14,44.71,7.496,51.74,329.68,0.052,-17.3
2026-06-08,15:05,7416.0,7425.98,7432.5,-9.98,-16.5,-6.52,38.78,7.577,51.74,336.95,0.073,-24.57
2026-06-08,15:10,7406.24,7424.1,7431.47,-17.86,-25.23,-7.37,32.54,7.733,60.57,346.71,0.099,-34.33
2026-06-08,15:15,7404.9,7422.27,7430.43,-17.37,-25.53,-8.15,31.78,7.576,63.49,348.05,0.102,-35.67
2026-06-08,15:20,7398.21,7419.98,7429.16,-21.77,-30.95,-9.18,28.25,7.878,69.01,354.74,0.119,-42.36
2026-06-08,15:25,7404.21,7418.48,7428.19,-14.27,-23.98,-9.71,35.2,8.009,71.68,360.74,0.101,-36.36
2026-06-08,15:30,7407.33,7417.42,7427.37,-10.09,-20.04,-9.95,38.54,8.155,71.68,363.86,0.091,-33.24
2026-06-08,15:35,7407.05,7416.43,7426.57,-9.38,-19.52,-10.14,38.35,8.085,71.68,364.14,0.092,-33.52
2026-06-08,15:40,7406.18,7415.45,7425.77,-9.27,-19.59,-10.32,37.72,8.045,71.68,365.01,0.094,-34.39
2026-06-08,15:45,7405.66,7414.52,7424.98,-8.86,-19.32,-10.46,37.33,7.989,71.68,365.53,0.096,-34.91
2026-06-08,15:50,7404.42,7413.56,7424.18,-9.14,-19.76,-10.62,36.36,8.184,71.68,366.77,0.099,-36.15
2026-06-08,15:55,7405.81,7412.82,7423.46,-7.01,-17.65,-10.63,38.29,7.972,71.68,368.16,0.094,-34.76
2026-06-09,09:30,7450.57,,,,,,,,15.2,0.0,,11.91
2026-06-09,09:35,7457.56,,,,,,,,24.44,6.99,2.704,18.9
2026-06-09,09:40,7467.58,,,,,,,,29.5,17.01,1.7,28.92
2026-06-09,09:45,7481.19,,,,,,,,44.49,30.62,1.389,42.53
2026-06-09,09:50,7465.78,,,,,,,,44.49,46.03,0.589,27.12
2026-06-09,09:55,7457.2,,,,,,,,44.49,54.61,0.339,18.54
2026-06-09,10:00,7454.46,,,,,,,,44.49,57.35,0.276,15.8
2026-06-09,10:05,7453.69,,,,,,,,44.49,58.12,0.259,15.03
2026-06-09,10:10,7429.22,,,,,,,,54.74,82.59,0.114,-9.44
2026-06-09,10:15,7413.68,,,,,,,,75.48,98.13,0.255,-24.98
2026-06-09,10:20,7432.8,,,,,,,,75.48,117.25,0.05,-5.86
2026-06-09,10:25,7424.73,,,,,,,,75.48,125.32,0.111,-13.93
2026-06-09,10:30,7425.53,,,,,,,,75.48,126.12,0.104,-13.13
2026-06-09,10:35,7421.99,,,,,,,,75.48,129.66,0.129,-16.67
2026-06-09,10:40,7399.06,,,,,,33.12,16.268,85.99,152.59,0.26,-39.6
2026-06-09,10:45,7364.16,,,,,,26.58,17.829,119.9,187.49,0.397,-74.5
2026-06-09,10:50,7378.11,,,,,,32.33,17.842,123.05,201.44,0.301,-60.55
2026-06-09,10:55,7390.29,,,,,,36.98,17.925,123.05,213.62,0.226,-48.37
2026-06-09,11:00,7382.73,,,,,,35.36,17.4,123.05,221.18,0.253,-55.93
2026-06-09,11:05,7391.57,7427.09,,-35.52,,,38.74,17.308,123.05,230.02,0.205,-47.09
2026-06-09,11:10,7388.07,7423.38,,-35.31,,,37.89,17.115,123.05,233.52,0.217,-50.59
2026-06-09,11:15,7374.7,7418.74,,-44.04,,,34.77,16.932,123.05,246.89,0.259,-63.96
2026-06-09,11:20,7353.53,7412.53,,-59.0,,,30.49,17.514,129.94,268.06,0.318,-85.13
2026-06-09,11:25,7321.48,7403.86,,-82.38,,,25.38,18.659,163.16,300.11,0.39,-117.18
2026-06-09,11:30,7323.78,7396.23,,-72.45,,,26.34,18.153,165.61,302.41,0.38,-114.88
2026-06-09,11:35,7327.57,7389.69,,-62.12,,,27.97,17.604,165.61,306.2,0.363,-111.09
2026-06-09,11:40,7329.91,7384.0,,-54.09,,,29.01,17.163,165.61,308.54,0.352,-108.75
2026-06-09,11:45,7331.78,7379.03,,-47.25,,,29.89,16.343,165.61,310.41,0.344,-106.88
2026-06-09,11:50,7323.5,7373.74,,-50.24,,,28.23,16.317,165.61,318.69,0.361,-115.16
2026-06-09,11:55,7302.78,7366.98,,-64.2,,,24.55,16.748,181.27,339.41,0.4,-135.88
2026-06-09,12:00,7307.64,7361.33,,-53.69,,,26.96,16.63,181.75,344.27,0.381,-131.02
2026-06-09,12:05,7294.05,7354.92,,-60.87,,,24.6,16.847,193.96,357.86,0.404,-144.61
2026-06-09,12:10,7295.82,7349.29,,-53.47,,,25.51,16.684,193.96,359.63,0.397,-142.84
2026-06-09,12:15,7271.31,7341.87,,-70.56,,,21.6,17.474,214.27,384.14,0.436,-167.35
2026-06-09,12:20,7286.01,7336.55,,-50.54,,,28.66,17.73,218.09,398.84,0.383,-152.65
2026-06-09,12:25,7285.49,7331.68,,-46.19,,,28.56,17.31,218.09,399.36,0.384,-153.17
2026-06-09,12:30,7284.93,7327.23,,-42.3,,,28.45,17.557,218.09,399.92,0.384,-153.73
2026-06-09,12:35,7244.76,7319.38,,-74.62,,,21.8,20.103,241.61,440.09,0.441,-193.9
2026-06-09,12:40,7257.99,7313.53,,-55.54,,,27.79,20.263,245.3,453.32,0.399,-180.67
2026-06-09,12:45,7260.41,7308.47,,-48.06,,,28.86,19.915,245.3,455.74,0.391,-178.25
2026-06-09,12:50,7248.67,7302.78,,-54.11,,,26.78,19.696,245.3,467.48,0.406,-189.99
2026-06-09,12:55,7277.48,7300.37,,-22.89,,,38.49,20.463,245.3,496.29,0.325,-161.18
2026-06-09,13:00,7297.19,7300.06,,-2.87,,,44.97,20.6,245.3,516.0,0.274,-141.47
2026-06-09,13:05,7294.98,7299.58,,-4.6,,,44.41,19.957,245.3,518.21,0.277,-143.68
2026-06-09,13:10,7297.8,7299.41,,-1.61,,,45.35,19.775,245.3,521.03,0.27,-140.86
2026-06-09,13:15,7311.86,7300.6,,11.26,,,49.91,19.816,245.3,535.09,0.237,-126.8
2026-06-09,13:20,7316.67,7302.13,,14.54,,,51.41,19.572,245.3,539.9,0.226,-121.99
2026-06-09,13:25,7319.95,7303.82,,16.13,,,52.45,19.034,245.3,543.18,0.219,-118.71
2026-06-09,13:30,7329.09,7306.23,,22.86,,,55.33,18.699,245.3,552.32,0.198,-109.57
2026-06-09,13:35,7333.93,7308.87,7354.7,25.06,-20.77,-45.83,56.82,18.387,245.3,557.16,0.188,-104.73
2026-06-09,13:40,7343.27,7312.15,7354.25,31.12,-10.98,-42.11,59.62,18.432,245.3,566.5,0.168,-95.39
2026-06-09,13:45,7324.37,7313.31,7353.08,11.06,-28.71,-39.77,52.24,18.668,245.3,585.4,0.195,-114.29
2026-06-09,13:50,7336.43,7315.51,7352.43,20.92,-16.0,-36.92,55.98,18.688,245.3,597.46,0.171,-102.23
2026-06-09,13:55,7338.55,7317.71,7351.88,20.84,-13.33,-34.18,56.63,17.872,245.3,599.58,0.167,-100.11
2026-06-09,14:00,7338.35,7319.67,7351.35,18.68,-13.0,-31.68,56.54,17.313,245.3,599.78,0.167,-100.31
2026-06-09,14:05,7347.62,7322.33,7351.21,25.29,-3.59,-28.87,59.54,16.922,245.3,609.05,0.149,-91.04
2026-06-09,14:10,7345.52,7324.54,7350.98,20.98,-5.46,-26.44,58.55,16.382,245.3,611.15,0.152,-93.14
2026-06-09,14:15,7357.25,7327.66,7351.23,29.59,6.02,-23.57,62.3,16.504,245.3,622.88,0.131,-81.41
2026-06-09,14:20,7362.62,7330.99,7351.68,31.63,10.94,-20.69,63.91,16.232,245.3,628.25,0.121,-76.04
2026-06-09,14:25,7363.32,7334.07,7352.13,29.25,11.19,-18.07,64.13,15.828,245.3,628.95,0.12,-75.34
2026-06-09,14:30,7368.81,7337.37,7352.79,31.44,16.02,-15.41,65.85,15.573,245.3,634.44,0.11,-69.85
2026-06-09,14:35,7372.53,7340.72,7353.56,31.81,18.97,-12.84,67.0,15.005,245.3,638.16,0.104,-66.13
2026-06-09,14:40,7357.22,7342.29,7353.7,14.93,3.52,-11.41,58.27,15.097,245.3,653.47,0.125,-81.44
2026-06-09,14:45,7366.6,7344.61,7354.21,21.99,12.39,-9.6,61.58,14.759,245.3,662.85,0.109,-72.06
2026-06-09,14:50,7369.08,7346.94,7354.79,22.14,14.29,-7.85,62.42,14.439,245.3,665.33,0.105,-69.58
2026-06-09,14:55,7380.7,7350.15,7355.81,30.55,24.89,-5.65,66.18,14.5,245.3,676.95,0.086,-57.96
2026-06-09,15:00,7385.75,7353.54,7356.98,32.21,28.77,-3.44,67.7,14.314,245.3,682.0,0.078,-52.91
2026-06-09,15:05,7377.63,7355.84,7357.79,21.79,19.84,-1.95,62.83,14.139,245.3,690.12,0.088,-61.03
2026-06-09,15:10,7365.33,7356.74,7358.09,8.59,7.24,-1.35,56.23,14.036,245.3,702.42,0.104,-73.33
2026-06-09,15:15,7349.32,7356.04,7357.74,-6.72,-8.42,-1.71,49.02,14.312,245.3,718.43,0.124,-89.34
2026-06-09,15:20,7352.05,7355.66,7357.52,-3.61,-5.47,-1.87,50.19,13.999,245.3,721.16,0.12,-86.61
2026-06-09,15:25,7358.45,7355.92,7357.56,2.53,0.89,-1.64,52.93,13.901,245.3,727.56,0.11,-80.21
2026-06-09,15:30,7357.96,7356.12,7357.57,1.84,0.39,-1.46,52.69,13.517,245.3,728.05,0.111,-80.7
2026-06-09,15:35,7348.72,7355.41,7357.23,-6.69,-8.51,-1.81,48.27,13.29,245.3,737.29,0.122,-89.94
2026-06-09,15:40,7346.61,7354.57,7356.81,-7.96,-10.2,-2.24,47.3,13.201,245.3,739.4,0.124,-92.05
2026-06-09,15:45,7344.36,7353.6,7356.32,-9.24,-11.96,-2.72,46.22,13.057,245.3,741.65,0.127,-94.3
2026-06-09,15:50,7374.47,7355.59,7357.03,18.88,17.44,-1.44,59.47,14.311,245.3,771.76,0.083,-64.19
2026-06-09,15:55,7386.31,7358.51,7358.18,27.8,28.13,0.33,63.3,14.253,245.3,783.6,0.067,-52.35
2026-06-10,09:30,7330.83,,,,,,,,24.46,0.0,,-19.71
2026-06-10,09:35,7358.81,,,,,,,,36.84,27.98,0.296,8.27
2026-06-10,09:40,7375.41,,,,,,,,46.99,44.58,0.558,24.87
2026-06-10,09:45,7379.67,,,,,,,,53.97,48.84,0.596,29.13
2026-06-10,09:50,7369.37,,,,,,,,53.97,59.14,0.318,18.83
2026-06-10,09:55,7370.49,,,,,,,,53.97,60.26,0.331,19.95
2026-06-10,10:00,7378.18,,,,,,,,56.23,67.95,0.407,27.64
2026-06-10,10:05,7384.57,,,,,,,,58.59,74.34,0.458,34.03
2026-06-10,10:10,7379.7,,,,,,,,60.18,79.21,0.368,29.16
2026-06-10,10:15,7379.33,,,,,,,,60.18,79.58,0.362,28.79
2026-06-10,10:20,7395.63,,,,,,,,68.08,95.88,0.47,45.09
2026-06-10,10:25,7385.89,,,,,,,,68.14,105.62,0.335,35.35
2026-06-10,10:30,7390.79,,,,,,,,68.14,110.52,0.364,40.25
2026-06-10,10:35,7378.31,,,,,,,,68.14,123.0,0.226,27.77
2026-06-10,10:40,7369.35,,,,,,64.6,18.779,68.14,131.96,0.143,18.81
2026-06-10,10:45,7362.05,,,,,,60.96,18.506,68.14,139.26,0.083,11.51
2026-06-10,10:50,7358.22,,,,,,59.09,18.218,68.14,143.09,0.054,7.68
2026-06-10,10:55,7341.49,,,,,,51.61,18.785,68.14,159.82,0.057,-9.05
2026-06-10,11:00,7343.13,,,,,,52.25,19.169,68.14,161.46,0.046,-7.41
2026-06-10,11:05,7330.36,7368.08,,-37.72,,,47.05,18.784,68.14,174.23,0.116,-20.18
2026-06-10,11:10,7319.56,7363.46,,-43.9,,,43.14,18.343,77.35,185.03,0.167,-30.98
2026-06-10,11:15,7314.92,7358.84,,-43.92,,,41.54,17.884,88.91,189.67,0.188,-35.62
2026-06-10,11:20,7330.74,7356.16,,-25.42,,,48.54,18.174,88.91,205.49,0.096,-19.8
2026-06-10,11:25,7327.68,7353.45,,-25.77,,,47.36,17.593,88.91,208.55,0.11,-22.86
2026-06-10,11:30,7323.42,7350.59,,-27.17,,,45.69,17.47,88.91,212.81,0.127,-27.12
2026-06-10,11:35,7320.4,7347.71,,-27.31,,,44.5,17.296,88.91,215.83,0.14,-30.14
2026-06-10,11:40,7335.0,7346.5,,-11.5,,,51.15,17.492,88.91,230.43,0.067,-15.54
2026-06-10,11:45,7312.5,7343.26,,-30.76,,,42.66,18.748,92.48,252.93,0.15,-38.04
2026-06-10,11:50,7321.91,7341.23,,-19.32,,,46.65,19.509,98.77,262.34,0.109,-28.63
2026-06-10,11:55,7331.41,7340.29,,-8.88,,,50.4,19.378,98.77,271.84,0.07,-19.13
2026-06-10,12:00,7327.34,7339.06,,-11.72,,,48.82,18.956,98.77,275.91,0.084,-23.2
2026-06-10,12:05,7319.68,7337.22,,-17.54,,,45.89,18.566,98.77,283.57,0.109,-30.86
2026-06-10,12:10,7313.97,7335.0,,-21.03,,,43.79,17.94,98.77,289.28,0.126,-36.57
2026-06-10,12:15,7317.95,7333.38,,-15.43,,,45.66,17.247,98.77,293.26,0.111,-32.59
2026-06-10,12:20,7313.13,7331.45,,-18.32,,,43.76,16.653,98.77,298.08,0.126,-37.41
2026-06-10,12:25,7318.45,7330.21,,-11.76,,,46.41,16.011,98.77,303.4,0.106,-32.09
2026-06-10,12:30,7327.44,7329.95,,-2.51,,,50.64,15.89,98.77,312.39,0.074,-23.1
2026-06-10,12:35,7331.17,7330.06,,1.11,,,52.32,15.591,98.77,316.12,0.061,-19.37
2026-06-10,12:40,7321.0,7329.2,,-8.2,,,47.56,15.674,98.77,326.29,0.091,-29.54
2026-06-10,12:45,7312.9,7327.65,,-14.75,,,44.12,15.562,98.77,334.39,0.113,-37.64
2026-06-10,12:50,7314.87,7326.43,,-11.56,,,45.16,15.324,98.77,336.36,0.106,-35.67
2026-06-10,12:55,7315.74,7325.41,,-9.67,,,45.64,14.844,98.77,337.23,0.103,-34.8
2026-06-10,13:00,7323.74,7325.25,,-1.51,,,49.99,14.669,98.77,345.23,0.078,-26.8
2026-06-10,13:05,7309.45,7323.75,,-14.3,,,43.33,14.74,98.77,359.52,0.114,-41.09
2026-06-10,13:10,7301.75,7321.65,,-19.9,,,40.22,14.382,98.77,367.22,0.133,-48.79
2026-06-10,13:15,7301.64,7319.75,,-18.11,,,40.17,13.81,98.77,367.33,0.133,-48.9
2026-06-10,13:20,7306.25,7318.46,,-12.21,,,43.01,13.356,98.77,371.94,0.119,-44.29
2026-06-10,13:25,7308.08,7317.47,,-9.39,,,44.14,12.843,98.77,373.77,0.114,-42.46
2026-06-10,13:30,7300.59,7315.87,,-15.28,,,40.59,12.761,99.47,381.26,0.131,-49.95
2026-06-10,13:35,7293.49,7313.73,7337.56,-20.24,-44.07,-23.82,37.5,12.392,103.26,388.36,0.147,-57.05
2026-06-10,13:40,7291.59,7311.63,7335.75,-20.04,-44.16,-24.13,36.7,11.946,105.33,390.26,0.151,-58.95
2026-06-10,13:45,7315.0,7311.95,7334.94,3.05,-19.94,-22.99,50.71,12.992,105.33,413.67,0.086,-35.54
2026-06-10,13:50,7311.07,7311.86,7334.0,-0.79,-22.93,-22.14,48.76,13.061,105.33,417.6,0.095,-39.47
2026-06-10,13:55,7318.41,7312.49,7333.39,5.92,-14.98,-20.9,52.44,12.776,105.33,424.94,0.076,-32.13
2026-06-10,14:00,7328.93,7314.05,7333.22,14.88,-4.29,-19.16,57.19,12.644,105.33,435.46,0.05,-21.61
2026-06-10,14:05,7317.61,7314.39,7332.6,3.22,-14.99,-18.21,51.26,12.576,105.33,446.78,0.074,-32.93
2026-06-10,14:10,7319.32,7314.86,7332.08,4.46,-12.76,-17.22,52.07,12.153,105.33,448.49,0.07,-31.22
2026-06-10,14:15,7309.94,7314.39,7331.21,-4.45,-21.27,-16.82,47.42,12.472,105.33,457.87,0.089,-40.6
2026-06-10,14:20,7311.6,7314.13,7330.45,-2.53,-18.85,-16.32,48.3,12.284,105.33,459.53,0.085,-38.94
2026-06-10,14:25,7307.74,7313.52,7329.56,-5.78,-21.82,-16.04,46.36,11.81,105.33,463.39,0.092,-42.8
2026-06-10,14:30,7302.56,7312.47,7328.5,-9.91,-25.94,-16.02,43.81,11.417,105.33,468.57,0.102,-47.98
2026-06-10,14:35,7297.24,7311.02,7327.27,-13.78,-30.03,-16.25,41.31,11.208,105.33,473.89,0.112,-53.3
2026-06-10,14:40,7297.38,7309.72,7326.1,-12.34,-28.72,-16.37,41.4,10.862,105.33,474.03,0.112,-53.16
2026-06-10,14:45,7291.53,7307.99,7324.74,-16.46,-33.21,-16.75,38.59,10.504,105.33,479.88,0.123,-59.01
2026-06-10,14:50,7289.48,7306.23,7323.36,-16.75,-33.88,-17.13,37.62,10.428,114.09,481.93,0.127,-61.06
2026-06-10,14:55,7286.48,7304.35,7321.91,-17.87,-35.43,-17.57,36.2,10.242,114.42,484.93,0.132,-64.06
2026-06-10,15:00,7285.82,7302.58,7320.5,-16.76,-34.68,-17.92,35.88,10.305,115.47,485.59,0.133,-64.72
2026-06-10,15:05,7289.84,7301.37,7319.3,-11.53,-29.46,-17.93,39.41,10.269,115.47,489.61,0.124,-60.7
2026-06-10,15:10,7282.29,7299.55,7317.84,-17.26,-35.55,-18.29,35.46,10.182,115.77,497.16,0.137,-68.25
2026-06-10,15:15,7277.1,7297.41,7316.25,-20.31,-39.15,-18.83,33.01,10.045,121.04,502.35,0.146,-73.44
2026-06-10,15:20,7273.06,7295.09,7314.55,-22.03,-41.49,-19.46,31.2,9.853,126.68,506.39,0.153,-77.48
2026-06-10,15:25,7272.85,7292.98,7312.92,-20.13,-40.07,-19.94,31.1,9.633,129.21,506.6,0.153,-77.69
2026-06-10,15:30,7281.0,7291.84,7311.67,-10.84,-30.67,-19.83,38.91,9.941,129.21,514.75,0.135,-69.54
2026-06-10,15:35,7287.28,7291.4,7310.71,-4.12,-23.43,-19.31,44.16,9.877,129.21,521.03,0.121,-63.26
2026-06-10,15:40,7284.59,7290.75,7309.69,-6.16,-25.1,-18.93,42.48,9.891,129.21,523.72,0.126,-65.95
2026-06-10,15:45,7280.08,7289.74,7308.52,-9.66,-28.44,-18.79,39.74,9.991,129.21,528.23,0.133,-70.46
2026-06-10,15:50,7280.08,7288.82,7307.41,-8.74,-27.33,-18.59,39.74,10.772,129.21,528.23,0.133,-70.46
2026-06-10,15:55,7267.65,7286.8,7305.85,-19.15,-38.2,-19.05,32.95,11.286,130.63,540.66,0.153,-82.89
2026-06-11,09:30,7284.13,,,,,,,,20.04,0.0,,-3.54
2026-06-11,09:35,7284.37,,,,,,,,22.99,0.24,13.75,-3.3
2026-06-11,09:40,7285.26,,,,,,,,26.48,1.13,2.133,-2.41
2026-06-11,09:45,7299.49,,,,,,,,32.79,15.36,0.77,11.82
2026-06-11,09:50,7323.14,,,,,,,,50.94,39.01,0.909,35.47
2026-06-11,09:55,7309.01,,,,,,,,50.98,53.14,0.402,21.34
2026-06-11,10:00,7324.31,,,,,,,,50.98,68.44,0.535,36.64
2026-06-11,10:05,7313.79,,,,,,,,50.98,78.96,0.331,26.12
2026-06-11,10:10,7291.05,,,,,,,,50.98,101.7,0.033,3.38
2026-06-11,10:15,7283.2,,,,,,,,50.98,109.55,0.041,-4.47
2026-06-11,10:20,7305.03,,,,,,,,50.98,131.38,0.132,17.36
2026-06-11,10:25,7300.94,,,,,,,,50.98,135.47,0.098,13.27
2026-06-11,10:30,7294.01,,,,,,,,50.98,142.4,0.045,6.34
2026-06-11,10:35,7304.56,,,,,,,,50.98,152.95,0.11,16.89
2026-06-11,10:40,7299.05,,,,,,54.71,19.138,50.98,158.46,0.072,11.38
2026-06-11,10:45,7293.53,,,,,,52.73,18.554,50.98,163.98,0.036,5.86
2026-06-11,10:50,7286.48,,,,,,50.23,18.016,50.98,171.03,0.007,-1.19
2026-06-11,10:55,7268.94,,,,,,44.57,18.355,64.12,188.57,0.099,-18.73
2026-06-11,11:00,7272.05,,,,,,45.74,18.313,70.57,191.68,0.081,-15.62
2026-06-11,11:05,7278.65,7295.05,,-16.4,,,48.23,18.337,70.57,198.28,0.045,-9.02
2026-06-11,11:10,7286.96,7294.28,,-7.32,,,51.27,17.928,70.57,206.59,0.003,-0.71
2026-06-11,11:15,7285.33,7293.43,,-8.1,,,50.64,17.804,70.57,208.22,0.011,-2.34
2026-06-11,11:20,7295.24,7293.6,,1.64,,,54.3,17.58,70.57,218.13,0.035,7.57
2026-06-11,11:25,7286.12,7292.89,,-6.77,,,50.58,17.262,70.57,227.25,0.007,-1.55
2026-06-11,11:30,7287.49,7292.37,,-4.88,,,51.12,16.773,70.57,228.62,0.001,-0.18
2026-06-11,11:35,7297.31,7292.84,,4.47,,,54.93,16.518,70.57,238.44,0.04,9.64
2026-06-11,11:40,7290.87,7292.66,,-1.79,,,52.07,16.6,70.57,244.88,0.013,3.2
2026-06-11,11:45,7290.32,7292.43,,-2.11,,,51.82,16.115,70.57,245.43,0.011,2.65
2026-06-11,11:50,7284.58,7291.69,,-7.11,,,49.18,15.492,70.57,251.17,0.012,-3.09
2026-06-11,11:55,7293.54,7291.86,,1.68,,,53.19,15.406,70.57,260.13,0.023,5.87
2026-06-11,12:00,7291.61,7291.84,,-0.23,,,52.23,15.245,70.57,262.06,0.015,3.94
2026-06-11,12:05,7302.58,7292.86,,9.72,,,56.96,15.142,70.57,273.03,0.055,14.91
2026-06-11,12:10,7310.35,7294.53,,15.82,,,59.99,14.887,70.57,280.8,0.081,22.68
2026-06-11,12:15,7309.19,7295.92,,13.27,,,59.32,14.392,70.57,281.96,0.076,21.52
2026-06-11,12:20,7298.23,7296.14,,2.09,,,53.26,14.356,70.57,292.92,0.036,10.56
2026-06-11,12:25,7291.37,7295.69,,-4.32,,,49.83,13.96,70.57,299.78,0.012,3.7
2026-06-11,12:30,7305.66,7296.64,,9.02,,,56.17,14.611,70.57,314.07,0.057,17.99
2026-06-11,12:35,7299.24,7296.89,,2.35,,,52.93,14.472,70.57,320.49,0.036,11.57
2026-06-11,12:40,7298.4,7297.03,,1.37,,,52.51,13.735,70.57,321.33,0.033,10.73
2026-06-11,12:45,7294.91,7296.83,,-1.92,,,50.68,13.248,70.57,324.82,0.022,7.24
2026-06-11,12:50,7283.66,7295.57,,-11.91,,,45.23,13.161,70.57,336.07,0.012,-4.01
2026-06-11,12:55,7277.37,7293.84,,-16.47,,,42.48,12.749,70.57,342.36,0.03,-10.3
2026-06-11,13:00,7270.81,7291.65,,-20.84,,,39.76,12.876,70.57,348.92,0.048,-16.86
2026-06-11,13:05,7279.19,7290.46,,-11.27,,,44.63,12.641,70.57,357.3,0.024,-8.48
2026-06-11,13:10,7275.34,7289.02,,-13.68,,,42.92,12.398,70.57,361.15,0.034,-12.33
2026-06-11,13:15,7269.0,7287.11,,-18.11,,,40.17,12.302,70.57,367.49,0.051,-18.67
2026-06-11,13:20,7272.58,7285.73,,-13.15,,,42.41,12.027,70.57,371.07,0.041,-15.09
2026-06-11,13:25,7337.15,7290.63,,46.52,,,66.64,15.821,79.82,435.64,0.114,49.48
2026-06-11,13:30,7352.71,7296.54,,56.17,,,69.92,16.437,102.83,451.2,0.144,65.04
2026-06-11,13:35,7354.07,7302.02,7295.44,52.05,58.63,6.58,70.2,16.105,102.83,452.56,0.147,66.4
2026-06-11,13:40,7375.56,7309.02,7298.59,66.54,76.97,10.44,74.23,16.8,120.55,474.05,0.185,87.89
2026-06-11,13:45,7359.73,7313.85,7300.98,45.88,58.75,12.87,67.04,16.969,120.55,489.88,0.147,72.06
2026-06-11,13:50,7356.02,7317.87,7303.14,38.15,52.88,14.73,65.44,16.747,120.55,493.59,0.138,68.35
2026-06-11,13:55,7362.4,7322.11,7305.47,40.29,56.93,16.64,66.9,16.495,120.55,499.97,0.149,74.73
2026-06-11,14:00,7345.02,7324.29,7307.02,20.73,38.0,17.27,59.52,17.216,120.55,517.35,0.111,57.35
2026-06-11,14:05,7343.88,7326.16,7308.46,17.72,35.42,17.69,59.06,16.864,120.55,518.49,0.108,56.21
2026-06-11,14:10,7355.01,7328.9,7310.29,26.11,44.72,18.62,62.14,16.474,120.55,529.62,0.127,67.34
2026-06-11,14:15,7368.71,7332.7,7312.58,36.01,56.13,20.12,65.57,16.442,120.55,543.32,0.149,81.04
2026-06-11,14:20,7358.17,7335.12,7314.37,23.05,43.8,20.76,60.99,16.496,120.55,553.86,0.127,70.5
2026-06-11,14:25,7356.84,7337.19,7316.03,19.65,40.81,21.16,60.42,15.729,120.55,555.19,0.125,69.17
2026-06-11,14:30,7357.94,7339.17,7317.68,18.77,40.26,21.49,60.74,15.304,120.55,556.29,0.126,70.27
2026-06-11,14:35,7355.58,7340.73,7319.16,14.85,36.42,21.57,59.6,14.722,120.55,558.65,0.122,67.91
2026-06-11,14:40,7362.08,7342.76,7320.85,19.32,41.23,21.92,61.74,14.313,120.55,565.15,0.132,74.41
2026-06-11,14:45,7370.73,7345.43,7322.8,25.3,47.93,22.63,64.43,14.019,120.55,573.8,0.145,83.06
2026-06-11,14:50,7370.31,7347.8,7324.66,22.51,45.65,23.13,64.2,13.348,120.55,574.22,0.144,82.64
2026-06-11,14:55,7370.09,7349.92,7326.45,20.17,43.64,23.47,64.07,12.892,120.55,574.44,0.143,82.42
2026-06-11,15:00,7375.66,7352.37,7328.38,23.29,47.28,24.0,65.98,12.593,121.22,580.01,0.152,87.99
2026-06-11,15:05,7374.64,7354.49,7330.19,20.15,44.45,24.3,65.3,12.43,121.22,581.03,0.15,86.97
2026-06-11,15:10,7382.16,7357.13,7332.23,25.03,49.93,24.9,67.95,12.274,126.98,588.55,0.161,94.49
2026-06-11,15:15,7386.45,7359.92,7334.35,26.53,52.1,25.57,69.38,11.814,129.25,592.84,0.167,98.78
2026-06-11,15:20,7386.43,7362.44,7336.4,23.99,50.03,26.05,69.37,11.272,131.34,592.86,0.167,98.76
2026-06-11,15:25,7392.01,7365.26,7338.58,26.75,53.43,26.68,71.31,11.174,137.81,598.44,0.174,104.34
2026-06-11,15:30,7409.16,7369.44,7341.35,39.72,67.81,28.1,76.28,11.707,153.3,615.59,0.197,121.49
2026-06-11,15:35,7402.64,7372.6,7343.75,30.04,58.89,28.85,71.23,11.688,155.35,622.11,0.185,114.97
2026-06-11,15:40,7407.1,7375.89,7346.23,31.21,60.87,29.65,72.56,11.687,155.35,626.57,0.191,119.43
2026-06-11,15:45,7393.74,7377.59,7348.1,16.15,45.64,29.49,63.1,11.859,155.35,639.93,0.166,106.07
2026-06-11,15:50,7395.6,7379.3,7349.96,16.3,45.64,29.34,63.8,11.823,155.35,641.79,0.168,107.93
2026-06-11,15:55,7393.06,7380.61,7351.65,12.45,41.41,28.96,62.05,11.595,155.35,644.33,0.164,105.39
2026-06-12,09:30,7395.98,,,,,,,,24.87,0.0,,-14.87
2026-06-12,09:35,7403.91,,,,,,,,24.87,7.93,0.875,-6.94
2026-06-12,09:40,7370.76,,,,,,,,46.67,41.08,0.976,-40.09
2026-06-12,09:45,7368.27,,,,,,,,54.37,43.57,0.977,-42.58
2026-06-12,09:50,7373.33,,,,,,,,54.37,48.63,0.772,-37.52
2026-06-12,09:55,7379.22,,,,,,,,54.37,54.52,0.58,-31.63
2026-06-12,10:00,7399.29,,,,,,,,54.37,74.59,0.155,-11.56
2026-06-12,10:05,7414.36,,,,,,,,54.37,89.66,0.039,3.51
2026-06-12,10:10,7406.06,,,,,,,,54.37,97.96,0.049,-4.79
2026-06-12,10:15,7415.97,,,,,,,,59.66,107.87,0.047,5.12
2026-06-12,10:20,7404.23,,,,,,,,59.66,119.61,0.055,-6.62
2026-06-12,10:25,7408.57,,,,,,,,59.66,123.95,0.018,-2.28
2026-06-12,10:30,7410.44,,,,,,,,59.66,125.82,0.003,-0.41
2026-06-12,10:35,7416.6,,,,,,,,59.7,131.98,0.044,5.75
2026-06-12,10:40,7391.98,,,,,,48.72,17.215,59.7,156.6,0.12,-18.87
2026-06-12,10:45,7386.63,,,,,,46.99,16.984,59.7,161.95,0.15,-24.22
2026-06-12,10:50,7427.83,,,,,,59.05,18.762,64.82,203.15,0.084,16.98
2026-06-12,10:55,7436.26,,,,,,61.0,18.432,74.14,211.58,0.12,25.41
2026-06-12,11:00,7434.13,,,,,,60.22,18.026,79.04,213.71,0.109,23.28
2026-06-12,11:05,7437.54,7404.07,,33.47,,,61.08,17.343,79.04,217.12,0.123,26.69
2026-06-12,11:10,7443.27,7407.8,,35.47,,,62.54,16.873,82.26,222.85,0.145,32.42
2026-06-12,11:15,7449.02,7411.73,,37.29,,,64.01,16.438,86.25,228.6,0.167,38.17
2026-06-12,11:20,7454.52,7415.8,,38.72,,,65.4,16.036,93.0,234.1,0.187,43.67
2026-06-12,11:25,7452.96,7419.34,,33.62,,,64.64,15.301,93.39,235.66,0.179,42.11
2026-06-12,11:30,7439.64,7421.27,,18.37,,,58.37,15.196,93.39,248.98,0.116,28.79
2026-06-12,11:35,7431.65,7422.26,,9.39,,,54.92,15.701,93.39,256.97,0.081,20.8
2026-06-12,11:40,7422.04,7422.24,,-0.2,,,51.02,15.425,93.39,266.58,0.042,11.19
2026-06-12,11:45,7407.72,7420.86,,-13.14,,,45.81,16.05,93.39,280.9,0.011,-3.13
2026-06-12,11:50,7420.15,7420.79,,-0.64,,,50.53,16.303,93.39,293.33,0.032,9.3
2026-06-12,11:55,7401.25,7418.93,,-17.68,,,44.22,16.927,93.39,312.23,0.031,-9.6
2026-06-12,12:00,7402.5,7417.37,,-14.87,,,44.71,16.571,93.39,313.48,0.027,-8.35
2026-06-12,12:05,7408.68,7416.54,,-7.86,,,47.19,16.332,93.39,319.66,0.007,-2.17
2026-06-12,12:10,7422.9,7417.14,,5.76,,,52.48,17.173,93.39,333.88,0.036,12.05
2026-06-12,12:15,7418.6,7417.28,,1.32,,,50.82,17.147,93.39,338.18,0.023,7.75
2026-06-12,12:20,7420.11,7417.55,,2.56,,,51.4,16.637,93.39,339.69,0.027,9.26
2026-06-12,12:25,7418.99,7417.69,,1.3,,,50.92,16.096,93.39,340.81,0.024,8.14
2026-06-12,12:30,7423.35,7418.23,,5.12,,,52.77,15.47,93.39,345.17,0.036,12.5
2026-06-12,12:35,7419.32,7418.33,,0.99,,,50.86,14.885,93.39,349.2,0.024,8.47
2026-06-12,12:40,7417.9,7418.29,,-0.39,,,50.17,14.541,93.39,350.62,0.02,7.05
2026-06-12,12:45,7425.81,7419.01,,6.8,,,53.91,14.118,93.39,358.53,0.042,14.96
2026-06-12,12:50,7423.53,7419.44,,4.09,,,52.69,13.516,93.39,360.81,0.035,12.68
2026-06-12,12:55,7427.55,7420.21,,7.34,,,54.65,13.425,93.39,364.83,0.046,16.7
2026-06-12,13:00,7432.57,7421.39,,11.18,,,57.04,12.921,93.39,369.85,0.059,21.72
2026-06-12,13:05,7435.26,7422.71,,12.55,,,58.31,12.686,93.39,372.54,0.066,24.41
2026-06-12,13:10,7432.99,7423.69,,9.3,,,56.78,12.53,93.39,374.81,0.059,22.14
2026-06-12,13:15,7437.35,7424.99,,12.36,,,59.0,12.152,93.39,379.17,0.07,26.5
2026-06-12,13:20,7436.61,7426.1,,10.51,,,58.45,11.639,93.39,379.91,0.068,25.76
2026-06-12,13:25,7434.0,7426.85,,7.15,,,56.46,11.377,93.39,382.52,0.061,23.15
2026-06-12,13:30,7427.41,7426.9,,0.51,,,51.67,11.136,93.39,389.11,0.043,16.56
2026-06-12,13:35,7429.97,7427.19,7417.98,2.78,11.99,9.21,53.33,10.758,93.39,391.67,0.049,19.12
2026-06-12,13:40,7429.11,7427.38,7418.42,1.73,10.69,8.96,52.67,10.372,93.39,392.53,0.047,18.26
2026-06-12,13:45,7430.25,7427.65,7418.88,2.6,11.37,8.77,53.49,9.972,93.39,393.67,0.049,19.4
2026-06-12,13:50,7431.02,7427.97,7419.36,3.05,11.66,8.61,54.06,9.502,93.39,394.44,0.051,20.17
2026-06-12,13:55,7425.49,7427.73,7419.6,-2.24,5.89,8.14,49.35,9.482,93.39,399.97,0.037,14.64
2026-06-12,14:00,7422.9,7427.27,7419.73,-4.37,3.17,7.55,47.27,9.164,93.39,402.56,0.03,12.05
2026-06-12,14:05,7421.95,7426.77,7419.81,-4.82,2.14,6.95,46.5,8.986,93.39,403.51,0.028,11.1
2026-06-12,14:10,7422.97,7426.41,7419.94,-3.44,3.03,6.47,47.49,9.11,93.39,404.53,0.03,12.12
2026-06-12,14:15,7419.03,7425.7,7419.9,-6.67,-0.87,5.8,44.08,8.966,93.39,408.47,0.02,8.18
2026-06-12,14:20,7419.08,7425.07,7419.87,-5.99,-0.79,5.2,44.14,8.631,93.39,408.52,0.02,8.23
2026-06-12,14:25,7424.66,7425.03,7420.06,-0.37,4.6,4.98,50.02,8.562,93.39,414.1,0.033,13.81
2026-06-12,14:30,7428.64,7425.38,7420.39,3.26,8.25,4.98,53.76,8.347,93.39,418.08,0.043,17.79
2026-06-12,14:35,7429.2,7425.74,7420.74,3.46,8.46,5.0,54.28,7.917,93.39,418.64,0.044,18.35
2026-06-12,14:40,7434.38,7426.56,7421.27,7.82,13.11,5.29,58.87,7.78,93.39,423.82,0.056,23.53
2026-06-12,14:45,7432.17,7427.1,7421.7,5.07,10.47,5.4,56.27,7.547,93.39,426.03,0.05,21.32
2026-06-12,14:50,7432.8,7427.64,7422.14,5.16,10.66,5.5,56.86,7.432,93.39,426.66,0.051,21.95
2026-06-12,14:55,7422.69,7427.17,7422.16,-4.48,0.53,5.01,46.19,7.646,93.39,436.77,0.027,11.84
2026-06-12,15:00,7432.13,7427.64,7422.55,4.49,9.58,5.09,54.73,7.857,93.39,446.21,0.048,21.28
2026-06-12,15:05,7429.98,7427.86,7422.84,2.12,7.14,5.02,52.68,7.701,93.39,448.36,0.043,19.13
2026-06-12,15:10,7427.12,7427.79,7423.01,-0.67,4.11,4.78,50.0,7.509,93.39,451.22,0.036,16.27
2026-06-12,15:15,7428.99,7427.91,7423.24,1.08,5.75,4.66,51.73,7.42,93.39,453.09,0.04,18.14
2026-06-12,15:20,7428.51,7427.96,7423.45,0.55,5.06,4.52,51.24,7.123,93.39,453.57,0.039,17.66
2026-06-12,15:25,7426.79,7427.85,7423.58,-1.06,3.21,4.27,49.43,6.993,93.39,455.29,0.035,15.94
2026-06-12,15:30,7417.89,7426.9,7423.36,-9.01,-5.47,3.55,41.3,7.191,93.39,464.19,0.015,7.04
2026-06-12,15:35,7418.95,7426.15,7423.18,-7.2,-4.23,2.96,42.52,7.786,93.39,465.25,0.017,8.1
2026-06-12,15:40,7420.99,7425.66,7423.1,-4.67,-2.11,2.56,44.88,7.729,93.39,467.29,0.022,10.14
2026-06-12,15:45,7421.75,7425.28,7423.05,-3.53,-1.3,2.24,45.77,7.598,93.39,468.05,0.023,10.9
2026-06-12,15:50,7425.03,7425.26,7423.12,-0.23,1.91,2.14,49.56,7.387,93.39,471.33,0.03,14.18
2026-06-12,15:55,7430.86,7425.79,7423.43,5.07,7.43,2.37,55.53,7.368,93.39,477.16,0.042,20.01
2026-06-15,09:30,7538.75,,,,,,,,26.07,0.0,,22.0
2026-06-15,09:35,7542.08,,,,,,,,29.97,3.33,7.607,25.33
2026-06-15,09:40,7539.72,,,,,,,,29.97,5.69,4.037,22.97
2026-06-15,09:45,7550.11,,,,,,,,33.84,16.08,2.075,33.36
2026-06-15,09:50,7548.97,,,,,,,,35.92,17.22,1.871,32.22
2026-06-15,09:55,7543.45,,,,,,,,35.92,22.74,1.174,26.7
2026-06-15,10:00,7547.81,,,,,,,,35.92,27.1,1.146,31.06
2026-06-15,10:05,7543.28,,,,,,,,35.92,31.63,0.839,26.53
2026-06-15,10:10,7541.16,,,,,,,,35.92,33.75,0.723,24.41
2026-06-15,10:15,7543.87,,,,,,,,35.92,36.46,0.744,27.12
2026-06-15,10:20,7540.98,,,,,,,,35.92,39.35,0.616,24.23
2026-06-15,10:25,7548.06,,,,,,,,35.92,46.43,0.674,31.31
2026-06-15,10:30,7543.12,,,,,,,,35.92,51.37,0.513,26.37
2026-06-15,10:35,7545.12,,,,,,,,35.92,53.37,0.532,28.37
2026-06-15,10:40,7543.92,,,,,,54.74,7.557,35.92,54.57,0.498,27.17
2026-06-15,10:45,7546.42,,,,,,56.87,7.408,35.92,57.07,0.52,29.67
2026-06-15,10:50,7550.12,,,,,,59.87,7.259,35.92,60.77,0.549,33.37
2026-06-15,10:55,7552.89,,,,,,62.01,7.12,38.24,63.54,0.569,36.14
2026-06-15,11:00,7558.15,,,,,,65.74,7.048,42.24,68.8,0.602,41.4
2026-06-15,11:05,7558.25,7546.31,,11.94,,,65.81,6.836,42.67,68.9,0.602,41.5
2026-06-15,11:10,7558.41,7547.46,,10.95,,,65.92,6.585,42.67,69.06,0.603,41.66
2026-06-15,11:15,7557.76,7548.44,,9.32,,,64.94,6.337,42.89,69.71,0.588,41.01
2026-06-15,11:20,7559.8,7549.53,,10.27,,,66.62,6.179,45.0,71.75,0.6,43.05
2026-06-15,11:25,7562.71,7550.78,,11.93,,,68.9,6.032,47.0,74.66,0.616,45.96
2026-06-15,11:30,7559.98,7551.66,,8.32,,,64.45,5.997,48.69,77.39,0.559,43.23
2026-06-15,11:35,7563.85,7552.82,,11.03,,,67.64,5.941,48.69,81.26,0.58,47.1
2026-06-15,11:40,7565.65,7554.04,,11.61,,,69.03,5.746,49.56,83.06,0.589,48.9
2026-06-15,11:45,7571.77,7555.73,,16.04,,,73.25,5.792,55.21,89.18,0.617,55.02
2026-06-15,11:50,7571.68,7557.25,,14.43,,,73.09,5.579,56.54,89.27,0.615,54.93
2026-06-15,11:55,7572.72,7558.72,,14.0,,,73.79,5.433,57.44,90.31,0.62,55.97
2026-06-15,12:00,7575.96,7560.36,,15.6,,,75.9,5.429,61.17,93.55,0.633,59.21
2026-06-15,12:05,7574.37,7561.7,,12.67,,,72.81,5.197,61.17,95.14,0.606,57.62
2026-06-15,12:10,7573.2,7562.79,,10.41,,,70.53,5.091,61.17,96.31,0.586,56.45
2026-06-15,12:15,7573.0,7563.77,,9.23,,,70.12,4.985,61.17,96.51,0.583,56.25
2026-06-15,12:20,7575.91,7564.92,,10.99,,,72.58,4.871,61.17,99.42,0.595,59.16
2026-06-15,12:25,7575.86,7565.96,,9.9,,,72.47,4.727,61.17,99.47,0.594,59.11
2026-06-15,12:30,7573.22,7566.65,,6.57,,,66.7,4.692,61.17,102.11,0.553,56.47
2026-06-15,12:35,7570.65,7567.04,,3.61,,,61.56,4.711,61.17,104.68,0.515,53.9
2026-06-15,12:40,7571.03,7567.42,,3.61,,,62.03,4.671,61.17,105.06,0.517,54.28
2026-06-15,12:45,7568.13,7567.48,,0.65,,,56.41,4.636,61.17,107.96,0.476,51.38
2026-06-15,12:50,7568.43,7567.57,,0.86,,,56.84,4.497,61.17,108.26,0.477,51.68
2026-06-15,12:55,7570.08,7567.81,,2.27,,,59.25,4.422,61.17,109.91,0.485,53.33
2026-06-15,13:00,7569.16,7567.94,,1.22,,,57.33,4.584,61.17,110.83,0.473,52.41
2026-06-15,13:05,7565.49,7567.71,,-2.22,,,50.31,4.722,61.17,114.5,0.426,48.74
2026-06-15,13:10,7569.19,7567.85,,1.34,,,56.14,4.748,61.17,118.2,0.444,52.44
2026-06-15,13:15,7571.37,7568.18,,3.19,,,59.18,4.757,61.17,120.38,0.454,54.62
2026-06-15,13:20,7573.09,7568.65,,4.44,,,61.45,4.652,61.17,122.1,0.461,56.34
2026-06-15,13:25,7572.53,7569.02,,3.51,,,60.27,4.535,61.17,122.66,0.455,55.78
2026-06-15,13:30,7570.46,7569.16,,1.3,,,56.01,4.597,61.17,124.73,0.431,53.71
2026-06-15,13:35,7571.66,7569.4,7560.07,2.26,11.59,9.33,57.87,4.451,61.17,125.93,0.436,54.91
2026-06-15,13:40,7568.9,7569.35,7560.41,-0.45,8.49,8.94,52.38,4.353,61.17,128.69,0.405,52.15
2026-06-15,13:45,7569.16,7569.33,7560.76,-0.17,8.4,8.57,52.84,4.219,61.17,128.95,0.406,52.41
2026-06-15,13:50,7566.07,7569.02,7560.96,-2.95,5.11,8.06,47.1,4.157,61.17,132.04,0.374,49.32
2026-06-15,13:55,7563.31,7568.48,7561.06,-5.17,2.25,7.42,42.64,4.132,61.17,134.8,0.345,46.56
2026-06-15,14:00,7559.12,7567.59,7560.98,-8.47,-1.86,6.6,36.93,4.293,61.17,138.99,0.305,42.37
2026-06-15,14:05,7561.1,7566.97,7560.99,-5.87,0.11,5.98,40.95,4.309,61.17,140.97,0.315,44.35
2026-06-15,14:10,7563.34,7566.62,7561.08,-3.28,2.26,5.54,45.21,4.182,61.17,143.21,0.325,46.59
2026-06-15,14:15,7562.6,7566.24,7561.14,-3.64,1.46,5.1,44.08,4.052,61.17,143.95,0.319,45.85
2026-06-15,14:20,7561.2,7565.76,7561.14,-4.56,0.06,4.62,41.94,3.918,61.17,145.35,0.306,44.45
2026-06-15,14:25,7558.54,7565.07,7561.04,-6.53,-2.5,4.03,38.15,3.916,61.17,148.01,0.282,41.79
2026-06-15,14:30,7559.87,7564.58,7560.99,-4.71,-1.12,3.58,41.02,3.968,61.17,149.34,0.289,43.12
2026-06-15,14:35,7563.42,7564.47,7561.09,-1.05,2.33,3.38,47.96,4.032,61.17,152.89,0.305,46.67
2026-06-15,14:40,7564.21,7564.44,7561.21,-0.23,3.0,3.23,49.39,3.924,61.17,153.68,0.309,47.46
2026-06-15,14:45,7563.9,7564.39,7561.32,-0.49,2.58,3.07,48.82,3.854,61.17,153.99,0.306,47.15
2026-06-15,14:50,7563.26,7564.28,7561.39,-1.02,1.87,2.89,47.61,3.762,61.17,154.63,0.301,46.51
2026-06-15,14:55,7560.93,7563.96,7561.37,-3.03,-0.44,2.59,43.38,3.782,61.17,156.96,0.281,44.18
2026-06-15,15:00,7559.61,7563.55,7561.3,-3.94,-1.69,2.24,41.16,3.712,61.17,158.28,0.271,42.86
2026-06-15,15:05,7559.79,7563.19,7561.24,-3.4,-1.45,1.95,41.6,3.602,61.17,158.46,0.272,43.04
2026-06-15,15:10,7561.11,7562.99,7561.24,-1.88,-0.13,1.75,44.86,3.613,61.17,159.78,0.278,44.36
2026-06-15,15:15,7560.68,7562.77,7561.22,-2.09,-0.54,1.55,44.0,3.596,61.17,160.21,0.274,43.93
2026-06-15,15:20,7557.97,7562.31,7561.09,-4.34,-3.12,1.22,38.92,3.599,61.17,162.92,0.253,41.22
2026-06-15,15:25,7554.8,7561.6,7560.84,-6.8,-6.04,0.76,33.99,3.646,61.17,166.09,0.229,38.05
2026-06-15,15:30,7553.85,7560.86,7560.57,-7.01,-6.72,0.29,32.65,3.69,61.17,167.04,0.222,37.1
2026-06-15,15:35,7554.4,7560.25,7560.33,-5.85,-5.93,-0.08,34.26,3.61,61.17,167.59,0.225,37.65
2026-06-15,15:40,7555.09,7559.75,7560.12,-4.66,-5.03,-0.37,36.32,3.521,61.17,168.28,0.228,38.34
2026-06-15,15:45,7558.27,7559.61,7560.05,-1.34,-1.78,-0.44,44.89,3.677,61.17,171.46,0.242,41.52
2026-06-15,15:50,7549.9,7558.69,7559.65,-8.79,-9.75,-0.96,32.5,4.101,61.17,179.83,0.184,33.15
2026-06-15,15:55,7555.26,7558.36,7559.48,-3.1,-4.22,-1.12,43.29,4.501,61.17,185.19,0.208,38.51
2026-06-16,09:30,7561.45,,,,,,,,13.94,0.0,,12.67
2026-06-16,09:35,7557.8,,,,,,,,15.64,3.65,2.471,9.02
2026-06-16,09:40,7558.88,,,,,,,,15.64,4.73,2.135,10.1
2026-06-16,09:45,7561.54,,,,,,,,16.18,7.39,1.727,12.76
2026-06-16,09:50,7559.6,,,,,,,,16.18,9.33,1.16,10.82
2026-06-16,09:55,7550.56,,,,,,,,16.18,18.37,0.097,1.78
2026-06-16,10:00,7557.66,,,,,,,,16.18,25.47,0.349,8.88
2026-06-16,10:05,7561.29,,,,,,,,16.18,29.1,0.43,12.51
2026-06-16,10:10,7558.2,,,,,,,,16.18,32.19,0.293,9.42
2026-06-16,10:15,7550.74,,,,,,,,16.18,39.65,0.049,1.96
2026-06-16,10:20,7545.94,,,,,,,,22.83,44.45,0.064,-2.84
2026-06-16,10:25,7541.81,,,,,,,,23.3,48.58,0.143,-6.97
2026-06-16,10:30,7535.64,,,,,,,,31.93,54.75,0.24,-13.14
2026-06-16,10:35,7546.16,,,,,,,,31.93,65.27,0.04,-2.62
2026-06-16,10:40,7544.37,,,,,,37.27,8.344,31.93,67.06,0.066,-4.41
2026-06-16,10:45,7541.88,,,,,,35.83,8.055,31.93,69.55,0.099,-6.9
2026-06-16,10:50,7542.81,,,,,,36.81,7.906,31.93,70.48,0.085,-5.97
2026-06-16,10:55,7539.49,,,,,,34.77,7.938,31.93,73.8,0.126,-9.29
2026-06-16,11:00,7543.29,,,,,,38.94,7.755,31.93,77.6,0.071,-5.49
2026-06-16,11:05,7544.48,7550.18,,-5.7,,,40.22,7.576,31.93,78.79,0.055,-4.3
2026-06-16,11:10,7544.7,7549.66,,-4.96,,,40.47,7.487,31.93,79.01,0.052,-4.08
2026-06-16,11:15,7540.94,7548.83,,-7.89,,,37.58,7.41,31.93,82.77,0.095,-7.84
2026-06-16,11:20,7539.43,7547.93,,-8.5,,,36.46,7.337,31.93,84.28,0.111,-9.35
2026-06-16,11:25,7536.66,7546.86,,-10.2,,,34.42,7.366,31.93,87.05,0.139,-12.12
2026-06-16,11:30,7541.63,7546.36,,-4.73,,,40.81,7.337,31.93,92.02,0.078,-7.15
2026-06-16,11:35,7538.65,7545.63,,-6.98,,,38.39,7.364,31.93,95.0,0.107,-10.13
2026-06-16,11:40,7534.81,7544.6,,-9.79,,,35.48,7.255,31.93,98.84,0.141,-13.97
2026-06-16,11:45,7532.0,7543.4,,-11.4,,,33.48,7.384,37.56,101.65,0.165,-16.78
2026-06-16,11:50,7541.78,7543.24,,-1.46,,,45.09,7.717,37.56,111.43,0.063,-7.0
2026-06-16,11:55,7537.98,7542.74,,-4.76,,,42.02,7.614,37.56,115.23,0.094,-10.8
2026-06-16,12:00,7543.59,7542.82,,0.77,,,47.69,7.725,37.56,120.84,0.043,-5.19
2026-06-16,12:05,7545.2,7543.05,,2.15,,,49.22,7.442,37.56,122.45,0.029,-3.58
2026-06-16,12:10,7547.14,7543.44,,3.7,,,51.08,7.308,37.56,124.39,0.013,-1.64
2026-06-16,12:15,7546.61,7543.74,,2.87,,,50.54,7.152,37.56,124.92,0.017,-2.17
2026-06-16,12:20,7545.53,7543.91,,1.62,,,49.38,6.931,37.56,126.0,0.026,-3.25
2026-06-16,12:25,7544.07,7543.93,,0.14,,,47.79,6.736,37.56,127.46,0.037,-4.71
2026-06-16,12:30,7535.11,7543.09,,-7.98,,,39.4,6.925,37.56,136.42,0.1,-13.67
2026-06-16,12:35,7537.59,7542.56,,-4.97,,,42.41,6.726,37.56,138.9,0.081,-11.19
2026-06-16,12:40,7540.76,7542.39,,-1.63,,,46.1,6.701,37.56,142.07,0.056,-8.02
2026-06-16,12:45,7537.59,7541.93,,-4.34,,,43.13,6.572,37.56,145.24,0.077,-11.19
2026-06-16,12:50,7536.34,7541.4,,-5.06,,,41.98,6.538,37.56,146.49,0.085,-12.44
2026-06-16,12:55,7537.44,7541.02,,-3.58,,,43.41,6.367,37.56,147.59,0.077,-11.34
2026-06-16,13:00,7534.64,7540.42,,-5.78,,,40.66,6.192,37.56,150.39,0.094,-14.14
2026-06-16,13:05,7534.48,7539.85,,-5.37,,,40.5,5.934,37.56,150.55,0.095,-14.3
2026-06-16,13:10,7536.16,7539.5,,-3.34,,,43.0,5.771,37.56,152.23,0.083,-12.62
2026-06-16,13:15,7531.72,7538.76,,-7.04,,,38.41,5.777,37.56,156.67,0.109,-17.06
2026-06-16,13:20,7533.91,7538.3,,-4.39,,,41.72,5.707,37.56,158.86,0.094,-14.87
2026-06-16,13:25,7532.48,7537.74,,-5.26,,,40.2,5.523,37.56,160.29,0.102,-16.3
2026-06-16,13:30,7530.99,7537.1,,-6.11,,,38.62,5.345,37.56,161.78,0.11,-17.79
2026-06-16,13:35,7526.77,7536.12,7543.01,-9.35,-16.24,-6.89,34.49,5.443,39.68,166.0,0.133,-22.01
2026-06-16,13:40,7529.67,7535.5,7542.48,-5.83,-12.81,-6.98,39.29,5.502,39.68,168.9,0.113,-19.11
2026-06-16,13:45,7531.13,7535.09,7542.04,-3.96,-10.91,-6.95,41.61,5.402,39.68,170.36,0.104,-17.65
2026-06-16,13:50,7535.5,7535.12,7541.78,0.38,-6.28,-6.66,48.02,5.383,39.68,174.73,0.076,-13.28
2026-06-16,13:55,7531.54,7534.78,7541.38,-3.24,-9.84,-6.6,43.38,5.402,39.68,178.69,0.096,-17.24
2026-06-16,14:00,7532.48,7534.56,7541.03,-2.08,-8.55,-6.47,44.74,5.224,39.68,179.63,0.091,-16.3
2026-06-16,14:05,7530.46,7534.17,7540.62,-3.71,-10.16,-6.44,42.38,5.078,39.68,181.65,0.101,-18.32
2026-06-16,14:10,7530.55,7533.83,7540.22,-3.28,-9.67,-6.39,42.52,4.896,39.68,181.74,0.1,-18.23
2026-06-16,14:15,7529.99,7533.46,7539.82,-3.47,-9.83,-6.36,41.81,4.817,39.68,182.3,0.103,-18.79
2026-06-16,14:20,7530.69,7533.2,7539.46,-2.51,-8.77,-6.26,43.09,4.703,39.68,183.0,0.099,-18.09
2026-06-16,14:25,7531.81,7533.07,7539.16,-1.26,-7.35,-6.1,45.16,4.598,39.68,184.12,0.092,-16.97
2026-06-16,14:30,7529.54,7532.73,7538.78,-3.19,-9.24,-6.05,41.84,4.538,39.68,186.39,0.103,-19.24
2026-06-16,14:35,7531.13,7532.58,7538.48,-1.45,-7.35,-5.91,44.9,4.541,39.68,187.98,0.094,-17.65
2026-06-16,14:40,7531.26,7532.45,7538.2,-1.19,-6.94,-5.75,45.15,4.392,39.68,188.11,0.093,-17.52
2026-06-16,14:45,7528.53,7532.08,7537.82,-3.55,-9.29,-5.74,40.89,4.374,39.68,190.84,0.106,-20.25
2026-06-16,14:50,7528.67,7531.75,7537.46,-3.08,-8.79,-5.71,41.19,4.219,39.68,190.98,0.105,-20.11
2026-06-16,14:55,7527.8,7531.38,7537.08,-3.58,-9.28,-5.71,39.81,4.199,39.68,191.85,0.109,-20.98
2026-06-16,15:00,7528.0,7531.06,7536.73,-3.06,-8.73,-5.67,40.31,4.234,40.63,192.05,0.108,-20.78
2026-06-16,15:05,7523.41,7530.33,7536.21,-6.92,-12.8,-5.88,33.48,4.264,41.59,196.64,0.129,-25.37
2026-06-16,15:10,7519.94,7529.34,7535.57,-9.4,-15.63,-6.23,29.43,4.382,46.15,200.11,0.144,-28.84
2026-06-16,15:15,7520.11,7528.46,7534.96,-8.35,-14.85,-6.5,29.87,4.687,53.33,200.28,0.143,-28.67
2026-06-16,15:20,7524.58,7528.09,7534.55,-3.51,-9.97,-6.46,40.56,4.761,53.33,204.75,0.118,-24.2
2026-06-16,15:25,7522.17,7527.53,7534.07,-5.36,-11.9,-6.54,37.26,4.807,53.33,207.16,0.128,-26.61
2026-06-16,15:30,7517.46,7526.57,7533.42,-9.11,-15.96,-6.85,31.82,4.921,53.33,211.87,0.148,-31.32
2026-06-16,15:35,7514.66,7525.43,7532.68,-10.77,-18.02,-7.25,29.1,5.005,53.33,214.67,0.159,-34.12
2026-06-16,15:40,7520.1,7524.93,7532.19,-4.83,-12.09,-7.26,39.86,5.105,53.33,220.11,0.13,-28.68
2026-06-16,15:45,7518.32,7524.3,7531.64,-5.98,-13.32,-7.35,37.84,5.063,53.33,221.89,0.137,-30.46
2026-06-16,15:50,7521.01,7523.98,7531.23,-2.97,-10.22,-7.24,42.58,5.204,53.33,224.58,0.124,-27.77
2026-06-16,15:55,7512.99,7522.94,7530.51,-9.95,-17.52,-7.58,34.2,5.744,56.28,232.6,0.154,-35.79
2026-06-17,09:30,7516.86,,,,,,,,11.43,0.0,,-7.64
2026-06-17,09:35,7514.74,,,,,,,,11.43,2.12,4.604,-9.76
2026-06-17,09:40,7526.56,,,,,,,,13.74,13.94,0.148,2.06
2026-06-17,09:45,7523.41,,,,,,,,16.11,17.09,0.064,-1.09
2026-06-17,09:50,7524.59,,,,,,,,16.11,18.27,0.005,0.09
2026-06-17,09:55,7509.68,,,,,,,,19.5,33.18,0.447,-14.82
2026-06-17,10:00,7514.4,,,,,,,,21.85,37.9,0.266,-10.1
2026-06-17,10:05,7517.64,,,,,,,,21.85,41.14,0.167,-6.86
2026-06-17,10:10,7522.76,,,,,,,,21.85,46.26,0.038,-1.74
2026-06-17,10:15,7524.56,,,,,,,,21.85,48.06,0.001,0.06
2026-06-17,10:20,7531.85,,,,,,,,24.84,55.35,0.133,7.35
2026-06-17,10:25,7527.8,,,,,,,,24.84,59.4,0.056,3.3
2026-06-17,10:30,7518.86,,,,,,,,24.84,68.34,0.083,-5.64
2026-06-17,10:35,7510.75,,,,,,,,24.84,76.45,0.18,-13.75
2026-06-17,10:40,7513.31,,,,,,47.75,9.331,28.8,79.01,0.142,-11.19
2026-06-17,10:45,7504.32,,,,,,42.54,10.597,42.23,88.0,0.229,-20.18
2026-06-17,10:50,7512.05,,,,,,47.82,10.581,42.23,95.73,0.13,-12.45
2026-06-17,10:55,7501.51,,,,,,42.14,10.641,42.23,106.27,0.216,-22.99
2026-06-17,11:00,7502.53,,,,,,42.84,10.2,42.23,107.29,0.205,-21.97
2026-06-17,11:05,7498.17,7515.82,,-17.65,,,40.56,10.094,42.23,111.65,0.236,-26.33
2026-06-17,11:10,7507.13,7514.99,,-7.86,,,46.83,10.11,42.23,120.61,0.144,-17.37
2026-06-17,11:15,7508.98,7514.42,,-5.44,,,48.05,9.922,42.23,122.46,0.127,-15.52
2026-06-17,11:20,7509.28,7513.93,,-4.65,,,48.26,9.536,42.23,122.76,0.124,-15.22
2026-06-17,11:25,7510.64,7513.62,,-2.98,,,49.24,9.143,42.23,124.12,0.112,-13.86
2026-06-17,11:30,7516.18,7513.86,,2.32,,,53.17,9.128,42.23,129.66,0.064,-8.32
2026-06-17,11:35,7517.94,7514.25,,3.69,,,54.37,8.786,42.23,131.42,0.05,-6.56
2026-06-17,11:40,7514.31,7514.25,,0.06,,,51.43,8.553,42.23,135.05,0.075,-10.19
2026-06-17,11:45,7517.71,7514.58,,3.13,,,53.94,8.237,42.23,138.45,0.049,-6.79
2026-06-17,11:50,7515.54,7514.67,,0.87,,,52.09,8.013,42.23,140.62,0.064,-8.96
2026-06-17,11:55,7517.35,7514.93,,2.42,,,53.53,7.753,42.23,142.43,0.05,-7.15
2026-06-17,12:00,7518.59,7515.28,,3.31,,,54.53,7.426,42.23,143.67,0.041,-5.91
2026-06-17,12:05,7517.24,7515.46,,1.78,,,53.18,7.081,42.23,145.02,0.05,-7.26
2026-06-17,12:10,7517.17,7515.63,,1.54,,,53.11,6.802,42.23,145.09,0.051,-7.33
2026-06-17,12:15,7520.11,7516.05,,4.06,,,55.86,6.65,42.23,148.03,0.03,-4.39
2026-06-17,12:20,7520.12,7516.44,,3.68,,,55.87,6.358,42.23,148.04,0.03,-4.38
2026-06-17,12:25,7518.97,7516.68,,2.29,,,54.42,6.093,42.23,149.19,0.037,-5.53
2026-06-17,12:30,7514.87,7516.51,,-1.64,,,49.5,6.05,42.23,153.29,0.063,-9.63
2026-06-17,12:35,7516.25,7516.48,,-0.23,,,51.1,5.876,42.23,154.67,0.053,-8.25
2026-06-17,12:40,7513.15,7516.17,,-3.02,,,47.45,5.84,42.23,157.77,0.072,-11.35
2026-06-17,12:45,7511.23,7515.7,,-4.47,,,45.3,5.642,42.23,159.69,0.083,-13.27
2026-06-17,12:50,7510.78,7515.23,,-4.45,,,44.78,5.434,42.23,160.14,0.086,-13.72
2026-06-17,12:55,7510.79,7514.81,,-4.02,,,44.8,5.249,42.23,160.15,0.086,-13.71
2026-06-17,13:00,7505.9,7513.96,,-8.06,,,39.2,5.359,42.23,165.04,0.113,-18.6
2026-06-17,13:05,7504.75,7513.08,,-8.33,,,38.0,5.663,42.23,166.19,0.119,-19.75
2026-06-17,13:10,7504.21,7512.24,,-8.03,,,37.42,5.482,42.23,166.73,0.122,-20.29
2026-06-17,13:15,7504.76,7511.52,,-6.76,,,38.45,5.361,42.23,167.28,0.118,-19.74
2026-06-17,13:20,7504.53,7510.86,,-6.33,,,38.16,5.328,42.23,167.51,0.119,-19.97
2026-06-17,13:25,7507.22,7510.51,,-3.29,,,43.42,5.28,42.23,170.2,0.102,-17.28
2026-06-17,13:30,7502.41,7509.74,,-7.33,,,37.31,5.278,42.23,175.01,0.126,-22.09
2026-06-17,13:35,7506.74,7509.45,7513.62,-2.71,-6.88,-4.17,44.83,5.309,42.23,179.34,0.099,-17.76
2026-06-17,13:40,7503.38,7508.88,7513.22,-5.5,-9.84,-4.35,40.75,5.207,42.23,182.7,0.116,-21.12
2026-06-17,13:45,7507.06,7508.7,7512.98,-1.64,-5.92,-4.28,46.5,5.139,42.23,186.38,0.094,-17.44
2026-06-17,13:50,7514.6,7509.26,7513.04,5.34,1.56,-3.78,55.93,5.501,42.23,193.92,0.051,-9.9
2026-06-17,13:55,7517.49,7510.05,7513.22,7.44,4.27,-3.17,58.92,5.47,42.23,196.81,0.036,-7.01
2026-06-17,14:00,7462.82,7505.55,7511.24,-42.73,-48.42,-5.69,24.73,9.081,69.35,251.48,0.245,-61.68
2026-06-17,14:05,7478.22,7502.95,7509.95,-24.73,-31.73,-7.0,36.0,10.822,86.64,266.88,0.173,-46.28
2026-06-17,14:10,7476.55,7500.43,7508.64,-23.88,-32.09,-8.2,35.38,10.809,86.64,268.55,0.179,-47.95
2026-06-17,14:15,7488.29,7499.28,7507.84,-10.99,-19.55,-8.56,42.82,10.977,86.64,280.29,0.129,-36.21
2026-06-17,14:20,7472.07,7496.69,7506.44,-24.62,-34.37,-9.75,36.56,11.439,86.64,296.51,0.177,-52.43
2026-06-17,14:25,7473.42,7494.47,7505.14,-21.05,-31.72,-10.67,37.38,11.424,86.64,297.86,0.171,-51.08
2026-06-17,14:30,7469.7,7492.11,7503.75,-22.41,-34.05,-11.64,36.0,12.202,86.64,301.58,0.182,-54.8
2026-06-17,14:35,7492.11,7492.11,7503.3,-0.0,-11.19,-11.18,48.38,13.432,86.64,323.99,0.1,-32.39
2026-06-17,14:40,7510.98,7493.91,7503.6,17.07,7.38,-9.69,56.08,14.182,86.64,342.86,0.039,-13.52
2026-06-17,14:45,7499.58,7494.45,7503.44,5.13,-3.86,-8.99,51.12,14.134,86.64,354.26,0.07,-24.92
2026-06-17,14:50,7495.02,7494.5,7503.11,0.52,-8.09,-8.61,49.24,13.863,86.64,358.82,0.082,-29.48
2026-06-17,14:55,7471.74,7492.33,7501.88,-20.59,-30.14,-9.54,40.97,15.177,86.64,382.1,0.138,-52.76
2026-06-17,15:00,7471.97,7490.4,7500.71,-18.43,-28.74,-10.31,41.07,15.078,86.64,382.33,0.137,-52.53
2026-06-17,15:05,7467.94,7488.26,7499.42,-20.32,-31.48,-11.16,39.74,14.768,86.64,386.36,0.146,-56.56
2026-06-17,15:10,7476.82,7487.17,7498.53,-10.35,-21.71,-11.37,44.06,15.544,86.64,395.24,0.121,-47.68
2026-06-17,15:15,7452.96,7483.91,7496.75,-30.95,-43.79,-12.84,36.49,16.22,86.64,419.1,0.171,-71.54
2026-06-17,15:20,7429.3,7478.71,7494.1,-49.41,-64.8,-15.39,30.83,16.752,102.87,442.76,0.215,-95.2
2026-06-17,15:25,7431.97,7474.26,7491.67,-42.29,-59.7,-17.41,32.11,16.617,102.97,445.43,0.208,-92.53
2026-06-17,15:30,7419.69,7469.06,7488.84,-49.37,-69.15,-19.78,29.41,16.46,113.18,457.71,0.229,-104.81
2026-06-17,15:35,7405.1,7462.97,7485.56,-57.87,-80.46,-22.59,26.56,17.213,129.56,472.3,0.253,-119.4
2026-06-17,15:40,7409.27,7457.85,7482.57,-48.58,-73.3,-24.71,28.69,16.764,129.56,476.47,0.242,-115.23
2026-06-17,15:45,7417.69,7454.03,7480.02,-36.34,-62.33,-25.99,32.92,16.829,129.56,484.89,0.22,-106.81
2026-06-17,15:50,7409.75,7449.81,7477.27,-40.06,-67.52,-27.46,31.05,16.683,129.56,492.83,0.233,-114.75
2026-06-17,15:55,7421.76,7447.14,7475.09,-25.38,-53.33,-27.95,36.89,16.703,129.56,504.84,0.204,-102.74
2026-06-18,09:30,7489.05,,,,,,,,22.08,0.0,,1.69
2026-06-18,09:35,7475.84,,,,,,,,35.9,13.21,0.872,-11.52
2026-06-18,09:40,7469.78,,,,,,,,39.92,19.27,0.912,-17.58
2026-06-18,09:45,7481.29,,,,,,,,41.12,30.78,0.197,-6.07
2026-06-18,09:50,7476.27,,,,,,,,41.12,35.8,0.31,-11.09
2026-06-18,09:55,7476.65,,,,,,,,41.12,36.18,0.296,-10.71
2026-06-18,10:00,7478.17,,,,,,,,41.12,37.7,0.244,-9.19
2026-06-18,10:05,7488.4,,,,,,,,41.12,47.93,0.022,1.04
2026-06-18,10:10,7478.15,,,,,,,,41.12,58.18,0.158,-9.21
2026-06-18,10:15,7490.62,,,,,,,,41.12,70.65,0.046,3.26
2026-06-18,10:20,7494.41,,,,,,,,41.12,74.44,0.095,7.05
2026-06-18,10:25,7482.17,,,,,,,,41.12,86.68,0.06,-5.19
2026-06-18,10:30,7487.93,,,,,,,,41.12,92.44,0.006,0.57
2026-06-18,10:35,7494.7,,,,,,,,41.12,99.21,0.074,7.34
2026-06-18,10:40,7491.27,,,,,,51.08,12.666,41.12,102.64,0.038,3.91
2026-06-18,10:45,7500.79,,,,,,55.52,12.604,41.12,112.16,0.12,13.43
2026-06-18,10:50,7495.89,,,,,,52.86,12.29,41.12,117.06,0.073,8.53
2026-06-18,10:55,7498.11,,,,,,53.94,11.874,41.12,119.28,0.09,10.75
2026-06-18,11:00,7494.45,,,,,,51.84,11.688,41.12,122.94,0.058,7.09
2026-06-18,11:05,7493.7,7486.88,,6.82,,,51.39,11.189,41.12,123.69,0.051,6.34
2026-06-18,11:10,7491.8,7487.35,,4.45,,,50.23,10.999,41.12,125.59,0.035,4.44
2026-06-18,11:15,7486.73,7487.29,,-0.56,,,47.14,10.729,41.12,130.66,0.005,-0.63
2026-06-18,11:20,7485.35,7487.11,,-1.76,,,46.31,10.468,41.12,132.04,0.015,-2.01
2026-06-18,11:25,7482.77,7486.69,,-3.92,,,44.72,10.367,41.12,134.62,0.034,-4.59
2026-06-18,11:30,7484.64,7486.5,,-1.86,,,46.16,10.143,41.12,136.49,0.02,-2.72
2026-06-18,11:35,7479.41,7485.82,,-6.41,,,42.8,10.24,41.12,141.72,0.056,-7.95
2026-06-18,11:40,7478.47,7485.12,,-6.65,,,42.2,10.053,41.12,142.66,0.062,-8.89
2026-06-18,11:45,7481.98,7484.82,,-2.84,,,45.27,9.99,41.12,146.17,0.037,-5.38
2026-06-18,11:50,7490.13,7485.33,,4.8,,,51.67,10.157,41.12,154.32,0.018,2.77
2026-06-18,11:55,7492.48,7486.01,,6.47,,,53.36,9.799,41.12,156.67,0.033,5.12
2026-06-18,12:00,7489.63,7486.35,,3.28,,,51.03,9.564,41.12,159.52,0.014,2.27
2026-06-18,12:05,7490.17,7486.72,,3.45,,,51.46,9.319,41.12,160.06,0.018,2.81
2026-06-18,12:10,7491.62,7487.18,,4.44,,,52.67,8.923,41.12,161.51,0.026,4.26
2026-06-18,12:15,7491.65,7487.61,,4.04,,,52.7,8.576,41.12,161.54,0.027,4.29
2026-06-18,12:20,7494.42,7488.26,,6.16,,,55.18,8.437,41.12,164.31,0.043,7.06
2026-06-18,12:25,7496.19,7489.01,,7.18,,,56.74,8.113,41.12,166.08,0.053,8.83
2026-06-18,12:30,7495.23,7489.61,,5.62,,,55.61,7.772,41.12,167.04,0.047,7.87
2026-06-18,12:35,7501.24,7490.71,,10.53,,,60.86,7.799,41.12,173.05,0.08,13.88
2026-06-18,12:40,7499.63,7491.56,,8.07,,,58.85,7.434,41.12,174.66,0.07,12.27
2026-06-18,12:45,7498.78,7492.25,,6.53,,,57.77,7.033,41.12,175.51,0.065,11.42
2026-06-18,12:50,7494.13,7492.43,,1.7,,,52.11,6.942,41.12,180.16,0.038,6.77
2026-06-18,12:55,7496.12,7492.78,,3.34,,,54.18,6.751,41.12,182.15,0.048,8.76
2026-06-18,13:00,7502.05,7493.66,,8.39,,,59.76,6.854,41.12,188.08,0.078,14.69
2026-06-18,13:05,7504.99,7494.74,,10.25,,,62.21,6.69,41.12,191.02,0.092,17.63
2026-06-18,13:10,7505.94,7495.81,,10.13,,,63.0,6.454,41.12,191.97,0.097,18.58
2026-06-18,13:15,7509.7,7497.13,,12.57,,,66.01,6.416,42.75,195.73,0.114,22.34
2026-06-18,13:20,7505.4,7497.92,,7.48,,,59.99,6.328,42.75,200.03,0.09,18.04
2026-06-18,13:25,7505.53,7498.64,,6.89,,,60.11,6.017,42.75,200.16,0.091,18.17
2026-06-18,13:30,7507.75,7499.51,,8.24,,,62.17,5.867,42.75,202.38,0.101,20.39
2026-06-18,13:35,7503.66,7499.91,7491.5,3.75,12.16,8.4,56.4,5.778,42.75,206.47,0.079,16.3
2026-06-18,13:40,7503.93,7500.29,7491.99,3.64,11.94,8.3,56.68,5.512,42.75,206.74,0.08,16.57
2026-06-18,13:45,7502.66,7500.52,7492.41,2.14,10.25,8.11,54.86,5.334,42.75,208.01,0.074,15.3
2026-06-18,13:50,7502.59,7500.71,7492.81,1.88,9.78,7.9,54.76,5.178,42.75,208.08,0.073,15.23
2026-06-18,13:55,7500.36,7500.68,7493.11,-0.32,7.25,7.57,51.4,5.014,42.75,210.31,0.062,13.0
2026-06-18,14:00,7496.47,7500.28,7493.24,-3.81,3.23,7.04,46.08,5.051,42.75,214.2,0.043,9.11
2026-06-18,14:05,7496.41,7499.91,7493.36,-3.5,3.05,6.55,46.01,4.875,42.75,214.26,0.042,9.05
2026-06-18,14:10,7496.68,7499.6,7493.49,-2.92,3.19,6.11,46.45,4.821,42.75,214.53,0.043,9.32
2026-06-18,14:15,7496.25,7499.28,7493.6,-3.03,2.65,5.68,45.8,4.756,42.75,214.96,0.041,8.89
2026-06-18,14:20,7496.93,7499.06,7493.73,-2.13,3.2,5.33,47.06,4.7,42.75,215.64,0.044,9.57
2026-06-18,14:25,7494.93,7498.67,7493.78,-3.74,1.15,4.89,43.84,4.589,42.75,217.64,0.035,7.57
2026-06-18,14:30,7494.26,7498.25,7493.8,-3.99,0.46,4.45,42.79,4.427,42.75,218.31,0.032,6.9
2026-06-18,14:35,7492.23,7497.67,7493.74,-5.44,-1.51,3.94,39.67,4.304,42.75,220.34,0.022,4.87
2026-06-18,14:40,7494.57,7497.38,7493.77,-2.81,0.8,3.61,44.67,4.233,42.75,222.68,0.032,7.21
2026-06-18,14:45,7497.78,7497.42,7493.93,0.36,3.85,3.49,50.71,4.192,42.75,225.89,0.046,10.42
2026-06-18,14:50,7496.83,7497.36,7494.04,-0.53,2.79,3.32,49.01,4.153,42.75,226.84,0.042,9.47
2026-06-18,14:55,7493.74,7497.02,7494.03,-3.28,-0.29,2.99,43.84,4.186,42.75,229.93,0.028,6.38
2026-06-18,15:00,7489.88,7496.34,7493.86,-6.46,-3.98,2.47,38.4,4.279,42.75,233.79,0.011,2.52
2026-06-18,15:05,7489.04,7495.64,7493.68,-6.6,-4.64,1.97,37.32,4.098,42.75,234.63,0.007,1.68
2026-06-18,15:10,7484.84,7494.61,7493.33,-9.77,-8.49,1.28,32.39,4.282,42.75,238.83,0.011,-2.52
2026-06-18,15:15,7488.31,7494.01,7493.13,-5.7,-4.82,0.88,39.5,4.367,42.75,242.3,0.004,0.95
2026-06-18,15:20,7489.26,7493.56,7492.98,-4.3,-3.72,0.58,41.32,4.304,42.75,243.25,0.008,1.9
2026-06-18,15:25,7489.88,7493.21,7492.86,-3.33,-2.98,0.35,42.53,4.228,42.75,243.87,0.01,2.52
2026-06-18,15:30,7491.4,7493.04,7492.8,-1.64,-1.4,0.24,45.51,4.339,42.75,245.39,0.016,4.04
2026-06-18,15:35,7498.81,7493.59,7493.04,5.22,5.77,0.55,57.16,4.565,42.75,252.8,0.045,11.45
2026-06-18,15:40,7502.24,7494.41,7493.4,7.83,8.84,1.01,61.29,4.563,42.75,256.23,0.058,14.88
2026-06-18,15:45,7499.24,7494.87,7493.63,4.37,5.61,1.24,56.19,4.655,42.75,259.23,0.046,11.88
2026-06-18,15:50,7503.54,7495.7,7494.02,7.84,9.52,1.68,61.18,5.143,42.75,263.53,0.061,16.18
2026-06-18,15:55,7497.86,7495.9,7494.17,1.96,3.69,1.74,52.65,5.655,42.75,269.21,0.039,10.5
2026-06-22,09:30,7508.94,,,,,,,,20.8,0.0,,8.5
2026-06-22,09:35,7526.28,,,,,,,,28.34,17.34,1.49,25.84
2026-06-22,09:40,7510.68,,,,,,,,29.06,32.94,0.311,10.24
2026-06-22,09:45,7524.9,,,,,,,,29.06,47.16,0.519,24.46
2026-06-22,09:50,7520.83,,,,,,,,29.06,51.23,0.398,20.39
2026-06-22,09:55,7528.13,,,,,,,,29.31,58.53,0.473,27.69
2026-06-22,10:00,7525.08,,,,,,,,30.69,61.58,0.4,24.64
2026-06-22,10:05,7528.28,,,,,,,,30.69,64.78,0.43,27.84
2026-06-22,10:10,7521.87,,,,,,,,31.13,71.19,0.301,21.43
2026-06-22,10:15,7513.96,,,,,,,,31.13,79.1,0.171,13.52
2026-06-22,10:20,7504.36,,,,,,,,31.13,88.7,0.044,3.92
2026-06-22,10:25,7495.25,,,,,,,,35.08,97.81,0.053,-5.19
2026-06-22,10:30,7484.8,,,,,,,,50.12,108.26,0.144,-15.64
2026-06-22,10:35,7484.13,,,,,,,,50.28,108.93,0.15,-16.31
2026-06-22,10:40,7474.43,,,,,,35.45,11.705,56.18,118.63,0.219,-26.01
2026-06-22,10:45,7476.96,,,,,,36.9,11.395,56.18,121.16,0.194,-23.48
2026-06-22,10:50,7466.72,,,,,,33.61,11.561,64.67,131.4,0.257,-33.72
2026-06-22,10:55,7475.83,,,,,,38.84,11.893,68.97,140.51,0.175,-24.61
2026-06-22,11:00,7479.86,,,,,,41.05,11.588,68.97,144.54,0.142,-20.58
2026-06-22,11:05,7471.62,7501.15,,-29.53,,,38.02,11.497,68.97,152.78,0.189,-28.82
2026-06-22,11:10,7473.15,7498.48,,-25.33,,,38.92,11.174,68.97,154.31,0.177,-27.29
2026-06-22,11:15,7470.67,7495.83,,-25.16,,,37.96,10.98,68.97,156.79,0.19,-29.77
2026-06-22,11:20,7477.03,7494.04,,-17.01,,,41.93,10.954,68.97,163.15,0.143,-23.41
2026-06-22,11:25,7472.26,7491.97,,-19.71,,,39.87,10.827,68.97,167.92,0.168,-28.18
2026-06-22,11:30,7475.71,7490.42,,-14.71,,,42.08,10.577,68.97,171.37,0.144,-24.73
2026-06-22,11:35,7480.77,7489.5,,-8.73,,,45.27,10.301,68.97,176.43,0.111,-19.67
2026-06-22,11:40,7487.97,7489.35,,-1.38,,,49.52,10.24,68.97,183.63,0.068,-12.47
2026-06-22,11:45,7474.36,7487.93,,-13.57,,,42.76,10.869,68.97,197.24,0.132,-26.08
2026-06-22,11:50,7474.47,7486.64,,-12.17,,,42.82,10.465,68.97,197.35,0.132,-25.97
2026-06-22,11:55,7474.47,7485.48,,-11.01,,,42.82,10.157,68.97,197.35,0.132,-25.97
2026-06-22,12:00,7465.97,7483.63,,-17.66,,,38.71,10.248,68.97,205.85,0.167,-34.47
2026-06-22,12:05,7470.62,7482.39,,-11.77,,,41.99,9.984,68.97,210.5,0.142,-29.82
2026-06-22,12:10,7477.91,7481.96,,-4.05,,,46.81,9.827,68.97,217.79,0.103,-22.53
2026-06-22,12:15,7478.05,7481.59,,-3.54,,,46.9,9.5,68.97,217.93,0.103,-22.39
2026-06-22,12:20,7474.09,7480.87,,-6.78,,,44.57,9.511,68.97,221.89,0.119,-26.35
2026-06-22,12:25,7476.54,7480.46,,-3.92,,,46.35,9.235,68.97,224.34,0.107,-23.9
2026-06-22,12:30,7471.84,7479.64,,-7.8,,,43.47,8.963,68.97,229.04,0.125,-28.6
2026-06-22,12:35,7472.82,7478.99,,-6.17,,,44.25,8.586,68.97,230.02,0.12,-27.62
2026-06-22,12:40,7472.62,7478.38,,-5.76,,,44.11,8.299,68.97,230.22,0.121,-27.82
2026-06-22,12:45,7478.19,7478.37,,-0.18,,,48.74,8.259,68.97,235.79,0.094,-22.25
2026-06-22,12:50,7479.58,7478.48,,1.1,,,49.86,7.9,68.97,237.18,0.088,-20.86
2026-06-22,12:55,7478.09,7478.44,,-0.35,,,48.63,7.725,68.97,238.67,0.094,-22.35
2026-06-22,13:00,7477.45,7478.35,,-0.9,,,48.09,7.416,68.97,239.31,0.096,-22.99
2026-06-22,13:05,7471.46,7477.69,,-6.23,,,43.21,7.507,68.97,245.3,0.118,-28.98
2026-06-22,13:10,7474.06,7477.35,,-3.29,,,45.78,7.21,68.97,247.9,0.106,-26.38
2026-06-22,13:15,7479.33,7477.54,,1.79,,,50.66,7.076,68.97,253.17,0.083,-21.11
2026-06-22,13:20,7477.5,7477.53,,-0.03,,,49.01,6.934,68.97,255.0,0.09,-22.94
2026-06-22,13:25,7475.81,7477.37,,-1.56,,,47.47,6.648,68.97,256.69,0.096,-24.63
2026-06-22,13:30,7473.58,7477.01,,-3.43,,,45.45,6.529,68.97,258.92,0.104,-26.86
2026-06-22,13:35,7473.33,7476.66,7485.65,-3.33,-12.32,-8.99,45.21,6.438,68.97,259.17,0.105,-27.11
2026-06-22,13:40,7472.48,7476.26,7485.14,-3.78,-12.66,-8.88,44.38,6.187,68.97,260.02,0.108,-27.96
2026-06-22,13:45,7476.56,7476.29,7484.8,0.27,-8.24,-8.51,49.22,6.153,68.97,264.1,0.09,-23.88
2026-06-22,13:50,7480.86,7476.72,7484.64,4.14,-3.78,-7.92,53.78,6.181,68.97,268.4,0.073,-19.58
2026-06-22,13:55,7475.77,7476.63,7484.3,-0.86,-8.53,-7.66,48.25,6.121,68.97,273.49,0.09,-24.67
2026-06-22,14:00,7474.01,7476.38,7483.89,-2.37,-9.88,-7.51,46.48,6.06,68.97,275.25,0.096,-26.43
2026-06-22,14:05,7477.66,7476.5,7483.65,1.16,-5.99,-7.14,50.55,5.909,68.97,278.9,0.082,-22.78
2026-06-22,14:10,7478.39,7476.68,7483.44,1.71,-5.05,-6.76,51.34,5.729,68.97,279.63,0.079,-22.05
2026-06-22,14:15,7480.71,7477.07,7483.34,3.64,-2.63,-6.27,53.88,5.556,68.97,281.95,0.07,-19.73
2026-06-22,14:20,7482.91,7477.62,7483.32,5.29,-0.41,-5.69,56.22,5.524,68.97,284.15,0.062,-17.53
2026-06-22,14:25,7479.85,7477.84,7483.18,2.01,-3.33,-5.35,52.26,5.479,68.97,287.21,0.072,-20.59
2026-06-22,14:30,7478.73,7477.92,7483.01,0.81,-4.28,-5.09,50.84,5.491,68.97,288.33,0.075,-21.71
2026-06-22,14:35,7478.13,7477.94,7482.82,0.19,-4.69,-4.88,50.06,5.289,68.97,288.93,0.077,-22.31
2026-06-22,14:40,7473.34,7477.5,7482.45,-4.16,-9.11,-4.94,44.22,5.267,68.97,293.72,0.092,-27.1
2026-06-22,14:45,7476.34,7477.39,7482.21,-1.05,-5.87,-4.81,48.29,5.162,68.97,296.72,0.081,-24.1
2026-06-22,14:50,7468.87,7476.58,7481.68,-7.71,-12.81,-5.1,40.39,5.538,68.97,304.19,0.104,-31.57
2026-06-22,14:55,7465.85,7475.56,7481.06,-9.71,-15.21,-5.5,37.7,5.422,68.97,307.21,0.113,-34.59
2026-06-22,15:00,7469.55,7474.99,7480.61,-5.44,-11.06,-5.62,42.73,5.502,68.97,310.91,0.099,-30.89
2026-06-22,15:05,7465.4,7474.07,7480.01,-8.67,-14.61,-5.94,38.93,5.686,68.97,315.06,0.111,-35.04
2026-06-22,15:10,7467.58,7473.45,7479.53,-5.87,-11.95,-6.07,41.85,5.661,68.97,317.24,0.104,-32.86
2026-06-22,15:15,7469.23,7473.05,7479.12,-3.82,-9.89,-6.07,44.04,5.524,68.97,318.89,0.098,-31.21
2026-06-22,15:20,7465.71,7472.35,7478.6,-6.64,-12.89,-6.24,40.54,5.484,68.97,322.41,0.108,-34.73
2026-06-22,15:25,7462.87,7471.45,7477.98,-8.58,-15.11,-6.53,37.93,5.351,68.97,325.25,0.116,-37.57
2026-06-22,15:30,7465.41,7470.87,7477.49,-5.46,-12.08,-6.61,41.56,5.349,68.97,327.79,0.107,-35.03
2026-06-22,15:35,7464.02,7470.22,7476.96,-6.2,-12.94,-6.74,40.17,5.163,68.97,329.18,0.111,-36.42
2026-06-22,15:40,7460.77,7469.32,7476.32,-8.55,-15.55,-7.0,37.06,5.137,70.0,332.43,0.119,-39.67
2026-06-22,15:45,7466.65,7469.07,7475.94,-2.42,-9.29,-6.88,45.31,5.202,70.0,338.31,0.1,-33.79
2026-06-22,15:50,7474.83,7469.62,7475.9,5.21,-1.07,-6.28,54.29,5.502,70.0,346.49,0.074,-25.61
2026-06-22,15:55,7475.46,7470.17,7475.88,5.29,-0.42,-5.71,54.9,5.615,70.0,347.12,0.072,-24.98
2026-06-23,09:30,7365.21,,,,,,,,18.91,0.0,,-1.3
2026-06-23,09:35,7371.56,,,,,,,,24.49,6.35,0.795,5.05
2026-06-23,09:40,7376.63,,,,,,,,33.88,11.42,0.886,10.12
2026-06-23,09:45,7391.16,,,,,,,,49.14,25.95,0.95,24.65
2026-06-23,09:50,7394.41,,,,,,,,51.36,29.2,0.955,27.9
2026-06-23,09:55,7399.45,,,,,,,,51.85,34.24,0.962,32.94
2026-06-23,10:00,7407.82,,,,,,,,62.95,42.61,0.969,41.31
2026-06-23,10:05,7411.51,,,,,,,,65.61,46.3,0.972,45.0
2026-06-23,10:10,7417.6,,,,,,,,70.52,52.39,0.975,51.09
2026-06-23,10:15,7420.06,,,,,,,,72.84,54.85,0.976,53.55
2026-06-23,10:20,7416.73,,,,,,,,76.57,58.18,0.863,50.22
2026-06-23,10:25,7417.41,,,,,,,,76.57,58.86,0.865,50.9
2026-06-23,10:30,7410.24,,,,,,,,76.57,66.03,0.662,43.73
2026-06-23,10:35,7404.76,,,,,,,,76.57,71.51,0.535,38.25
2026-06-23,10:40,7401.2,,,,,,73.97,11.706,76.57,75.07,0.462,34.69
2026-06-23,10:45,7400.93,,,,,,73.69,11.454,76.57,75.34,0.457,34.42
2026-06-23,10:50,7399.58,,,,,,72.19,11.44,76.57,76.69,0.431,33.07
2026-06-23,10:55,7397.47,,,,,,69.79,11.137,76.57,78.8,0.393,30.96
2026-06-23,11:00,7393.38,,,,,,65.28,11.041,76.57,82.89,0.324,26.87
2026-06-23,11:05,7387.5,7399.23,,-11.73,,,59.34,10.953,76.57,88.77,0.236,20.99
2026-06-23,11:10,7388.71,7398.23,,-9.52,,,60.14,10.561,76.57,89.98,0.247,22.2
2026-06-23,11:15,7379.97,7396.49,,-16.52,,,52.13,10.551,76.57,98.72,0.136,13.46
2026-06-23,11:20,7374.21,7394.37,,-20.16,,,47.62,10.432,76.57,104.48,0.074,7.7
2026-06-23,11:25,7373.18,7392.35,,-19.17,,,46.84,10.107,76.57,105.51,0.063,6.67
2026-06-23,11:30,7377.6,7390.95,,-13.35,,,50.58,9.958,76.57,109.93,0.101,11.09
2026-06-23,11:35,7372.93,7389.23,,-16.3,,,46.83,10.079,76.57,114.6,0.056,6.42
2026-06-23,11:40,7377.49,7388.11,,-10.62,,,50.68,9.996,76.57,119.16,0.092,10.98
2026-06-23,11:45,7378.33,7387.18,,-8.85,,,51.37,9.747,76.57,120.0,0.098,11.82
2026-06-23,11:50,7387.02,7387.16,,-0.14,,,57.99,9.959,76.57,128.69,0.159,20.51
2026-06-23,11:55,7387.8,7387.23,,0.57,,,58.54,9.792,76.57,129.47,0.164,21.29
2026-06-23,12:00,7395.03,7387.97,,7.06,,,63.29,9.672,76.57,136.7,0.209,28.52
2026-06-23,12:05,7399.81,7389.1,,10.71,,,66.06,9.43,76.57,141.48,0.235,33.3
2026-06-23,12:10,7402.68,7390.39,,12.29,,,67.64,9.13,76.57,144.35,0.251,36.17
2026-06-23,12:15,7398.51,7391.16,,7.35,,,63.05,8.955,76.57,148.52,0.215,32.0
2026-06-23,12:20,7401.89,7392.18,,9.71,,,65.12,8.898,76.57,151.9,0.233,35.38
2026-06-23,12:25,7402.1,7393.13,,8.97,,,65.25,8.574,76.57,152.11,0.234,35.59
2026-06-23,12:30,7399.06,7393.69,,5.37,,,61.66,8.317,76.57,155.15,0.21,32.55
2026-06-23,12:35,7403.16,7394.6,,8.56,,,64.5,8.071,76.57,159.25,0.23,36.65
2026-06-23,12:40,7406.53,7395.73,,10.8,,,66.68,7.826,76.57,162.62,0.246,40.02
2026-06-23,12:45,7401.82,7396.31,,5.51,,,61.04,7.832,76.57,167.33,0.211,35.31
2026-06-23,12:50,7401.1,7396.77,,4.33,,,60.2,7.586,76.57,168.05,0.206,34.59
2026-06-23,12:55,7402.33,7397.3,,5.03,,,61.18,7.454,76.57,169.28,0.212,35.82
2026-06-23,13:00,7395.32,7397.11,,-1.79,,,53.14,7.509,76.57,176.29,0.163,28.81
2026-06-23,13:05,7397.31,7397.13,,0.18,,,54.95,7.274,76.57,178.28,0.173,30.8
2026-06-23,13:10,7401.66,7397.56,,4.1,,,58.7,7.326,76.57,182.63,0.192,35.15
2026-06-23,13:15,7399.06,7397.7,,1.36,,,55.71,7.217,76.57,185.23,0.176,32.55
2026-06-23,13:20,7407.0,7398.59,,8.41,,,62.07,7.402,76.57,193.17,0.21,40.49
2026-06-23,13:25,7403.65,7399.07,,4.58,,,58.27,7.148,76.57,196.52,0.189,37.14
2026-06-23,13:30,7405.07,7399.64,,5.43,,,59.4,7.007,76.57,197.94,0.195,38.56
2026-06-23,13:35,7403.55,7400.01,7396.17,3.54,7.38,3.84,57.6,6.891,76.57,199.46,0.186,37.04
2026-06-23,13:40,7399.87,7400.0,7396.31,-0.13,3.56,3.69,53.37,6.77,76.57,203.14,0.164,33.36
2026-06-23,13:45,7400.55,7400.05,7396.48,0.5,4.07,3.57,54.04,6.549,76.57,203.82,0.167,34.04
2026-06-23,13:50,7389.31,7399.03,7396.2,-9.72,-6.89,2.83,43.02,6.903,76.57,215.06,0.106,22.8
2026-06-23,13:55,7386.36,7397.82,7395.81,-11.46,-9.45,2.01,40.68,6.735,76.57,218.01,0.091,19.85
2026-06-23,14:00,7388.65,7396.95,7395.53,-8.3,-6.88,1.42,43.26,6.829,76.57,220.3,0.1,22.14
2026-06-23,14:05,7385.79,7395.89,7395.15,-10.1,-9.36,0.74,40.87,6.824,76.57,223.16,0.086,19.28
2026-06-23,14:10,7386.45,7394.99,7394.81,-8.54,-8.36,0.18,41.67,6.529,76.57,223.82,0.089,19.94
2026-06-23,14:15,7384.19,7393.96,7394.39,-9.77,-10.2,-0.43,39.68,6.424,76.57,226.08,0.078,17.68
2026-06-23,14:20,7385.01,7393.11,7394.03,-8.1,-9.02,-0.92,40.79,6.399,76.57,226.9,0.082,18.5
2026-06-23,14:25,7382.2,7392.07,7393.56,-9.87,-11.36,-1.49,38.21,6.212,76.57,229.71,0.068,15.69
2026-06-23,14:30,7379.33,7390.86,7393.0,-11.53,-13.67,-2.15,35.72,6.046,76.57,232.58,0.055,12.82
2026-06-23,14:35,7377.01,7389.54,7392.38,-12.53,-15.37,-2.84,33.81,5.906,76.57,234.9,0.045,10.5
2026-06-23,14:40,7365.99,7387.29,7391.34,-21.3,-25.35,-4.05,26.54,6.281,76.57,245.92,0.002,-0.52
2026-06-23,14:45,7367.33,7385.39,7390.4,-18.06,-23.07,-5.01,28.55,6.184,76.57,247.26,0.003,0.82
2026-06-23,14:50,7364.67,7383.42,7389.39,-18.75,-24.72,-5.97,26.97,6.568,76.57,249.92,0.007,-1.84
2026-06-23,14:55,7368.39,7381.99,7388.57,-13.6,-20.18,-6.58,32.59,6.706,76.57,253.64,0.007,1.88
2026-06-23,15:00,7377.47,7381.56,7388.13,-4.09,-10.66,-6.57,43.92,7.077,76.57,262.72,0.042,10.96
2026-06-23,15:05,7372.45,7380.69,7387.52,-8.24,-15.07,-6.83,39.93,7.561,76.57,267.74,0.022,5.94
2026-06-23,15:10,7372.21,7379.88,7386.92,-7.67,-14.71,-7.03,39.74,7.465,76.57,267.98,0.021,5.7
2026-06-23,15:15,7366.17,7378.58,7386.1,-12.41,-19.93,-7.53,35.28,7.498,76.57,274.02,0.001,-0.34
2026-06-23,15:20,7375.91,7378.32,7385.7,-2.41,-9.79,-7.38,45.84,7.97,76.57,283.76,0.033,9.4
2026-06-23,15:25,7378.27,7378.32,7385.41,-0.05,-7.14,-7.09,48.05,7.884,76.57,286.12,0.041,11.76
2026-06-23,15:30,7378.18,7378.3,7385.13,-0.12,-6.95,-6.82,47.97,7.909,76.57,286.21,0.041,11.67
2026-06-23,15:35,7374.06,7377.9,7384.69,-3.84,-10.63,-6.79,44.31,7.745,76.57,290.33,0.026,7.55
2026-06-23,15:40,7372.52,7377.39,7384.22,-4.87,-11.7,-6.83,42.99,7.589,76.57,291.87,0.021,6.01
2026-06-23,15:45,7374.09,7377.07,7383.82,-2.98,-9.73,-6.75,44.8,7.585,76.57,293.44,0.026,7.58
2026-06-23,15:50,7382.84,7377.62,7383.78,5.22,-0.94,-6.16,53.61,7.725,76.57,302.19,0.054,16.33
2026-06-23,15:55,7365.92,7376.51,7383.08,-10.59,-17.16,-6.57,40.23,8.4,76.57,319.11,0.002,-0.59
2026-06-24,09:30,7397.37,,,,,,,,28.17,0.0,,26.49
2026-06-24,09:35,7392.58,,,,,,,,31.4,4.79,4.53,21.7
2026-06-24,09:40,7386.25,,,,,,,,31.4,11.12,1.382,15.37
2026-06-24,09:45,7383.78,,,,,,,,31.4,13.59,0.949,12.9
2026-06-24,09:50,7401.21,,,,,,,,34.6,31.02,0.978,30.33
2026-06-24,09:55,7387.85,,,,,,,,34.6,44.38,0.382,16.97
2026-06-24,10:00,7383.02,,,,,,,,34.6,49.21,0.247,12.14
2026-06-24,10:05,7385.14,,,,,,,,34.6,51.33,0.278,14.26
2026-06-24,10:10,7384.21,,,,,,,,34.6,52.26,0.255,13.33
2026-06-24,10:15,7377.34,,,,,,,,34.6,59.13,0.109,6.46
2026-06-24,10:20,7391.57,,,,,,,,36.05,73.36,0.282,20.69
2026-06-24,10:25,7393.15,,,,,,,,36.05,74.94,0.297,22.27
2026-06-24,10:30,7398.03,,,,,,,,36.05,79.82,0.34,27.15
2026-06-24,10:35,7390.69,,,,,,,,36.05,87.16,0.227,19.81
2026-06-24,10:40,7404.3,,,,,,53.44,13.814,36.05,100.77,0.332,33.42
2026-06-24,10:45,7411.07,,,,,,56.58,13.798,48.36,107.54,0.374,40.19
2026-06-24,10:50,7412.71,,,,,,57.33,13.351,49.61,109.18,0.383,41.83
2026-06-24,10:55,7424.92,,,,,,62.53,13.484,56.09,121.39,0.445,54.04
2026-06-24,11:00,7421.62,,,,,,60.39,13.035,58.4,124.69,0.407,50.74
2026-06-24,11:05,7413.21,7397.0,,16.21,,,55.2,12.901,58.4,133.1,0.318,42.33
2026-06-24,11:10,7412.88,7398.51,,14.37,,,55.0,12.519,58.4,133.43,0.315,42.0
2026-06-24,11:15,7420.22,7400.58,,19.64,,,58.59,12.303,58.4,140.77,0.351,49.34
2026-06-24,11:20,7415.96,7402.05,,13.91,,,55.81,11.893,58.4,145.03,0.311,45.08
2026-06-24,11:25,7424.61,7404.19,,20.42,,,59.96,12.07,58.4,153.68,0.35,53.73
2026-06-24,11:30,7421.22,7405.82,,15.4,,,57.67,11.939,59.06,157.07,0.32,50.34
2026-06-24,11:35,7416.68,7406.85,,9.83,,,54.66,11.702,59.06,161.61,0.283,45.8
2026-06-24,11:40,7412.71,7407.41,,5.3,,,52.1,11.428,59.06,165.58,0.253,41.83
2026-06-24,11:45,7415.42,7408.17,,7.25,,,53.7,11.184,59.06,168.29,0.265,44.54
2026-06-24,11:50,7416.78,7408.99,,7.79,,,54.52,10.805,59.06,169.65,0.271,45.9
2026-06-24,11:55,7412.15,7409.29,,2.86,,,51.2,10.648,59.06,174.28,0.237,41.27
2026-06-24,12:00,7409.75,7409.34,,0.41,,,49.52,10.327,59.06,176.68,0.22,38.87
2026-06-24,12:05,7410.22,7409.42,,0.8,,,49.87,9.986,59.06,177.15,0.222,39.34
2026-06-24,12:10,7413.22,7409.78,,3.44,,,52.13,9.847,59.06,180.15,0.235,42.34
2026-06-24,12:15,7411.78,7409.97,,1.81,,,50.94,9.543,59.06,181.59,0.225,40.9
2026-06-24,12:20,7414.39,7410.39,,4.0,,,53.03,9.337,59.06,184.2,0.236,43.51
2026-06-24,12:25,7409.55,7410.31,,-0.76,,,48.87,9.095,59.06,189.04,0.205,38.67
2026-06-24,12:30,7404.83,7409.79,,-4.96,,,45.15,8.864,59.06,193.76,0.175,33.95
2026-06-24,12:35,7393.85,7408.27,,-14.42,,,37.92,9.233,59.06,204.74,0.112,22.97
2026-06-24,12:40,7391.55,7406.68,,-15.13,,,36.6,8.978,59.06,207.04,0.1,20.67
2026-06-24,12:45,7392.37,7405.32,,-12.95,,,37.44,8.773,59.06,207.86,0.103,21.49
2026-06-24,12:50,7386.76,7403.55,,-16.79,,,34.12,8.832,59.06,213.47,0.074,15.88
2026-06-24,12:55,7385.19,7401.8,,-16.61,,,33.23,8.516,59.06,215.04,0.067,14.31
2026-06-24,13:00,7392.45,7400.91,,-8.46,,,40.89,8.554,59.06,222.3,0.097,21.57
2026-06-24,13:05,7377.89,7398.72,,-20.83,,,32.77,9.174,59.06,236.86,0.03,7.01
2026-06-24,13:10,7376.26,7396.58,,-20.32,,,32.0,9.024,59.06,238.49,0.023,5.38
2026-06-24,13:15,7366.55,7393.72,,-27.17,,,27.83,9.444,63.44,248.2,0.017,-4.33
2026-06-24,13:20,7359.78,7390.49,,-30.71,,,25.34,9.261,68.39,254.97,0.044,-11.1
2026-06-24,13:25,7350.28,7386.66,,-36.38,,,22.33,9.375,78.53,264.47,0.078,-20.6
2026-06-24,13:30,7351.63,7383.32,,-31.69,,,23.72,9.629,86.35,265.82,0.072,-19.25
2026-06-24,13:35,7353.35,7380.47,7397.21,-27.12,-43.86,-16.74,25.54,9.799,86.35,267.54,0.066,-17.53
2026-06-24,13:40,7347.66,7377.34,7395.26,-29.68,-47.6,-17.92,23.54,9.756,86.35,273.23,0.085,-23.22
2026-06-24,13:45,7352.75,7375.0,7393.6,-22.25,-40.85,-18.6,28.91,9.786,86.35,278.32,0.065,-18.13
2026-06-24,13:50,7353.33,7372.94,7392.02,-19.61,-38.69,-19.08,29.52,9.407,86.35,278.9,0.063,-17.55
2026-06-24,13:55,7346.89,7370.46,7390.25,-23.57,-43.36,-19.79,26.78,9.675,86.35,285.34,0.084,-23.99
2026-06-24,14:00,7354.19,7368.91,7388.83,-14.72,-34.64,-19.93,34.23,9.761,86.35,292.64,0.057,-16.69
2026-06-24,14:05,7357.94,7367.86,7387.62,-9.92,-29.68,-19.76,37.74,9.609,86.35,296.39,0.044,-12.94
2026-06-24,14:10,7357.17,7366.84,7386.43,-9.67,-29.26,-19.58,37.3,9.255,86.35,297.16,0.046,-13.71
2026-06-24,14:15,7365.83,7366.75,7385.62,-0.92,-19.79,-18.87,45.05,9.365,86.35,305.82,0.017,-5.05
2026-06-24,14:20,7370.66,7367.12,7385.03,3.54,-14.37,-17.91,48.85,9.163,86.35,310.65,0.001,-0.22
2026-06-24,14:25,7371.24,7367.51,7384.49,3.73,-13.25,-16.98,49.3,8.836,86.35,311.23,0.001,0.36
2026-06-24,14:30,7370.19,7367.77,7383.93,2.42,-13.74,-16.16,48.47,8.601,86.35,312.28,0.002,-0.69
2026-06-24,14:35,7364.22,7367.43,7383.16,-3.21,-18.94,-15.73,43.9,8.551,86.35,318.25,0.021,-6.66
2026-06-24,14:40,7360.39,7366.76,7382.27,-6.37,-21.88,-15.51,41.22,8.542,86.35,322.08,0.033,-10.49
2026-06-24,14:45,7345.93,7364.78,7380.84,-18.85,-34.91,-16.06,33.02,9.186,86.35,336.54,0.074,-24.95
2026-06-24,14:50,7348.83,7363.26,7379.59,-14.43,-30.76,-16.33,35.78,9.152,87.22,339.44,0.065,-22.05
2026-06-24,14:55,7347.04,7361.71,7378.31,-14.67,-31.27,-16.6,34.82,9.293,87.22,341.23,0.07,-23.84
2026-06-24,15:00,7354.0,7360.98,7377.36,-6.98,-23.36,-16.38,41.37,9.697,87.22,348.19,0.048,-16.88
2026-06-24,15:05,7341.8,7359.15,7375.96,-17.35,-34.16,-16.81,34.78,10.192,90.68,360.39,0.081,-29.08
2026-06-24,15:10,7344.27,7357.73,7374.72,-13.46,-30.45,-16.98,36.97,10.062,91.24,362.86,0.073,-26.61
2026-06-24,15:15,7343.83,7356.41,7373.51,-12.58,-29.68,-17.1,36.73,9.679,91.24,363.3,0.074,-27.05
2026-06-24,15:20,7346.63,7355.48,7372.45,-8.85,-25.82,-16.97,39.39,9.387,91.24,366.1,0.066,-24.25
2026-06-24,15:25,7348.06,7354.77,7371.5,-6.71,-23.44,-16.72,40.76,9.049,91.24,367.53,0.062,-22.82
2026-06-24,15:30,7344.98,7353.84,7370.46,-8.86,-25.48,-16.62,38.73,8.86,91.24,370.61,0.07,-25.9
2026-06-24,15:35,7345.66,7353.06,7369.48,-7.4,-23.82,-16.42,39.45,8.589,91.24,371.29,0.068,-25.22
2026-06-24,15:40,7343.19,7352.12,7368.45,-8.93,-25.26,-16.33,37.72,8.78,91.24,373.76,0.074,-27.69
2026-06-24,15:45,7348.84,7351.81,7367.68,-2.97,-18.84,-15.88,43.78,8.682,91.24,379.41,0.058,-22.04
2026-06-24,15:50,7357.72,7352.37,7367.29,5.35,-9.57,-14.92,51.73,8.78,91.24,388.29,0.034,-13.16
2026-06-24,15:55,7359.9,7353.09,7367.0,6.81,-7.1,-13.92,53.47,8.944,91.24,390.47,0.028,-10.98
2026-06-25,09:30,7399.22,,,,,,,,22.83,0.0,,-5.69
2026-06-25,09:35,7396.29,,,,,,,,22.89,2.93,2.942,-8.62
2026-06-25,09:40,7370.57,,,,,,,,50.91,28.65,1.199,-34.34
2026-06-25,09:45,7356.75,,,,,,,,75.23,42.47,1.134,-48.16
2026-06-25,09:50,7334.03,,,,,,,,86.86,65.19,1.087,-70.88
2026-06-25,09:55,7325.84,,,,,,,,95.58,73.38,1.078,-79.07
2026-06-25,10:00,7359.59,,,,,,,,95.58,107.13,0.423,-45.32
2026-06-25,10:05,7376.43,,,,,,,,95.58,123.97,0.23,-28.48
2026-06-25,10:10,7369.31,,,,,,,,95.58,131.09,0.272,-35.6
2026-06-25,10:15,7383.04,,,,,,,,95.58,144.82,0.151,-21.87
2026-06-25,10:20,7377.74,,,,,,,,95.58,150.12,0.181,-27.17
2026-06-25,10:25,7382.93,,,,,,,,95.58,155.31,0.142,-21.98
2026-06-25,10:30,7391.69,,,,,,,,95.58,164.07,0.081,-13.22
2026-06-25,10:35,7394.61,,,,,,,,95.58,166.99,0.062,-10.3
2026-06-25,10:40,7381.3,,,,,,45.03,21.137,95.58,180.3,0.131,-23.61
2026-06-25,10:45,7390.99,,,,,,48.04,20.871,95.58,189.99,0.073,-13.92
2026-06-25,10:50,7405.83,,,,,,52.34,20.625,95.58,204.83,0.004,0.92
2026-06-25,10:55,7379.92,,,,,,45.29,21.029,95.58,230.74,0.108,-24.99
2026-06-25,11:00,7389.86,,,,,,48.17,20.488,95.58,240.68,0.063,-15.05
2026-06-25,11:05,7375.89,7377.09,,-1.2,,,44.61,20.384,95.58,254.65,0.114,-29.02
2026-06-25,11:10,7357.35,7375.21,,-17.86,,,40.35,20.471,95.58,273.19,0.174,-47.56
2026-06-25,11:15,7364.67,7374.21,,-9.54,,,42.68,20.395,95.58,280.51,0.143,-40.24
2026-06-25,11:20,7373.33,7374.12,,-0.79,,,45.4,20.222,95.58,289.17,0.109,-31.58
2026-06-25,11:25,7369.73,7373.71,,-3.98,,,44.45,19.469,95.58,292.77,0.12,-35.18
2026-06-25,11:30,7370.59,7373.41,,-2.82,,,44.75,18.978,95.58,293.63,0.117,-34.32
2026-06-25,11:35,7370.52,7373.13,,-2.61,,,44.73,18.101,95.58,293.7,0.117,-34.39
2026-06-25,11:40,7376.14,7373.42,,2.72,,,46.87,17.46,95.58,299.32,0.096,-28.77
2026-06-25,11:45,7373.01,7373.38,,-0.37,,,45.8,17.191,95.58,302.45,0.105,-31.9
2026-06-25,11:50,7373.93,7373.43,,0.5,,,46.19,16.536,95.58,303.37,0.102,-30.98
2026-06-25,11:55,7369.29,7373.04,,-3.75,,,44.47,15.953,95.58,308.01,0.116,-35.62
2026-06-25,12:00,7369.07,7372.66,,-3.59,,,44.38,15.24,95.58,308.23,0.116,-35.84
2026-06-25,12:05,7381.02,7373.46,,7.56,,,49.95,15.113,95.58,320.18,0.075,-23.89
2026-06-25,12:10,7384.77,7374.53,,10.24,,,51.58,14.647,95.58,323.93,0.062,-20.14
2026-06-25,12:15,7383.0,7375.34,,7.66,,,50.74,14.131,95.58,325.7,0.067,-21.91
2026-06-25,12:20,7372.89,7375.11,,-2.22,,,46.1,14.116,95.58,335.81,0.095,-32.02
2026-06-25,12:25,7370.2,7374.64,,-4.44,,,44.93,13.563,95.58,338.5,0.103,-34.71
2026-06-25,12:30,7361.01,7373.34,,-12.33,,,41.07,13.485,95.58,347.69,0.126,-43.9
2026-06-25,12:35,7356.09,7371.7,,-15.61,,,39.14,13.147,95.58,352.61,0.138,-48.82
2026-06-25,12:40,7350.21,7369.65,,-19.44,,,36.9,12.769,95.58,358.49,0.153,-54.7
2026-06-25,12:45,7356.12,7368.36,,-12.24,,,40.58,12.842,95.58,364.4,0.134,-48.79
2026-06-25,12:50,7354.7,7367.06,,-12.36,,,39.97,12.408,95.58,365.82,0.137,-50.21
2026-06-25,12:55,7353.31,7365.75,,-12.44,,,39.36,11.958,95.58,367.21,0.141,-51.6
2026-06-25,13:00,7353.57,7364.59,,-11.02,,,39.55,11.441,95.58,367.47,0.14,-51.34
2026-06-25,13:05,7354.91,7363.67,,-8.76,,,40.57,11.058,95.58,368.81,0.136,-50.0
2026-06-25,13:10,7360.49,7363.37,,-2.88,,,44.75,10.996,95.58,374.39,0.119,-44.42
2026-06-25,13:15,7353.95,7362.47,,-8.52,,,41.1,11.343,95.58,380.93,0.134,-50.96
2026-06-25,13:20,7357.66,7362.01,,-4.35,,,43.9,11.143,95.58,384.64,0.123,-47.25
2026-06-25,13:25,7360.66,7361.88,,-1.22,,,46.13,10.876,95.58,387.64,0.114,-44.25
2026-06-25,13:30,7357.13,7361.43,,-4.3,,,43.92,10.73,95.58,391.17,0.122,-47.78
2026-06-25,13:35,7360.88,7361.38,7369.84,-0.5,-8.96,-8.46,46.83,10.436,95.58,394.92,0.111,-44.03
2026-06-25,13:40,7354.18,7360.69,7369.23,-6.51,-15.05,-8.53,42.57,10.517,95.58,401.62,0.126,-50.73
2026-06-25,13:45,7346.67,7359.36,7368.34,-12.69,-21.67,-8.98,38.36,10.436,95.58,409.13,0.142,-58.24
2026-06-25,13:50,7353.66,7358.81,7367.77,-5.15,-14.11,-8.95,43.92,10.472,95.58,416.12,0.123,-51.25
2026-06-25,13:55,7363.0,7359.21,7367.58,3.79,-4.58,-8.37,50.37,10.537,95.58,425.46,0.099,-41.91
2026-06-25,14:00,7347.72,7358.12,7366.8,-10.4,-19.08,-8.68,41.89,11.248,95.58,440.74,0.13,-57.19
2026-06-25,14:05,7362.24,7358.51,7366.62,3.73,-4.38,-8.11,50.43,11.678,95.58,455.26,0.094,-42.67
2026-06-25,14:10,7360.53,7358.7,7366.38,1.83,-5.85,-7.68,49.5,11.545,95.58,456.97,0.097,-44.38
2026-06-25,14:15,7376.73,7360.42,7366.79,16.31,9.94,-6.37,57.45,12.358,95.58,473.17,0.06,-28.18
2026-06-25,14:20,7377.97,7362.09,7367.23,15.88,10.74,-5.14,57.99,12.085,95.58,474.41,0.057,-26.94
2026-06-25,14:25,7386.58,7364.42,7367.99,22.16,18.59,-3.56,61.66,11.959,95.58,483.02,0.038,-18.33
2026-06-25,14:30,7368.11,7364.77,7367.99,3.34,0.12,-3.22,51.31,12.444,95.58,501.49,0.073,-36.8
2026-06-25,14:35,7371.61,7365.43,7368.13,6.18,3.48,-2.71,52.92,12.279,95.58,504.99,0.066,-33.3
2026-06-25,14:40,7367.7,7365.64,7368.12,2.06,-0.42,-2.47,50.89,11.799,95.58,508.9,0.073,-37.21
2026-06-25,14:45,7363.92,7365.48,7367.95,-1.56,-4.03,-2.47,48.94,11.816,95.58,512.68,0.08,-40.99
2026-06-25,14:50,7365.31,7365.46,7367.85,-0.15,-2.54,-2.39,49.7,11.592,95.58,514.07,0.077,-39.6
2026-06-25,14:55,7366.14,7365.53,7367.78,0.61,-1.64,-2.25,50.18,11.109,95.58,514.9,0.075,-38.77
2026-06-25,15:00,7357.73,7364.78,7367.39,-7.05,-9.66,-2.6,45.45,11.114,95.58,523.31,0.09,-47.18
2026-06-25,15:05,7358.91,7364.22,7367.05,-5.31,-8.14,-2.83,46.22,10.625,95.58,524.49,0.088,-46.0
2026-06-25,15:10,7352.3,7363.09,7366.48,-10.79,-14.18,-3.39,42.61,10.472,95.58,531.1,0.099,-52.61
2026-06-25,15:15,7350.32,7361.87,7365.84,-11.55,-15.52,-3.97,41.56,10.22,95.58,533.08,0.102,-54.59
2026-06-25,15:20,7353.65,7361.09,7365.36,-7.44,-11.71,-4.27,44.05,9.918,95.58,536.41,0.096,-51.26
2026-06-25,15:25,7352.54,7360.28,7364.86,-7.74,-12.32,-4.59,43.39,9.777,95.58,537.52,0.097,-52.37
2026-06-25,15:30,7350.05,7359.3,7364.28,-9.25,-14.23,-4.98,41.87,9.566,95.58,540.01,0.102,-54.86
2026-06-25,15:35,7348.29,7358.25,7363.65,-9.96,-15.36,-5.4,40.78,9.241,95.58,541.77,0.105,-56.62
2026-06-25,15:40,7347.61,7357.24,7363.02,-9.63,-15.41,-5.78,40.34,9.014,95.58,542.45,0.106,-57.3
2026-06-25,15:45,7344.72,7356.05,7362.31,-11.33,-17.59,-6.26,38.45,8.813,95.58,545.34,0.11,-60.19
2026-06-25,15:50,7353.15,7355.77,7361.95,-2.62,-8.8,-6.18,46.33,9.059,95.58,553.77,0.093,-51.76
2026-06-25,15:55,7357.17,7355.9,7361.76,1.27,-4.59,-5.86,49.65,9.113,95.58,557.79,0.086,-47.74
2026-06-26,09:30,7303.89,,,,,,,,26.37,0.0,,-8.85
2026-06-26,09:35,7308.63,,,,,,,,26.37,4.74,0.867,-4.11
2026-06-26,09:40,7318.61,,,,,,,,27.21,14.72,0.399,5.87
2026-06-26,09:45,7314.8,,,,,,,,30.75,18.53,0.111,2.06
2026-06-26,09:50,7319.73,,,,,,,,30.75,23.46,0.298,6.99
2026-06-26,09:55,7335.27,,,,,,,,45.7,39.0,0.578,22.53
2026-06-26,10:00,7348.95,,,,,,,,56.18,52.68,0.687,36.21
2026-06-26,10:05,7357.74,,,,,,,,64.64,61.47,0.732,45.0
2026-06-26,10:10,7359.93,,,,,,,,67.16,63.66,0.741,47.19
2026-06-26,10:15,7353.59,,,,,,,,68.86,70.0,0.584,40.85
2026-06-26,10:20,7362.92,,,,,,,,75.73,79.33,0.633,50.18
2026-06-26,10:25,7361.98,,,,,,,,75.73,80.27,0.613,49.24
2026-06-26,10:30,7361.1,,,,,,,,75.73,81.15,0.596,48.36
2026-06-26,10:35,7349.07,,,,,,,,75.73,93.18,0.39,36.33
2026-06-26,10:40,7348.68,,,,,,73.93,13.207,75.73,93.57,0.384,35.94
2026-06-26,10:45,7357.37,,,,,,76.3,13.204,75.73,102.26,0.436,44.63
2026-06-26,10:50,7352.06,,,,,,72.0,12.981,75.73,107.57,0.366,39.32
2026-06-26,10:55,7352.13,,,,,,72.02,12.79,75.73,107.64,0.366,39.39
2026-06-26,11:00,7354.77,,,,,,72.9,12.518,75.73,110.28,0.381,42.03
2026-06-26,11:05,7357.98,7343.96,,14.02,,,73.97,12.24,75.73,113.49,0.399,45.24
2026-06-26,11:10,7348.2,7344.36,,3.84,,,65.46,12.209,75.73,123.27,0.288,35.46
2026-06-26,11:15,7357.88,7345.65,,12.23,,,69.24,12.398,75.73,132.95,0.34,45.14
2026-06-26,11:20,7365.38,7347.53,,17.85,,,71.81,12.216,75.73,140.45,0.375,52.64
2026-06-26,11:25,7374.04,7350.05,,23.99,,,74.46,12.048,79.86,149.11,0.411,61.3
2026-06-26,11:30,7372.83,7352.22,,20.61,,,73.42,12.034,89.54,150.32,0.4,60.09
2026-06-26,11:35,7385.56,7355.4,,30.16,,,77.05,12.177,92.67,163.05,0.447,72.82
2026-06-26,11:40,7390.11,7358.7,,31.41,,,78.2,11.996,98.77,167.6,0.462,77.37
2026-06-26,11:45,7383.47,7361.06,,22.41,,,72.5,11.782,98.77,174.24,0.406,70.73
2026-06-26,11:50,7373.51,7362.25,,11.26,,,64.88,12.239,98.77,184.2,0.33,60.77
2026-06-26,11:55,7381.63,7364.09,,17.54,,,67.85,12.341,98.77,192.32,0.358,68.89
2026-06-26,12:00,7381.31,7365.73,,15.58,,,67.6,11.77,98.77,192.64,0.356,68.57
2026-06-26,12:05,7370.18,7366.16,,4.02,,,59.62,11.787,98.77,203.77,0.282,57.44
2026-06-26,12:10,7369.26,7366.45,,2.81,,,59.0,11.363,98.77,204.69,0.276,56.52
2026-06-26,12:15,7367.86,7366.59,,1.27,,,58.01,11.123,98.77,206.09,0.267,55.12
2026-06-26,12:20,7361.24,7366.08,,-4.84,,,53.45,11.238,98.77,212.71,0.228,48.5
2026-06-26,12:25,7361.52,7365.64,,-4.12,,,53.61,10.765,98.77,212.99,0.229,48.78
2026-06-26,12:30,7373.93,7366.43,,7.5,,,60.37,10.919,98.77,225.4,0.271,61.19
2026-06-26,12:35,7371.61,7366.93,,4.68,,,58.65,10.492,98.77,227.72,0.259,58.87
2026-06-26,12:40,7368.42,7367.07,,1.35,,,56.28,10.108,98.77,230.91,0.241,55.68
2026-06-26,12:45,7371.07,7367.45,,3.62,,,57.8,9.697,98.77,233.56,0.25,58.33
2026-06-26,12:50,7374.05,7368.08,,5.97,,,59.52,9.408,98.77,236.54,0.259,61.31
2026-06-26,12:55,7372.26,7368.48,,3.78,,,57.99,8.966,98.77,238.33,0.25,59.52
2026-06-26,13:00,7376.61,7369.25,,7.36,,,60.63,8.968,98.77,242.68,0.263,63.87
2026-06-26,13:05,7384.21,7370.68,,13.53,,,64.79,8.94,98.77,250.28,0.286,71.47
2026-06-26,13:10,7378.43,7371.41,,7.02,,,59.63,8.934,98.77,256.06,0.257,65.69
2026-06-26,13:15,7371.8,7371.45,,0.35,,,54.29,8.869,98.77,262.69,0.225,59.06
2026-06-26,13:20,7368.15,7371.14,,-2.99,,,51.55,8.685,98.77,266.34,0.208,55.41
2026-06-26,13:25,7375.14,7371.52,,3.62,,,56.12,8.844,98.77,273.33,0.228,62.4
2026-06-26,13:30,7374.26,7371.78,,2.48,,,55.41,8.818,98.77,274.21,0.224,61.52
2026-06-26,13:35,7367.8,7371.4,7361.02,-3.6,6.78,10.38,50.39,8.667,98.77,280.67,0.196,55.06
2026-06-26,13:40,7370.32,7371.3,7361.38,-0.98,8.94,9.91,52.21,8.638,98.77,283.19,0.203,57.58
2026-06-26,13:45,7366.26,7370.82,7361.57,-4.56,4.69,9.24,49.08,8.41,98.77,287.25,0.186,53.52
2026-06-26,13:50,7368.6,7370.61,7361.85,-2.01,6.75,8.76,50.91,8.167,98.77,289.59,0.193,55.86
2026-06-26,13:55,7364.51,7370.03,7361.95,-5.52,2.56,8.07,47.69,8.034,98.77,293.68,0.176,51.77
2026-06-26,14:00,7370.05,7370.03,7362.27,0.02,7.78,7.76,52.1,7.967,98.77,299.22,0.192,57.31
2026-06-26,14:05,7369.88,7370.01,7362.57,-0.13,7.31,7.44,51.96,7.779,98.77,299.39,0.191,57.14
2026-06-26,14:10,7367.65,7369.79,7362.77,-2.14,4.88,7.02,50.0,7.604,98.77,301.62,0.182,54.91
2026-06-26,14:15,7361.63,7369.01,7362.72,-7.38,-1.09,6.29,45.05,7.725,98.77,307.64,0.159,48.89
2026-06-26,14:20,7362.82,7368.42,7362.73,-5.6,0.09,5.69,46.18,7.454,98.77,308.83,0.162,50.08
2026-06-26,14:25,7355.99,7367.24,7362.46,-11.25,-6.47,4.77,40.96,7.583,98.77,315.66,0.137,43.25
2026-06-26,14:30,7362.49,7366.79,7362.47,-4.3,0.02,4.32,47.09,7.664,98.77,322.16,0.154,49.75
2026-06-26,14:35,7356.68,7365.82,7362.24,-9.14,-5.56,3.59,42.81,7.616,98.77,327.97,0.134,43.94
2026-06-26,14:40,7356.38,7364.92,7362.01,-8.54,-5.63,2.92,42.6,7.353,98.77,328.27,0.133,43.64
2026-06-26,14:45,7348.06,7363.32,7361.46,-15.26,-13.4,1.86,37.03,7.62,98.77,336.59,0.105,35.32
2026-06-26,14:50,7345.42,7361.61,7360.83,-16.19,-15.41,0.78,35.45,7.364,98.77,339.23,0.096,32.68
2026-06-26,14:55,7343.76,7359.91,7360.16,-16.15,-16.4,-0.25,34.45,7.46,98.77,340.89,0.091,31.02
2026-06-26,15:00,7342.74,7358.28,7359.48,-15.54,-16.74,-1.2,33.82,7.329,98.77,341.91,0.088,30.0
2026-06-26,15:05,7351.51,7357.63,7359.17,-6.12,-7.66,-1.53,43.4,7.578,98.77,350.68,0.111,38.77
2026-06-26,15:10,7355.98,7357.48,7359.04,-1.5,-3.06,-1.57,47.56,7.564,98.77,355.15,0.122,43.24
2026-06-26,15:15,7355.56,7357.29,7358.91,-1.73,-3.35,-1.61,47.21,7.368,98.77,355.57,0.12,42.82
2026-06-26,15:20,7350.25,7356.62,7358.57,-6.37,-8.32,-1.94,42.89,7.633,98.77,360.88,0.104,37.51
2026-06-26,15:25,7349.41,7355.94,7358.21,-6.53,-8.8,-2.27,42.24,7.35,98.77,361.72,0.101,36.67
2026-06-26,15:30,7354.73,7355.82,7358.07,-1.09,-3.34,-2.25,47.71,7.553,98.77,367.04,0.114,41.99
2026-06-26,15:35,7350.58,7355.32,7357.78,-4.74,-7.2,-2.46,44.19,7.361,98.77,371.19,0.102,37.84
2026-06-26,15:40,7360.16,7355.78,7357.87,4.38,2.29,-2.09,52.83,7.594,98.77,380.77,0.125,47.42
2026-06-26,15:45,7358.2,7356.01,7357.88,2.19,0.32,-1.87,51.09,7.86,98.77,382.73,0.119,45.46
2026-06-26,15:50,7359.64,7356.36,7357.95,3.28,1.69,-1.59,52.33,8.146,98.77,384.17,0.122,46.9
2026-06-26,15:55,7337.81,7354.59,7357.16,-16.78,-19.35,-2.57,36.98,9.443,98.77,406.0,0.062,25.07
2026-06-29,09:30,7416.37,,,,,,,,32.51,0.0,,24.49
2026-06-29,09:35,7409.24,,,,,,,,32.51,7.13,2.435,17.36
2026-06-29,09:40,7420.88,,,,,,,,36.61,18.77,1.545,29.0
2026-06-29,09:45,7417.64,,,,,,,,42.39,22.01,1.17,25.76
2026-06-29,09:50,7418.66,,,,,,,,42.99,23.03,1.163,26.78
2026-06-29,09:55,7397.32,,,,,,,,42.99,44.37,0.123,5.44
2026-06-29,10:00,7389.55,,,,,,,,42.99,52.14,0.045,-2.33
2026-06-29,10:05,7379.99,,,,,,,,52.15,61.7,0.193,-11.89
2026-06-29,10:10,7355.44,,,,,,,,72.36,86.25,0.422,-36.44
2026-06-29,10:15,7365.28,,,,,,,,78.92,96.09,0.277,-26.6
2026-06-29,10:20,7370.46,,,,,,,,78.92,101.27,0.212,-21.42
2026-06-29,10:25,7390.62,,,,,,,,78.92,121.43,0.01,-1.26
2026-06-29,10:30,7404.18,,,,,,,,78.92,134.99,0.091,12.3
2026-06-29,10:35,7400.35,,,,,,,,78.92,138.82,0.061,8.47
2026-06-29,10:40,7400.36,,,,,,44.23,15.721,78.92,138.83,0.061,8.48
2026-06-29,10:45,7396.47,,,,,,42.94,15.452,78.92,142.72,0.032,4.59
2026-06-29,10:50,7409.28,,,,,,48.31,15.496,78.92,155.53,0.112,17.4
2026-06-29,10:55,7407.84,,,,,,47.76,14.978,78.92,156.97,0.102,15.96
2026-06-29,11:00,7402.21,,,,,,45.6,14.515,78.92,162.6,0.064,10.33
2026-06-29,11:05,7400.86,7397.65,,3.21,,,45.07,13.855,78.92,163.95,0.055,8.98
2026-06-29,11:10,7403.59,7398.22,,5.37,,,46.42,13.538,78.92,166.68,0.07,11.71
2026-06-29,11:15,7398.99,7398.29,,0.7,,,44.44,13.143,78.92,171.28,0.042,7.11
2026-06-29,11:20,7395.97,7398.07,,-2.1,,,43.14,12.917,78.92,174.3,0.023,4.09
2026-06-29,11:25,7406.85,7398.9,,7.95,,,48.94,12.876,78.92,185.18,0.081,14.97
2026-06-29,11:30,7405.59,7399.54,,6.05,,,48.33,12.249,78.92,186.44,0.074,13.71
2026-06-29,11:35,7408.55,7400.4,,8.15,,,49.92,11.998,78.92,189.4,0.088,16.67
2026-06-29,11:40,7412.72,7401.57,,11.15,,,52.15,11.617,78.92,193.57,0.108,20.84
2026-06-29,11:45,7407.32,7402.12,,5.2,,,49.1,11.239,78.92,198.97,0.078,15.44
2026-06-29,11:50,7409.19,7402.79,,6.4,,,50.19,10.7,78.92,200.84,0.086,17.31
2026-06-29,11:55,7413.38,7403.8,,9.58,,,52.63,10.425,78.92,205.03,0.105,21.5
2026-06-29,12:00,7417.85,7405.14,,12.71,,,55.16,10.003,78.92,209.5,0.124,25.97
2026-06-29,12:05,7416.25,7406.2,,10.05,,,54.05,9.574,78.92,211.1,0.115,24.37
2026-06-29,12:10,7413.57,7406.9,,6.67,,,52.15,9.248,78.92,213.78,0.101,21.69
2026-06-29,12:15,7414.31,7407.61,,6.7,,,52.64,8.826,78.92,214.52,0.105,22.43
2026-06-29,12:20,7416.57,7408.46,,8.11,,,54.2,8.496,78.92,216.78,0.114,24.69
2026-06-29,12:25,7412.32,7408.83,,3.49,,,50.82,8.293,78.92,221.03,0.092,20.44
2026-06-29,12:30,7410.06,7408.94,,1.12,,,49.07,8.062,78.92,223.29,0.081,18.18
2026-06-29,12:35,7412.99,7409.33,,3.66,,,51.41,7.811,78.92,226.22,0.093,21.11
2026-06-29,12:40,7413.8,7409.76,,4.04,,,52.06,7.449,78.92,227.03,0.097,21.92
2026-06-29,12:45,7413.97,7410.16,,3.81,,,52.21,7.232,78.92,227.2,0.097,22.09
2026-06-29,12:50,7417.82,7410.89,,6.93,,,55.51,7.088,78.92,231.05,0.112,25.94
2026-06-29,12:55,7416.1,7411.38,,4.72,,,53.72,6.761,78.92,232.77,0.104,24.22
2026-06-29,13:00,7418.81,7412.09,,6.72,,,56.12,6.527,78.92,235.48,0.114,26.93
2026-06-29,13:05,7422.15,7413.05,,9.1,,,58.93,6.362,78.92,238.82,0.127,30.27
2026-06-29,13:10,7428.75,7414.54,,14.21,,,63.87,6.506,81.59,245.42,0.15,36.87
2026-06-29,13:15,7430.12,7416.03,,14.09,,,64.82,6.249,82.34,246.79,0.155,38.24
2026-06-29,13:20,7424.33,7416.82,,7.51,,,57.92,6.382,83.17,252.58,0.128,32.45
2026-06-29,13:25,7430.68,7418.14,,12.54,,,62.62,6.464,83.17,258.93,0.15,38.8
2026-06-29,13:30,7431.76,7419.44,,12.32,,,63.37,6.449,86.38,260.01,0.153,39.88
2026-06-29,13:35,7432.0,7420.63,7408.19,11.37,23.81,12.45,63.54,6.259,86.38,260.25,0.154,40.12
2026-06-29,13:40,7432.19,7421.73,7409.13,10.46,23.06,12.6,63.69,5.937,86.38,260.44,0.155,40.31
2026-06-29,13:45,7433.9,7422.89,7410.1,11.01,23.8,12.79,65.06,5.809,86.38,262.15,0.16,42.02
2026-06-29,13:50,7434.56,7424.0,7411.06,10.56,23.5,12.94,65.6,5.677,87.93,262.81,0.162,42.68
2026-06-29,13:55,7433.15,7424.87,7411.93,8.28,21.22,12.95,63.35,5.639,87.93,264.22,0.156,41.27
2026-06-29,14:00,7435.11,7425.85,7412.83,9.26,22.28,13.01,65.14,5.546,87.93,266.18,0.162,43.23
2026-06-29,14:05,7434.07,7426.63,7413.67,7.44,20.4,12.96,63.37,5.374,87.93,267.22,0.158,42.19
2026-06-29,14:10,7435.12,7427.44,7414.51,7.68,20.61,12.93,64.42,5.176,87.93,268.27,0.161,43.24
2026-06-29,14:15,7433.24,7427.99,7415.24,5.25,18.0,12.75,61.04,4.977,87.93,270.15,0.153,41.36
2026-06-29,14:20,7432.62,7428.43,7415.92,4.19,16.7,12.51,59.92,4.889,87.93,270.77,0.15,40.74
2026-06-29,14:25,7430.54,7428.63,7416.5,1.91,14.04,12.14,56.21,4.725,87.93,272.85,0.142,38.66
2026-06-29,14:30,7435.05,7429.25,7417.23,5.8,17.82,12.02,61.75,4.772,87.93,277.36,0.156,43.17
2026-06-29,14:35,7436.29,7429.92,7417.97,6.37,18.32,11.94,63.13,4.702,89.18,278.6,0.159,44.41
2026-06-29,14:40,7438.75,7430.76,7418.79,7.99,19.96,11.97,65.77,4.634,90.61,281.06,0.167,46.87
2026-06-29,14:45,7438.79,7431.52,7419.57,7.27,19.22,11.95,65.81,4.506,91.76,281.1,0.167,46.91
2026-06-29,14:50,7438.15,7432.15,7420.3,6.0,17.85,11.85,64.42,4.403,91.76,281.74,0.164,46.27
2026-06-29,14:55,7436.11,7432.53,7420.92,3.58,15.19,11.61,60.07,4.331,91.76,283.78,0.156,44.23
2026-06-29,15:00,7434.68,7432.74,7421.46,1.94,13.22,11.27,57.15,4.376,91.76,285.21,0.15,42.8
2026-06-29,15:05,7436.99,7433.14,7422.07,3.85,14.92,11.07,60.49,4.397,91.76,287.52,0.157,45.11
2026-06-29,15:10,7435.11,7433.33,7422.58,1.78,12.53,10.75,56.62,4.257,91.76,289.4,0.149,43.23
2026-06-29,15:15,7436.05,7433.59,7423.11,2.46,12.94,10.48,58.06,4.228,91.76,290.34,0.152,44.17
2026-06-29,15:20,7439.11,7434.11,7423.74,5.0,15.37,10.38,62.44,4.26,91.76,293.4,0.161,47.23
2026-06-29,15:25,7437.76,7434.46,7424.29,3.3,13.47,10.17,59.49,4.08,91.76,294.75,0.156,45.88
2026-06-29,15:30,7433.79,7434.4,7424.66,-0.61,9.13,9.74,51.74,4.137,91.76,298.72,0.14,41.91
2026-06-29,15:35,7436.7,7434.62,7425.13,2.08,11.57,9.48,56.24,4.089,91.76,301.63,0.149,44.82
2026-06-29,15:40,7435.22,7434.67,7425.53,0.55,9.69,9.15,53.51,4.152,91.76,303.11,0.143,43.34
2026-06-29,15:45,7437.21,7434.92,7425.99,2.29,11.22,8.93,56.57,4.023,91.76,305.1,0.149,45.33
2026-06-29,15:50,7432.32,7434.67,7426.23,-2.35,6.09,8.43,48.19,4.134,91.76,309.99,0.13,40.44
2026-06-29,15:55,7439.26,7435.11,7426.74,4.15,12.52,8.36,57.75,4.697,95.44,316.93,0.149,47.38
2026-06-30,09:30,7442.06,,,,,,,,11.7,0.0,,0.79
2026-06-30,09:35,7442.69,,,,,,,,11.88,0.63,2.254,1.42
2026-06-30,09:40,7447.56,,,,,,,,12.31,5.5,1.144,6.29
2026-06-30,09:45,7448.83,,,,,,,,12.93,6.77,1.117,7.56
2026-06-30,09:50,7460.38,,,,,,,,25.2,18.32,1.043,19.11
2026-06-30,09:55,7467.55,,,,,,,,29.55,25.49,1.031,26.28
2026-06-30,10:00,7473.07,,,,,,,,35.03,31.01,1.025,31.8
2026-06-30,10:05,7462.99,,,,,,,,35.37,41.09,0.529,21.72
2026-06-30,10:10,7463.45,,,,,,,,35.37,41.55,0.534,22.18
2026-06-30,10:15,7463.65,,,,,,,,35.37,41.75,0.536,22.38
2026-06-30,10:20,7471.29,,,,,,,,35.37,49.39,0.608,30.02
2026-06-30,10:25,7472.21,,,,,,,,35.37,50.31,0.615,30.94
2026-06-30,10:30,7480.2,,,,,,,,42.16,58.3,0.668,38.93
2026-06-30,10:35,7473.27,,,,,,,,42.67,65.23,0.491,32.0
2026-06-30,10:40,7476.0,,,,,,74.97,9.071,42.67,67.96,0.511,34.73
2026-06-30,10:45,7466.27,,,,,,64.96,9.211,42.67,77.69,0.322,25.0
2026-06-30,10:50,7461.38,,,,,,60.58,9.201,42.67,82.58,0.244,20.11
2026-06-30,10:55,7461.44,,,,,,60.61,9.084,42.67,82.64,0.244,20.17
2026-06-30,11:00,7469.68,,,,,,65.19,9.183,42.67,90.88,0.313,28.41
2026-06-30,11:05,7472.53,7463.82,,8.7,,,66.64,9.004,42.67,93.73,0.334,31.26
2026-06-30,11:10,7476.19,7465.0,,11.19,,,68.45,8.813,42.67,97.39,0.359,34.92
2026-06-30,11:15,7473.94,7465.85,,8.09,,,66.07,8.514,42.67,99.64,0.328,32.67
2026-06-30,11:20,7479.42,7467.15,,12.27,,,68.91,8.377,42.67,105.12,0.363,38.15
2026-06-30,11:25,7480.84,7468.45,,12.39,,,69.61,8.002,43.53,106.54,0.371,39.57
2026-06-30,11:30,7482.44,7469.78,,12.66,,,70.43,7.705,44.57,108.14,0.381,41.17
2026-06-30,11:35,7477.93,7470.56,,7.37,,,65.12,7.553,44.6,112.65,0.325,36.66
2026-06-30,11:40,7478.61,7471.33,,7.28,,,65.54,7.308,44.6,113.33,0.329,37.34
2026-06-30,11:45,7482.72,7472.41,,10.31,,,68.06,7.235,46.85,117.44,0.353,41.45
2026-06-30,11:50,7485.64,7473.67,,11.97,,,69.75,7.016,47.62,120.36,0.369,44.37
2026-06-30,11:55,7486.05,7474.85,,11.2,,,69.99,6.735,49.85,120.77,0.371,44.78
2026-06-30,12:00,7488.44,7476.14,,12.3,,,71.41,6.523,51.46,123.16,0.383,47.17
2026-06-30,12:05,7488.66,7477.34,,11.32,,,71.54,6.315,53.73,123.38,0.384,47.39
2026-06-30,12:10,7490.93,7478.63,,12.3,,,72.95,6.042,53.73,125.65,0.395,49.66
2026-06-30,12:15,7492.38,7479.94,,12.44,,,73.84,5.872,55.66,127.1,0.402,51.11
2026-06-30,12:20,7492.58,7481.14,,11.44,,,73.97,5.642,55.66,127.3,0.403,51.31
2026-06-30,12:25,7491.12,7482.09,,9.03,,,71.24,5.41,55.66,128.76,0.387,49.85
2026-06-30,12:30,7490.47,7482.89,,7.58,,,70.01,5.246,55.66,129.41,0.38,49.2
2026-06-30,12:35,7491.95,7483.75,,8.2,,,71.23,5.028,55.66,130.89,0.387,50.68
2026-06-30,12:40,7493.2,7484.65,,8.55,,,72.26,4.839,56.09,132.14,0.393,51.93
2026-06-30,12:45,7496.49,7485.78,,10.71,,,74.82,4.741,58.63,135.43,0.408,55.22
2026-06-30,12:50,7498.11,7486.96,,11.15,,,75.99,4.676,60.83,137.05,0.415,56.84
2026-06-30,12:55,7495.93,7487.81,,8.12,,,71.19,4.619,60.83,139.23,0.393,54.66
2026-06-30,13:00,7498.49,7488.83,,9.66,,,73.32,4.554,61.56,141.79,0.404,57.22
2026-06-30,13:05,7497.29,7489.63,,7.66,,,70.68,4.371,61.56,142.99,0.392,56.02
2026-06-30,13:10,7494.48,7490.09,,4.39,,,64.79,4.296,61.56,145.8,0.365,53.21
2026-06-30,13:15,7494.88,7490.55,,4.33,,,65.24,4.121,61.56,146.2,0.367,53.61
2026-06-30,13:20,7495.35,7491.01,,4.34,,,65.78,4.015,61.56,146.67,0.369,54.08
2026-06-30,13:25,7493.2,7491.22,,1.98,,,61.06,3.991,61.56,148.82,0.349,51.93
2026-06-30,13:30,7494.4,7491.52,,2.88,,,62.67,3.957,61.56,150.02,0.354,53.13
2026-06-30,13:35,7490.18,7491.39,7478.98,-1.21,11.2,12.42,54.18,4.034,61.56,154.24,0.317,48.91
2026-06-30,13:40,7494.11,7491.65,7479.57,2.46,14.54,12.08,59.66,4.087,61.56,158.17,0.334,52.84
2026-06-30,13:45,7491.67,7491.65,7480.04,0.02,11.63,11.61,55.24,4.029,61.56,160.61,0.314,50.4
2026-06-30,13:50,7492.82,7491.76,7480.55,1.06,12.27,11.22,56.86,3.942,61.56,161.76,0.319,51.55
2026-06-30,13:55,7492.68,7491.85,7481.02,0.83,11.66,10.83,56.6,3.769,61.56,161.9,0.318,51.41
2026-06-30,14:00,7494.55,7492.11,7481.55,2.44,13.0,10.56,59.36,3.831,61.56,163.77,0.325,53.28
2026-06-30,14:05,7494.98,7492.38,7482.08,2.6,12.9,10.3,59.99,3.901,61.56,164.2,0.327,53.71
2026-06-30,14:10,7495.89,7492.72,7482.62,3.17,13.27,10.1,61.36,3.766,61.56,165.11,0.331,54.62
2026-06-30,14:15,7497.72,7493.19,7483.21,4.53,14.51,9.98,64.02,3.701,61.56,166.94,0.338,56.45
2026-06-30,14:20,7496.94,7493.55,7483.75,3.39,13.19,9.8,62.06,3.598,61.56,167.72,0.332,55.67
2026-06-30,14:25,7495.77,7493.76,7484.22,2.01,11.55,9.54,59.13,3.527,61.56,168.89,0.323,54.5
2026-06-30,14:30,7495.26,7493.9,7484.65,1.36,10.61,9.25,57.85,3.435,61.56,169.4,0.319,53.99
2026-06-30,14:35,7495.13,7494.02,7485.07,1.11,10.06,8.95,57.51,3.344,61.56,169.53,0.318,53.86
2026-06-30,14:40,7498.21,7494.42,7485.58,3.79,12.63,8.84,63.08,3.374,61.56,172.61,0.33,56.94
2026-06-30,14:45,7501.27,7495.07,7486.2,6.2,15.07,8.88,67.62,3.464,63.34,175.67,0.342,60.0
2026-06-30,14:50,7499.16,7495.46,7486.7,3.7,12.46,8.76,61.96,3.518,64.61,177.78,0.326,57.89
2026-06-30,14:55,7499.85,7495.88,7487.22,3.97,12.63,8.66,63.05,3.432,64.61,178.47,0.328,58.58
2026-06-30,15:00,7500.85,7496.35,7487.75,4.5,13.1,8.6,64.63,3.348,64.61,179.47,0.332,59.58
2026-06-30,15:05,7503.46,7497.03,7488.37,6.43,15.09,8.66,68.42,3.398,65.95,182.08,0.342,62.19
2026-06-30,15:10,7505.34,7497.82,7489.04,7.52,16.3,8.79,70.85,3.397,67.52,183.96,0.348,64.07
2026-06-30,15:15,7504.31,7498.44,7489.63,5.87,14.68,8.8,67.78,3.449,70.25,184.99,0.341,63.04
2026-06-30,15:20,7504.72,7499.04,7490.23,5.68,14.49,8.81,68.37,3.413,70.25,185.4,0.342,63.45
2026-06-30,15:25,7502.52,7499.37,7490.71,3.15,11.81,8.66,61.84,3.415,70.25,187.6,0.326,61.25
2026-06-30,15:30,7499.79,7499.41,7491.06,0.38,8.73,8.34,54.85,3.404,70.25,190.33,0.307,58.52
2026-06-30,15:35,7498.09,7499.28,7491.34,-1.19,6.75,7.94,50.98,3.451,70.25,192.03,0.296,56.82
2026-06-30,15:40,7499.56,7499.31,7491.66,0.25,7.9,7.65,54.0,3.41,70.25,193.5,0.301,58.29
2026-06-30,15:45,7497.43,7499.13,7491.89,-1.7,5.54,7.24,49.26,3.49,70.25,195.63,0.287,56.16
2026-06-30,15:50,7502.82,7499.48,7492.32,3.34,10.5,7.16,59.05,3.818,70.25,201.02,0.306,61.55
2026-06-30,15:55,7496.31,7499.18,7492.47,-2.87,3.84,6.71,47.21,4.437,70.25,207.53,0.265,55.04
2026-07-01,09:30,7450.81,,,,,,,,29.11,0.0,,-28.03
2026-07-01,09:35,7457.56,,,,,,,,29.61,6.75,3.153,-21.28
2026-07-01,09:40,7458.75,,,,,,,,29.61,7.94,2.53,-20.09
2026-07-01,09:45,7463.95,,,,,,,,29.61,13.14,1.133,-14.89
2026-07-01,09:50,7474.36,,,,,,,,29.61,23.55,0.19,-4.48
2026-07-01,09:55,7480.52,,,,,,,,31.14,29.71,0.057,1.68
2026-07-01,10:00,7481.55,,,,,,,,34.04,30.74,0.088,2.71
2026-07-01,10:05,7488.4,,,,,,,,41.11,37.59,0.254,9.56
2026-07-01,10:10,7493.52,,,,,,,,46.91,42.71,0.344,14.68
2026-07-01,10:15,7494.77,,,,,,,,46.91,43.96,0.362,15.93
2026-07-01,10:20,7495.67,,,,,,,,48.19,44.86,0.375,16.83
2026-07-01,10:25,7496.12,,,,,,,,48.58,45.31,0.381,17.28
2026-07-01,10:30,7490.56,,,,,,,,48.58,50.87,0.23,11.72
2026-07-01,10:35,7496.25,,,,,,,,48.58,56.56,0.308,17.41
2026-07-01,10:40,7493.86,,,,,,86.51,8.169,48.58,58.95,0.255,15.02
2026-07-01,10:45,7491.91,,,,,,83.54,8.261,48.58,60.9,0.215,13.07
2026-07-01,10:50,7495.29,,,,,,84.53,8.181,49.04,64.28,0.256,16.45
2026-07-01,10:55,7497.07,,,,,,85.04,8.051,49.04,66.06,0.276,18.23
2026-07-01,11:00,7505.18,,,,,,87.13,8.213,57.05,74.17,0.355,26.34
2026-07-01,11:05,7503.94,7485.5,,18.44,,,85.17,8.138,58.13,75.41,0.333,25.1
2026-07-01,11:10,7508.32,7487.68,,20.64,,,86.34,8.025,58.79,79.79,0.369,29.48
2026-07-01,11:15,7512.38,7490.03,,22.35,,,87.34,7.834,63.53,83.85,0.4,33.54
2026-07-01,11:20,7515.97,7492.5,,23.47,,,88.16,7.695,68.56,87.44,0.425,37.13
2026-07-01,11:25,7520.64,7495.18,,25.46,,,89.15,7.56,71.48,92.11,0.454,41.8
2026-07-01,11:30,7513.98,7496.97,,17.01,,,79.03,7.518,71.48,98.77,0.356,35.14
2026-07-01,11:35,7513.38,7498.53,,14.85,,,78.17,7.322,71.48,99.37,0.348,34.54
2026-07-01,11:40,7514.96,7500.1,,14.86,,,78.82,7.11,71.48,100.95,0.358,36.12
2026-07-01,11:45,7511.87,7501.22,,10.65,,,74.14,6.946,71.48,104.04,0.317,33.03
2026-07-01,11:50,7512.21,7502.26,,9.95,,,74.32,6.801,71.48,104.38,0.32,33.37
2026-07-01,11:55,7515.41,7503.52,,11.89,,,76.02,6.673,71.48,107.58,0.34,36.57
2026-07-01,12:00,7515.58,7504.67,,10.91,,,76.11,6.545,71.48,107.75,0.341,36.74
2026-07-01,12:05,7515.83,7505.73,,10.1,,,76.25,6.345,71.48,108.0,0.342,36.99
2026-07-01,12:10,7518.26,7506.92,,11.34,,,77.64,6.145,71.48,110.43,0.357,39.42
2026-07-01,12:15,7518.03,7507.98,,10.05,,,77.18,5.919,71.48,110.66,0.354,39.19
2026-07-01,12:20,7519.98,7509.12,,10.86,,,78.35,5.846,72.18,112.61,0.365,41.14
2026-07-01,12:25,7517.08,7509.88,,7.2,,,72.4,5.726,72.18,115.51,0.331,38.24
2026-07-01,12:30,7518.17,7510.67,,7.5,,,73.23,5.478,72.18,116.6,0.337,39.33
2026-07-01,12:35,7513.29,7510.92,,2.37,,,64.02,5.437,72.18,121.48,0.284,34.45
2026-07-01,12:40,7513.81,7511.2,,2.61,,,64.53,5.339,72.18,122.0,0.287,34.97
2026-07-01,12:45,7511.35,7511.21,,0.14,,,60.17,5.236,72.18,124.46,0.261,32.51
2026-07-01,12:50,7509.05,7511.0,,-1.95,,,56.34,5.291,72.18,126.76,0.238,30.21
2026-07-01,12:55,7503.24,7510.26,,-7.02,,,48.02,5.441,72.18,132.57,0.184,24.4
2026-07-01,13:00,7502.45,7509.52,,-7.07,,,47.0,5.438,72.18,133.36,0.177,23.61
2026-07-01,13:05,7502.45,7508.85,,-6.4,,,47.0,5.418,72.18,133.36,0.177,23.61
2026-07-01,13:10,7505.66,7508.54,,-2.88,,,51.81,5.435,72.18,136.57,0.196,26.82
2026-07-01,13:15,7508.5,7508.54,,-0.04,,,55.64,5.329,72.18,139.41,0.213,29.66
2026-07-01,13:20,7510.15,7508.69,,1.46,,,57.75,5.083,72.18,141.06,0.222,31.31
2026-07-01,13:25,7506.71,7508.5,,-1.79,,,52.19,5.092,72.18,144.5,0.193,27.87
2026-07-01,13:30,7505.45,7508.21,,-2.76,,,50.28,5.073,72.18,145.76,0.183,26.61
2026-07-01,13:35,7506.87,7508.09,7501.42,-1.22,5.45,6.66,52.39,5.004,72.18,147.18,0.19,28.03
2026-07-01,13:40,7502.61,7507.56,7501.47,-4.95,1.14,6.1,46.07,5.012,72.18,151.44,0.157,23.77
2026-07-01,13:45,7501.64,7507.0,7501.47,-5.36,0.17,5.52,44.75,4.899,72.18,152.41,0.15,22.8
2026-07-01,13:50,7503.34,7506.65,7501.55,-3.31,1.79,5.1,47.59,4.867,72.18,154.11,0.159,24.5
2026-07-01,13:55,7499.26,7505.95,7501.46,-6.69,-2.2,4.49,42.0,4.838,72.18,158.19,0.129,20.42
2026-07-01,14:00,7504.64,7505.82,7501.58,-1.18,3.06,4.24,50.29,4.884,72.18,163.57,0.158,25.8
2026-07-01,14:05,7502.74,7505.53,7501.63,-2.79,1.11,3.9,47.7,4.812,72.18,165.47,0.144,23.9
2026-07-01,14:10,7498.14,7504.83,7501.49,-6.69,-3.35,3.33,42.05,4.829,72.18,170.07,0.113,19.3
2026-07-01,14:15,7499.56,7504.32,7501.42,-4.76,-1.86,2.91,44.24,4.839,72.18,171.49,0.121,20.72
2026-07-01,14:20,7501.41,7504.05,7501.42,-2.64,-0.01,2.63,47.06,4.693,72.18,173.34,0.13,22.57
2026-07-01,14:25,7498.8,7503.55,7501.31,-4.75,-2.51,2.23,43.71,4.636,72.18,175.95,0.113,19.96
2026-07-01,14:30,7499.7,7503.18,7501.25,-3.48,-1.55,1.93,45.16,4.508,72.18,176.85,0.118,20.86
2026-07-01,14:35,7500.16,7502.89,7501.21,-2.73,-1.05,1.69,45.92,4.4,72.18,177.31,0.12,21.32
2026-07-01,14:40,7498.9,7502.51,7501.12,-3.61,-2.22,1.4,44.1,4.285,72.18,178.57,0.112,20.06
2026-07-01,14:45,7496.6,7501.95,7500.94,-5.35,-4.34,1.01,40.92,4.311,72.18,180.87,0.098,17.76
2026-07-01,14:50,7491.85,7500.99,7500.58,-9.14,-8.73,0.4,35.25,4.381,72.18,185.62,0.07,13.01
2026-07-01,14:55,7495.92,7500.5,7500.4,-4.58,-4.48,0.1,42.59,4.4,72.18,189.69,0.09,17.08
2026-07-01,15:00,7500.75,7500.53,7500.41,0.22,0.34,0.11,49.85,4.472,72.18,194.52,0.113,21.91
2026-07-01,15:05,7504.52,7500.91,7500.57,3.61,3.95,0.33,54.67,4.45,72.18,198.29,0.13,25.68
2026-07-01,15:10,7501.02,7500.92,7500.59,0.1,0.43,0.33,49.88,4.465,72.18,201.79,0.11,22.18
2026-07-01,15:15,7501.85,7501.01,7500.64,0.84,1.21,0.37,50.97,4.379,72.18,202.62,0.114,23.01
2026-07-01,15:20,7502.74,7501.17,7500.72,1.57,2.02,0.45,52.18,4.244,72.18,203.51,0.117,23.9
2026-07-01,15:25,7497.54,7500.83,7500.6,-3.29,-3.06,0.23,45.17,4.377,72.18,208.71,0.09,18.7
2026-07-01,15:30,7499.49,7500.7,7500.56,-1.21,-1.07,0.14,47.99,4.324,72.18,210.66,0.098,20.65
2026-07-01,15:35,7496.19,7500.27,7500.38,-4.08,-4.19,-0.11,43.88,4.34,72.18,213.96,0.081,17.35
2026-07-01,15:40,7494.24,7499.7,7500.14,-5.46,-5.9,-0.45,41.61,4.303,72.18,215.91,0.071,15.4
2026-07-01,15:45,7492.44,7499.0,7499.84,-6.56,-7.4,-0.84,39.57,4.228,72.18,217.71,0.062,13.6
2026-07-01,15:50,7489.44,7498.09,7499.43,-8.65,-9.99,-1.34,36.38,4.524,72.18,220.71,0.048,10.6
2026-07-01,15:55,7485.02,7496.85,7498.87,-11.83,-13.85,-2.02,32.25,4.93,72.18,225.13,0.027,6.18
2026-07-02,09:30,7514.35,,,,,,,,20.38,0.0,,19.21
2026-07-02,09:35,7514.37,,,,,,,,24.88,0.02,961.5,19.23
2026-07-02,09:40,7526.21,,,,,,,,35.17,11.86,2.62,31.07
2026-07-02,09:45,7533.55,,,,,,,,40.75,19.2,2.001,38.41
2026-07-02,09:50,7534.03,,,,,,,,45.31,19.68,1.976,38.89
2026-07-02,09:55,7534.99,,,,,,,,45.31,20.64,1.931,39.85
2026-07-02,10:00,7535.75,,,,,,,,45.31,21.4,1.898,40.61
2026-07-02,10:05,7530.53,,,,,,,,45.31,26.62,1.329,35.39
2026-07-02,10:10,7537.47,,,,,,,,45.61,33.56,1.261,42.33
2026-07-02,10:15,7534.82,,,,,,,,45.61,36.21,1.096,39.68
2026-07-02,10:20,7523.66,,,,,,,,45.61,47.37,0.602,28.52
2026-07-02,10:25,7507.54,,,,,,,,45.61,63.49,0.195,12.4
2026-07-02,10:30,7510.01,,,,,,,,45.61,65.96,0.225,14.87
2026-07-02,10:35,7511.89,,,,,,,,45.61,67.84,0.247,16.75
2026-07-02,10:40,7495.35,,,,,,38.74,13.235,49.86,84.38,0.002,0.21
2026-07-02,10:45,7499.4,,,,,,41.75,13.273,50.49,88.43,0.048,4.26
2026-07-02,10:50,7492.35,,,,,,38.23,13.504,53.38,95.48,0.029,-2.79
2026-07-02,10:55,7503.85,,,,,,46.2,13.402,53.38,106.98,0.081,8.71
2026-07-02,11:00,7487.82,,,,,,38.7,13.699,53.38,123.01,0.06,-7.32
2026-07-02,11:05,7480.18,7515.41,,-35.23,,,35.73,14.28,71.77,130.65,0.115,-14.96
2026-07-02,11:10,7487.84,7512.78,,-24.94,,,40.65,14.303,71.77,138.31,0.053,-7.3
2026-07-02,11:15,7472.73,7508.97,,-36.24,,,34.96,14.598,71.77,153.42,0.146,-22.41
2026-07-02,11:20,7485.54,7506.74,,-21.2,,,42.33,14.715,71.77,166.23,0.058,-9.6
2026-07-02,11:25,7476.63,7503.87,,-27.24,,,39.02,14.429,71.77,175.14,0.106,-18.51
2026-07-02,11:30,7488.02,7502.36,,-14.34,,,44.95,14.393,71.77,186.53,0.038,-7.12
2026-07-02,11:35,7489.6,7501.14,,-11.54,,,45.74,13.851,71.77,188.11,0.029,-5.54
2026-07-02,11:40,7480.92,7499.22,,-18.3,,,42.17,13.721,71.77,196.79,0.072,-14.22
2026-07-02,11:45,7475.76,7496.98,,-21.22,,,40.16,13.381,71.77,201.95,0.096,-19.38
2026-07-02,11:50,7472.78,7494.68,,-21.9,,,39.0,13.023,73.17,204.93,0.109,-22.36
2026-07-02,11:55,7473.75,7492.69,,-18.94,,,39.61,12.718,73.17,205.9,0.104,-21.39
2026-07-02,12:00,7470.63,7490.58,,-19.95,,,38.29,12.638,76.48,209.02,0.117,-24.51
2026-07-02,12:05,7465.84,7488.23,,-22.39,,,36.28,12.331,76.48,213.81,0.137,-29.3
2026-07-02,12:10,7472.35,7486.72,,-14.37,,,40.82,12.087,76.48,220.32,0.103,-22.79
2026-07-02,12:15,7467.98,7484.93,,-16.95,,,38.82,11.704,76.48,224.69,0.121,-27.16
2026-07-02,12:20,7462.1,7482.76,,-20.66,,,36.25,11.339,79.26,230.57,0.143,-33.04
2026-07-02,12:25,7462.04,7480.78,,-18.74,,,36.22,10.948,79.63,230.63,0.144,-33.1
2026-07-02,12:30,7455.18,7478.35,,-23.17,,,33.25,10.741,85.78,237.49,0.168,-39.96
2026-07-02,12:35,7453.28,7475.96,,-22.68,,,32.45,10.601,91.94,239.39,0.175,-41.86
2026-07-02,12:40,7459.71,7474.41,,-14.7,,,37.87,10.339,91.94,245.82,0.144,-35.43
2026-07-02,12:45,7456.45,7472.7,,-16.25,,,36.28,9.959,91.94,249.08,0.155,-38.69
2026-07-02,12:50,7455.48,7471.06,,-15.58,,,35.8,9.797,91.94,250.05,0.159,-39.66
2026-07-02,12:55,7448.71,7468.93,,-20.22,,,32.55,9.827,95.49,256.82,0.181,-46.43
2026-07-02,13:00,7435.86,7465.78,,-29.92,,,27.46,10.266,107.4,269.67,0.22,-59.28
2026-07-02,13:05,7442.01,7463.52,,-21.51,,,32.87,10.582,109.05,275.82,0.193,-53.13
2026-07-02,13:10,7444.21,7461.68,,-17.47,,,34.75,10.301,109.05,278.02,0.183,-50.93
2026-07-02,13:15,7441.39,7459.75,,-18.36,,,33.46,10.089,109.05,280.84,0.191,-53.75
2026-07-02,13:20,7440.69,7457.93,,-17.24,,,33.13,9.833,109.05,281.54,0.193,-54.45
2026-07-02,13:25,7442.72,7456.48,,-13.76,,,35.12,9.427,109.05,283.57,0.185,-52.42
2026-07-02,13:30,7441.47,7455.05,,-13.58,,,34.44,9.21,109.05,284.82,0.188,-53.67
2026-07-02,13:35,7434.13,7453.06,7483.28,-18.93,-49.15,-30.22,30.68,9.19,109.05,292.16,0.209,-61.01
2026-07-02,13:40,7437.28,7451.56,7481.47,-14.28,-44.19,-29.92,34.01,9.078,109.28,295.31,0.196,-57.86
2026-07-02,13:45,7433.23,7449.81,7479.58,-16.58,-46.35,-29.77,31.89,9.06,111.53,299.36,0.207,-61.91
2026-07-02,13:50,7436.55,7448.55,7477.9,-12.0,-41.35,-29.35,35.44,8.918,111.53,302.68,0.194,-58.59
2026-07-02,13:55,7429.32,7446.72,7475.99,-17.4,-46.67,-29.27,31.58,8.942,113.19,309.91,0.212,-65.82
2026-07-02,14:00,7436.38,7445.73,7474.44,-9.35,-38.06,-28.7,38.61,8.943,113.2,316.97,0.185,-58.76
2026-07-02,14:05,7451.61,7446.29,7473.54,5.32,-21.93,-27.25,50.45,9.402,113.2,332.2,0.131,-43.53
2026-07-02,14:10,7449.58,7446.61,7472.6,2.97,-23.02,-26.0,49.09,9.256,113.2,334.23,0.136,-45.56
2026-07-02,14:15,7444.06,7446.36,7471.48,-2.3,-27.42,-25.12,45.5,9.235,113.2,339.75,0.15,-51.08
2026-07-02,14:20,7448.64,7446.58,7470.59,2.06,-21.95,-24.01,48.84,9.003,113.2,344.33,0.135,-46.5
2026-07-02,14:25,7454.4,7447.33,7469.95,7.07,-15.55,-22.63,52.77,8.873,113.2,350.09,0.116,-40.74
2026-07-02,14:30,7456.18,7448.17,7469.41,8.01,-13.23,-21.24,53.94,8.75,113.2,351.87,0.111,-38.96
2026-07-02,14:35,7458.36,7449.14,7468.98,9.22,-10.62,-19.84,55.4,8.424,113.2,354.05,0.104,-36.78
2026-07-02,14:40,7457.6,7449.94,7468.53,7.66,-10.93,-18.59,54.75,8.042,113.2,354.81,0.106,-37.54
2026-07-02,14:45,7459.63,7450.87,7468.18,8.76,-8.55,-17.32,56.23,8.021,113.2,356.84,0.1,-35.51
2026-07-02,14:50,7455.99,7451.36,7467.71,4.63,-11.72,-16.35,52.89,7.918,113.2,360.48,0.109,-39.15
2026-07-02,14:55,7456.82,7451.88,7467.28,4.94,-10.46,-15.4,53.56,7.716,113.2,361.31,0.106,-38.32
2026-07-02,15:00,7443.35,7451.06,7466.34,-7.71,-22.99,-15.28,42.79,8.258,113.2,374.78,0.138,-51.79
2026-07-02,15:05,7445.97,7450.58,7465.54,-4.61,-19.57,-14.96,45.1,8.158,113.2,377.4,0.13,-49.17
2026-07-02,15:10,7447.68,7450.3,7464.84,-2.62,-17.16,-14.54,46.62,8.047,113.2,379.11,0.125,-47.46
2026-07-02,15:15,7446.07,7449.9,7464.1,-3.83,-18.03,-14.21,45.35,7.881,113.2,380.72,0.129,-49.07
2026-07-02,15:20,7443.36,7449.28,7463.29,-5.92,-19.93,-14.01,43.21,7.576,113.2,383.43,0.135,-51.78
2026-07-02,15:25,7450.43,7449.39,7462.79,1.04,-12.36,-13.4,49.85,7.9,113.2,390.5,0.114,-44.71
2026-07-02,15:30,7456.34,7450.05,7462.53,6.29,-6.19,-12.49,54.62,7.859,113.2,396.41,0.098,-38.8
2026-07-02,15:35,7458.21,7450.83,7462.36,7.38,-4.15,-11.54,56.05,7.72,113.2,398.28,0.093,-36.93
2026-07-02,15:40,7459.95,7451.69,7462.27,8.26,-2.32,-10.57,57.39,7.595,113.2,400.02,0.088,-35.19
2026-07-02,15:45,7460.22,7452.51,7462.19,7.71,-1.97,-9.68,57.6,7.306,113.2,400.29,0.087,-34.92
2026-07-02,15:50,7472.27,7454.39,7462.58,17.88,9.69,-8.2,65.92,7.647,113.2,412.34,0.055,-22.87
2026-07-02,15:55,7477.63,7456.6,7463.17,21.03,14.46,-6.57,68.84,8.023,113.2,417.7,0.042,-17.51
2026-07-06,09:30,7519.8,,,,,,,,15.46,0.0,,12.84
2026-07-06,09:35,7510.31,,,,,,,,21.45,9.49,0.353,3.35
2026-07-06,09:40,7512.88,,,,,,,,21.45,12.06,0.491,5.92
2026-07-06,09:45,7516.11,,,,,,,,21.45,15.29,0.598,9.15
2026-07-06,09:50,7516.85,,,,,,,,21.45,16.03,0.617,9.89
2026-07-06,09:55,7510.97,,,,,,,,21.45,21.91,0.183,4.01
2026-07-06,10:00,7511.55,,,,,,,,21.45,22.49,0.204,4.59
2026-07-06,10:05,7515.55,,,,,,,,21.45,26.49,0.324,8.59
2026-07-06,10:10,7521.76,,,,,,,,21.45,32.7,0.453,14.8
2026-07-06,10:15,7519.65,,,,,,,,21.47,34.81,0.365,12.69
2026-07-06,10:20,7523.54,,,,,,,,24.68,38.7,0.428,16.58
2026-07-06,10:25,7526.31,,,,,,,,26.5,41.47,0.467,19.35
2026-07-06,10:30,7524.69,,,,,,,,28.2,43.09,0.411,17.73
2026-07-06,10:35,7523.79,,,,,,,,28.2,43.99,0.383,16.83
2026-07-06,10:40,7524.29,,,,,,55.05,7.844,28.2,44.49,0.39,17.33
2026-07-06,10:45,7525.06,,,,,,55.87,7.531,28.2,45.26,0.4,18.1
2026-07-06,10:50,7526.2,,,,,,57.12,7.31,28.2,46.4,0.415,19.24
2026-07-06,10:55,7529.38,,,,,,60.48,7.112,28.41,49.58,0.452,22.42
2026-07-06,11:00,7528.64,,,,,,59.32,6.911,30.64,50.32,0.431,21.68
2026-07-06,11:05,7529.11,7520.82,,8.29,,,59.85,6.662,30.64,50.79,0.436,22.15
2026-07-06,11:10,7528.26,7521.53,,6.73,,,58.37,6.574,30.64,51.64,0.412,21.3
2026-07-06,11:15,7527.39,7522.09,,5.3,,,56.82,6.413,30.64,52.51,0.389,20.43
2026-07-06,11:20,7530.92,7522.93,,7.99,,,61.31,6.337,30.64,56.04,0.428,23.96
2026-07-06,11:25,7535.19,7524.1,,11.09,,,65.92,6.273,34.65,60.31,0.468,28.23
2026-07-06,11:30,7534.16,7525.06,,9.1,,,63.94,6.047,36.16,61.34,0.443,27.2
2026-07-06,11:35,7533.62,7525.87,,7.75,,,62.87,5.813,36.16,61.88,0.431,26.66
2026-07-06,11:40,7535.59,7526.8,,8.79,,,65.16,5.622,36.16,63.85,0.448,28.63
2026-07-06,11:45,7536.34,7527.71,,8.63,,,66.01,5.385,36.16,64.6,0.455,29.38
2026-07-06,11:50,7534.22,7528.33,,5.89,,,61.41,5.258,36.43,66.72,0.409,27.26
2026-07-06,11:55,7536.03,7529.06,,6.97,,,63.74,5.108,36.43,68.53,0.424,29.07
2026-07-06,12:00,7535.47,7529.67,,5.8,,,62.48,4.896,36.43,69.09,0.413,28.51
2026-07-06,12:05,7536.64,7530.33,,6.31,,,64.07,4.783,37.18,70.26,0.422,29.68
2026-07-06,12:10,7537.68,7531.03,,6.65,,,65.47,4.6,37.87,71.3,0.431,30.72
2026-07-06,12:15,7537.6,7531.66,,5.94,,,65.26,4.441,37.87,71.38,0.429,30.64
2026-07-06,12:20,7536.44,7532.11,,4.33,,,62.14,4.336,37.87,72.54,0.406,29.48
2026-07-06,12:25,7533.77,7532.27,,1.5,,,55.55,4.261,37.87,75.21,0.356,26.81
2026-07-06,12:30,7533.89,7532.43,,1.46,,,55.78,4.117,37.87,75.33,0.357,26.93
2026-07-06,12:35,7533.78,7532.56,,1.22,,,55.5,3.999,37.87,75.44,0.356,26.82
2026-07-06,12:40,7534.56,7532.75,,1.81,,,57.14,3.835,37.87,76.22,0.362,27.6
2026-07-06,12:45,7537.94,7533.24,,4.7,,,63.43,3.902,37.87,79.6,0.389,30.98
2026-07-06,12:50,7533.84,7533.3,,0.54,,,53.22,3.946,37.87,83.7,0.321,26.88
2026-07-06,12:55,7532.17,7533.19,,-1.02,,,49.71,3.892,37.87,85.37,0.295,25.21
2026-07-06,13:00,7536.2,7533.48,,2.72,,,57.07,4.0,37.87,89.4,0.327,29.24
2026-07-06,13:05,7541.71,7534.26,,7.45,,,64.68,4.16,41.4,94.91,0.366,34.75
2026-07-06,13:10,7540.52,7534.86,,5.66,,,62.12,4.058,41.4,96.1,0.349,33.56
2026-07-06,13:15,7538.31,7535.19,,3.12,,,57.56,4.067,41.4,98.31,0.319,31.35
2026-07-06,13:20,7537.23,7535.38,,1.85,,,55.42,4.0,41.4,99.39,0.305,30.27
2026-07-06,13:25,7534.5,7535.3,,-0.8,,,50.33,4.04,41.4,102.12,0.27,27.54
2026-07-06,13:30,7530.75,7534.86,,-4.11,,,44.3,4.066,41.4,105.87,0.225,23.79
2026-07-06,13:35,7530.55,7534.45,7529.23,-3.9,1.32,5.22,44.0,3.983,41.4,106.07,0.222,23.59
2026-07-06,13:40,7528.13,7533.85,7529.19,-5.72,-1.06,4.66,40.41,4.155,41.4,108.49,0.195,21.17
2026-07-06,13:45,7530.28,7533.51,7529.23,-3.23,1.05,4.28,44.73,4.269,41.4,110.64,0.211,23.32
2026-07-06,13:50,7528.09,7532.99,7529.19,-4.9,-1.1,3.81,41.43,4.297,41.4,112.83,0.187,21.13
2026-07-06,13:55,7528.52,7532.57,7529.16,-4.05,-0.64,3.41,42.33,4.16,41.4,113.26,0.19,21.56
2026-07-06,14:00,7534.02,7532.71,7529.35,1.31,4.67,3.35,52.39,4.32,41.4,118.76,0.228,27.06
2026-07-06,14:05,7536.76,7533.09,7529.64,3.67,7.12,3.45,56.46,4.35,41.4,121.5,0.245,29.8
2026-07-06,14:10,7537.26,7533.49,7529.94,3.77,7.32,3.55,57.18,4.177,41.4,122.0,0.248,30.3
2026-07-06,14:15,7541.22,7534.23,7530.38,6.99,10.84,3.84,62.48,4.255,41.52,125.96,0.272,34.26
2026-07-06,14:20,7542.5,7535.01,7530.86,7.49,11.64,4.15,64.03,4.122,41.56,127.24,0.279,35.54
2026-07-06,14:25,7540.77,7535.56,7531.25,5.21,9.52,4.31,60.4,4.059,42.61,128.97,0.262,33.81
2026-07-06,14:30,7538.77,7535.87,7531.54,2.9,7.23,4.32,56.42,4.05,42.61,130.97,0.243,31.81
2026-07-06,14:35,7538.28,7536.1,7531.81,2.18,6.47,4.29,55.46,3.955,42.61,131.46,0.238,31.32
2026-07-06,14:40,7540.34,7536.5,7532.14,3.84,8.2,4.36,58.65,3.893,42.61,133.52,0.25,33.38
2026-07-06,14:45,7543.37,7537.16,7532.58,6.21,10.79,4.57,62.88,3.925,43.23,136.55,0.267,36.41
2026-07-06,14:50,7545.66,7537.97,7533.1,7.69,12.56,4.87,65.72,3.843,44.7,138.84,0.279,38.7
2026-07-06,14:55,7546.68,7538.8,7533.63,7.88,13.05,5.17,66.94,3.796,46.81,139.86,0.284,39.72
2026-07-06,15:00,7546.64,7539.54,7534.14,7.1,12.5,5.4,66.84,3.844,48.03,139.9,0.284,39.68
2026-07-06,15:05,7545.89,7540.15,7534.6,5.74,11.29,5.55,64.88,3.77,48.03,140.65,0.277,38.93
2026-07-06,15:10,7545.81,7540.69,7535.04,5.12,10.77,5.65,64.66,3.65,48.03,140.73,0.276,38.85
2026-07-06,15:15,7549.08,7541.49,7535.59,7.59,13.49,5.9,69.21,3.734,48.4,144.0,0.293,42.12
2026-07-06,15:20,7550.85,7542.38,7536.19,8.47,14.66,6.19,71.36,3.697,50.34,145.77,0.301,43.89
2026-07-06,15:25,7550.4,7543.14,7536.75,7.26,13.65,6.4,70.03,3.601,50.34,146.22,0.297,43.44
2026-07-06,15:30,7547.59,7543.57,7537.17,4.02,10.42,6.39,62.18,3.596,50.34,149.03,0.273,40.63
2026-07-06,15:35,7546.81,7543.87,7537.55,2.94,9.26,6.33,60.16,3.578,50.34,149.81,0.266,39.85
2026-07-06,15:40,7547.69,7544.24,7537.95,3.45,9.74,6.29,61.67,3.49,50.34,150.69,0.27,40.73
2026-07-06,15:45,7546.59,7544.46,7538.29,2.13,8.3,6.18,58.68,3.469,50.34,151.79,0.261,39.63
2026-07-06,15:50,7538.99,7543.94,7538.31,-4.95,0.68,5.63,43.11,3.78,50.34,159.39,0.201,32.03
2026-07-06,15:55,7538.34,7543.41,7538.31,-5.07,0.03,5.09,42.09,3.831,50.34,160.04,0.196,31.38
2026-07-07,09:30,7520.15,,,,,,,,19.43,0.0,,3.52
2026-07-07,09:35,7522.27,,,,,,,,19.43,2.12,2.66,5.64
2026-07-07,09:40,7528.26,,,,,,,,19.43,8.11,1.434,11.63
2026-07-07,09:45,7523.32,,,,,,,,19.43,13.05,0.513,6.69
2026-07-07,09:50,7515.84,,,,,,,,22.11,20.53,0.038,-0.79
2026-07-07,09:55,7514.93,,,,,,,,27.31,21.44,0.079,-1.7
2026-07-07,10:00,7511.6,,,,,,,,27.31,24.77,0.203,-5.03
2026-07-07,10:05,7508.67,,,,,,,,28.6,27.7,0.287,-7.96
2026-07-07,10:10,7496.62,,,,,,,,39.44,39.75,0.503,-20.01
2026-07-07,10:15,7500.8,,,,,,,,44.98,43.93,0.36,-15.83
2026-07-07,10:20,7492.29,,,,,,,,44.98,52.44,0.464,-24.34
2026-07-07,10:25,7493.0,,,,,,,,49.35,53.15,0.445,-23.63
2026-07-07,10:30,7489.78,,,,,,,,49.35,56.37,0.476,-26.85
2026-07-07,10:35,7485.74,,,,,,,,50.57,60.41,0.511,-30.89
2026-07-07,10:40,7483.41,,,,,,20.72,8.811,57.43,62.74,0.529,-33.22
2026-07-07,10:45,7487.7,,,,,,26.16,8.717,57.43,67.03,0.432,-28.93
2026-07-07,10:50,7492.22,,,,,,31.49,8.659,57.43,71.55,0.341,-24.41
2026-07-07,10:55,7490.99,,,,,,30.84,8.345,57.43,72.78,0.352,-25.64
2026-07-07,11:00,7489.35,,,,,,29.95,8.202,57.43,74.42,0.367,-27.28
2026-07-07,11:05,7491.59,7501.93,,-10.34,,,32.8,7.95,57.43,76.66,0.327,-25.04
2026-07-07,11:10,7487.07,7500.51,,-13.44,,,30.13,7.788,57.43,81.18,0.364,-29.56
2026-07-07,11:15,7485.47,7499.08,,-13.61,,,29.23,7.486,57.43,82.78,0.376,-31.16
2026-07-07,11:20,7485.0,7497.74,,-12.74,,,28.95,7.324,57.43,83.25,0.38,-31.63
2026-07-07,11:25,7489.4,7496.94,,-7.54,,,35.12,7.156,57.43,87.65,0.311,-27.23
2026-07-07,11:30,7486.28,7495.93,,-9.65,,,32.93,6.974,57.43,90.77,0.334,-30.35
2026-07-07,11:35,7482.94,7494.69,,-11.75,,,30.73,6.889,57.43,94.11,0.358,-33.69
2026-07-07,11:40,7490.53,7494.3,,-3.77,,,40.47,7.113,57.43,101.7,0.257,-26.1
2026-07-07,11:45,7493.69,7494.24,,-0.55,,,44.01,7.185,57.43,104.86,0.219,-22.94
2026-07-07,11:50,7497.15,7494.51,,2.64,,,47.67,7.118,57.43,108.32,0.18,-19.48
2026-07-07,11:55,7500.44,7495.08,,5.36,,,50.95,7.03,57.43,111.61,0.145,-16.19
2026-07-07,12:00,7503.35,7495.87,,7.48,,,53.72,6.907,57.43,114.52,0.116,-13.28
2026-07-07,12:05,7502.09,7496.46,,5.63,,,52.34,6.999,57.43,115.78,0.126,-14.54
2026-07-07,12:10,7507.81,7497.54,,10.27,,,57.65,6.969,57.43,121.5,0.073,-8.82
2026-07-07,12:15,7507.74,7498.51,,9.23,,,57.56,6.645,57.43,121.57,0.073,-8.89
2026-07-07,12:20,7512.72,7499.87,,12.85,,,61.84,6.741,57.43,126.55,0.031,-3.91
2026-07-07,12:25,7516.01,7501.4,,14.61,,,64.4,6.63,57.43,129.84,0.005,-0.62
2026-07-07,12:30,7513.66,7502.57,,11.09,,,61.24,6.578,57.43,132.19,0.022,-2.97
2026-07-07,12:35,7515.18,7503.77,,11.41,,,62.52,6.512,57.43,133.71,0.011,-1.45
2026-07-07,12:40,7515.97,7504.93,,11.04,,,63.2,6.308,57.43,134.5,0.005,-0.66
2026-07-07,12:45,7518.3,7506.21,,12.09,,,65.21,6.042,57.43,136.83,0.012,1.67
2026-07-07,12:50,7515.29,7507.07,,8.22,,,60.61,5.896,57.43,139.84,0.01,-1.34
2026-07-07,12:55,7516.82,7508.0,,8.82,,,62.08,5.798,57.43,141.37,0.001,0.19
2026-07-07,13:00,7519.06,7509.05,,10.01,,,64.17,5.6,57.43,143.61,0.017,2.43
2026-07-07,13:05,7518.7,7509.97,,8.73,,,63.57,5.359,57.43,143.97,0.014,2.07
2026-07-07,13:10,7515.75,7510.52,,5.23,,,58.66,5.236,57.43,146.92,0.006,-0.88
2026-07-07,13:15,7513.15,7510.77,,2.38,,,54.65,5.175,57.43,149.52,0.023,-3.48
2026-07-07,13:20,7517.07,7511.37,,5.7,,,59.18,5.219,57.43,153.44,0.003,0.44
2026-07-07,13:25,7516.01,7511.81,,4.2,,,57.51,5.017,57.43,154.5,0.004,-0.62
2026-07-07,13:30,7517.98,7512.4,,5.58,,,59.78,4.884,57.43,156.47,0.009,1.35
2026-07-07,13:35,7518.65,7513.0,7504.36,5.65,14.29,8.64,60.55,4.783,57.43,157.14,0.013,2.02
2026-07-07,13:40,7518.36,7513.51,7504.91,4.85,13.45,8.6,60.02,4.669,57.43,157.43,0.011,1.73
2026-07-07,13:45,7516.62,7513.8,7505.36,2.82,11.26,8.44,56.76,4.591,57.43,159.17,0.0,-0.01
2026-07-07,13:50,7515.29,7513.95,7505.75,1.34,9.54,8.19,54.33,4.513,57.43,160.5,0.008,-1.34
2026-07-07,13:55,7518.94,7514.42,7506.27,4.52,12.67,8.15,59.46,4.498,57.43,164.15,0.014,2.31
2026-07-07,14:00,7518.61,7514.82,7506.75,3.79,11.86,8.06,58.81,4.463,57.43,164.48,0.012,1.98
2026-07-07,14:05,7516.52,7514.98,7507.14,1.54,9.38,7.84,54.78,4.404,57.43,166.57,0.001,-0.11
2026-07-07,14:10,7517.04,7515.18,7507.53,1.86,9.51,7.65,55.59,4.288,57.43,167.09,0.002,0.41
2026-07-07,14:15,7518.12,7515.46,7507.94,2.66,10.18,7.52,57.32,4.196,57.43,168.17,0.009,1.49
2026-07-07,14:20,7518.47,7515.74,7508.35,2.73,10.12,7.39,57.89,4.134,57.43,168.52,0.011,1.84
2026-07-07,14:25,7516.66,7515.83,7508.68,0.83,7.98,7.15,53.88,4.136,57.43,170.33,0.0,0.03
2026-07-07,14:30,7514.08,7515.67,7508.89,-1.59,5.19,6.77,48.7,4.176,57.43,172.91,0.015,-2.55
2026-07-07,14:35,7516.45,7515.74,7509.19,0.71,7.26,6.55,53.15,4.231,57.43,175.28,0.001,-0.18
2026-07-07,14:40,7513.8,7515.56,7509.37,-1.76,4.43,6.19,48.12,4.333,57.43,177.93,0.016,-2.83
2026-07-07,14:45,7508.03,7514.84,7509.32,-6.81,-1.29,5.52,39.38,4.783,57.43,183.7,0.047,-8.6
2026-07-07,14:50,7503.71,7513.78,7509.1,-10.07,-5.39,4.68,34.35,4.924,57.43,188.02,0.069,-12.92
2026-07-07,14:55,7501.7,7512.63,7508.81,-10.93,-7.11,3.82,32.28,4.907,57.43,190.03,0.079,-14.93
2026-07-07,15:00,7498.42,7511.28,7508.4,-12.86,-9.98,2.88,29.19,5.094,57.43,193.31,0.094,-18.21
2026-07-07,15:05,7493.64,7509.6,7507.82,-15.96,-14.18,1.77,25.38,5.372,57.43,198.09,0.116,-22.99
2026-07-07,15:10,7494.48,7508.16,7507.3,-13.68,-12.82,0.86,27.18,5.31,57.43,198.93,0.111,-22.15
2026-07-07,15:15,7492.62,7506.68,7506.72,-14.06,-14.1,-0.05,25.7,5.467,57.43,200.79,0.12,-24.01
2026-07-07,15:20,7496.58,7505.71,7506.32,-9.13,-9.74,-0.61,33.94,5.497,57.43,204.75,0.098,-20.05
2026-07-07,15:25,7493.26,7504.53,7505.81,-11.27,-12.55,-1.28,30.85,5.429,57.43,208.07,0.112,-23.37
2026-07-07,15:30,7499.2,7504.02,7505.55,-4.82,-6.35,-1.53,41.16,5.482,57.43,214.01,0.081,-17.43
2026-07-07,15:35,7493.89,7503.06,7505.1,-9.17,-11.21,-2.04,35.99,5.535,57.43,219.32,0.104,-22.74
2026-07-07,15:40,7491.46,7501.95,7504.56,-10.49,-13.1,-2.61,33.9,5.415,57.43,221.75,0.114,-25.17
2026-07-07,15:45,7496.36,7501.42,7504.24,-5.06,-7.88,-2.82,41.32,5.415,57.43,226.65,0.089,-20.27
2026-07-07,15:50,7503.76,7501.64,7504.22,2.12,-0.46,-2.58,50.38,5.557,57.43,234.05,0.055,-12.87
2026-07-07,15:55,7503.36,7501.81,7504.19,1.55,-0.83,-2.38,49.93,5.652,57.43,234.45,0.057,-13.27
2026-07-08,09:30,7460.91,,,,,,,,23.94,0.0,,-15.63
2026-07-08,09:35,7466.82,,,,,,,,23.94,5.91,1.645,-9.72
2026-07-08,09:40,7471.17,,,,,,,,23.94,10.26,0.523,-5.37
2026-07-08,09:45,7463.69,,,,,,,,23.94,17.74,0.724,-12.85
2026-07-08,09:50,7464.16,,,,,,,,23.94,18.21,0.68,-12.38
2026-07-08,09:55,7467.45,,,,,,,,23.94,21.5,0.423,-9.09
2026-07-08,10:00,7464.3,,,,,,,,23.94,24.65,0.497,-12.24
2026-07-08,10:05,7469.36,,,,,,,,23.94,29.71,0.242,-7.18
2026-07-08,10:10,7459.12,,,,,,,,23.94,39.95,0.436,-17.42
2026-07-08,10:15,7458.2,,,,,,,,23.94,40.87,0.449,-18.34
2026-07-08,10:20,7464.18,,,,,,,,23.94,46.85,0.264,-12.36
2026-07-08,10:25,7458.46,,,,,,,,23.94,52.57,0.344,-18.08
2026-07-08,10:30,7459.65,,,,,,,,23.94,53.76,0.314,-16.89
2026-07-08,10:35,7448.5,,,,,,,,28.04,64.91,0.432,-28.04
2026-07-08,10:40,7451.34,,,,,,42.94,10.763,30.53,67.75,0.372,-25.2
2026-07-08,10:45,7439.44,,,,,,36.11,10.851,37.19,79.65,0.466,-37.1
2026-07-08,10:50,7448.68,,,,,,43.61,11.457,40.9,88.89,0.313,-27.86
2026-07-08,10:55,7445.32,,,,,,41.69,11.464,40.9,92.25,0.338,-31.22
2026-07-08,11:00,7441.3,,,,,,39.46,11.058,40.9,96.27,0.366,-35.24
2026-07-08,11:05,7440.94,7457.15,,-16.21,,,39.25,10.607,40.9,96.63,0.368,-35.6
2026-07-08,11:10,7437.32,7455.26,,-17.94,,,37.18,10.42,40.9,100.25,0.391,-39.22
2026-07-08,11:15,7439.28,7453.74,,-14.46,,,39.06,10.441,46.45,102.21,0.365,-37.26
2026-07-08,11:20,7427.79,7451.27,,-23.48,,,32.87,10.722,49.77,113.7,0.429,-48.75
2026-07-08,11:25,7425.97,7448.86,,-22.89,,,32.0,10.425,54.48,115.52,0.438,-50.57
2026-07-08,11:30,7432.86,7447.33,,-14.47,,,38.59,10.47,54.72,122.41,0.357,-43.68
2026-07-08,11:35,7432.48,7445.92,,-13.44,,,38.37,10.291,54.72,122.79,0.359,-44.06
2026-07-08,11:40,7433.21,7444.71,,-11.5,,,39.09,9.926,54.72,123.52,0.351,-43.33
2026-07-08,11:45,7431.54,7443.46,,-11.92,,,38.0,9.702,54.72,125.19,0.359,-45.0
2026-07-08,11:50,7430.04,7442.18,,-12.14,,,36.99,9.397,54.72,126.69,0.367,-46.5
2026-07-08,11:55,7432.8,7441.28,,-8.48,,,40.13,9.145,54.72,129.45,0.338,-43.74
2026-07-08,12:00,7438.1,7440.98,,-2.88,,,45.71,8.927,54.72,134.75,0.285,-38.44
2026-07-08,12:05,7443.02,7441.18,,1.84,,,50.33,8.721,54.72,139.67,0.24,-33.52
2026-07-08,12:10,7449.01,7441.92,,7.09,,,55.33,8.587,54.72,145.66,0.189,-27.53
2026-07-08,12:15,7452.37,7442.92,,9.45,,,57.88,8.451,54.72,149.02,0.162,-24.17
2026-07-08,12:20,7453.8,7443.95,,9.85,,,58.96,8.318,54.72,150.45,0.151,-22.74
2026-07-08,12:25,7457.82,7445.27,,12.55,,,61.91,8.193,54.72,154.47,0.121,-18.72
2026-07-08,12:30,7457.48,7446.44,,11.04,,,61.51,8.162,54.72,154.81,0.123,-19.06
2026-07-08,12:35,7458.66,7447.6,,11.06,,,62.42,8.278,54.72,155.99,0.115,-17.88
2026-07-08,12:40,7466.52,7449.4,,17.12,,,67.89,8.467,54.72,163.85,0.061,-10.02
2026-07-08,12:45,7469.51,7451.32,,18.19,,,69.69,8.327,54.72,166.84,0.042,-7.03
2026-07-08,12:50,7471.03,7453.19,,17.84,,,70.6,8.073,54.72,168.36,0.033,-5.51
2026-07-08,12:55,7474.3,7455.2,,19.1,,,72.5,7.842,54.72,171.63,0.013,-2.24
2026-07-08,13:00,7470.4,7456.65,,13.75,,,66.94,7.678,54.72,175.53,0.035,-6.14
2026-07-08,13:05,7470.03,7457.93,,12.1,,,66.41,7.488,54.72,175.9,0.037,-6.51
2026-07-08,13:10,7469.81,7459.06,,10.75,,,66.09,7.376,54.72,176.12,0.038,-6.73
2026-07-08,13:15,7476.42,7460.71,,15.71,,,70.77,7.337,54.82,182.73,0.001,-0.12
2026-07-08,13:20,7481.76,7462.72,,19.04,,,73.91,7.245,59.94,188.07,0.028,5.22
2026-07-08,13:25,7484.45,7464.79,,19.66,,,75.35,7.059,62.8,190.76,0.041,7.91
2026-07-08,13:30,7483.63,7466.58,,17.05,,,74.01,6.833,65.59,191.58,0.037,7.09
2026-07-08,13:35,7480.22,7467.88,7455.49,12.34,24.73,12.39,68.56,6.663,65.59,194.99,0.019,3.68
2026-07-08,13:40,7476.54,7468.7,7456.32,7.84,20.22,12.39,63.16,6.52,65.59,198.67,0.0,0.0
2026-07-08,13:45,7470.67,7468.89,7456.88,1.78,13.79,12.01,55.63,6.534,65.59,204.54,0.029,-5.87
2026-07-08,13:50,7471.77,7469.17,7457.46,2.6,14.31,11.7,56.67,6.468,65.59,205.64,0.023,-4.77
2026-07-08,13:55,7470.63,7469.31,7457.98,1.32,12.65,11.32,55.22,6.418,65.59,206.78,0.029,-5.91
2026-07-08,14:00,7479.74,7470.3,7458.83,9.44,20.91,11.46,63.29,6.923,65.59,215.89,0.015,3.2
2026-07-08,14:05,7479.91,7471.21,7459.66,8.7,20.25,11.55,63.43,6.732,65.59,216.06,0.016,3.37
2026-07-08,14:10,7480.16,7472.07,7460.46,8.09,19.7,11.6,63.63,6.609,65.59,216.31,0.017,3.62
2026-07-08,14:15,7478.87,7472.71,7461.19,6.16,17.68,11.53,61.69,6.581,65.59,217.6,0.011,2.33
2026-07-08,14:20,7476.23,7473.05,7461.78,3.18,14.45,11.27,57.79,6.369,65.59,220.24,0.001,-0.31
2026-07-08,14:25,7474.17,7473.16,7462.26,1.01,11.91,10.89,54.87,6.285,65.59,222.3,0.011,-2.37
2026-07-08,14:30,7471.38,7472.99,7462.62,-1.61,8.76,10.37,51.11,6.143,65.59,225.09,0.023,-5.16
2026-07-08,14:35,7478.89,7473.55,7463.26,5.34,15.63,10.29,59.21,6.33,65.59,232.6,0.01,2.35
2026-07-08,14:40,7477.8,7473.95,7463.83,3.85,13.97,10.13,57.72,6.353,65.59,233.69,0.005,1.26
2026-07-08,14:45,7479.85,7474.52,7464.46,5.33,15.39,10.06,59.78,6.246,65.59,235.74,0.014,3.31
2026-07-08,14:50,7478.69,7474.91,7465.01,3.78,13.68,9.9,58.05,6.099,65.59,236.9,0.009,2.15
2026-07-08,14:55,7480.28,7475.42,7465.61,4.86,14.67,9.81,59.76,6.027,65.59,238.49,0.016,3.74
2026-07-08,15:00,7479.82,7475.84,7466.17,3.98,13.65,9.67,59.01,6.041,65.59,238.95,0.014,3.28
2026-07-08,15:05,7480.22,7476.26,7466.72,3.96,13.5,9.54,59.49,5.91,65.59,239.35,0.015,3.68
2026-07-08,15:10,7476.11,7476.25,7467.09,-0.14,9.02,9.16,52.72,5.853,65.59,243.46,0.002,-0.43
2026-07-08,15:15,7475.48,7476.17,7467.42,-0.69,8.06,8.75,51.75,5.753,65.59,244.09,0.004,-1.06
2026-07-08,15:20,7477.19,7476.27,7467.8,0.92,9.39,8.47,54.21,5.64,65.59,245.8,0.003,0.65
2026-07-08,15:25,7479.0,7476.53,7468.24,2.47,10.76,8.29,56.74,5.518,65.59,247.61,0.01,2.46
2026-07-08,15:30,7476.58,7476.53,7468.57,0.05,8.01,7.97,52.57,5.461,65.59,250.03,0.0,0.04
2026-07-08,15:35,7478.85,7476.75,7468.97,2.1,9.88,7.78,55.85,5.473,65.59,252.3,0.009,2.31
2026-07-08,15:40,7480.23,7477.09,7469.41,3.14,10.82,7.67,57.76,5.408,65.59,253.68,0.015,3.69
2026-07-08,15:45,7474.77,7476.87,7469.62,-2.1,5.15,7.24,48.76,5.692,65.59,259.14,0.007,-1.77
2026-07-08,15:50,7483.35,7477.48,7470.16,5.87,13.19,7.32,59.45,5.965,65.59,267.72,0.025,6.81
2026-07-08,15:55,7481.46,7477.86,7470.6,3.6,10.86,7.26,56.65,6.043,66.69,269.61,0.018,4.92
2026-07-09,09:30,7500.35,,,,,,,,17.56,0.0,,8.75
2026-07-09,09:35,7507.76,,,,,,,,26.72,7.41,2.181,16.16
2026-07-09,09:40,7509.66,,,,,,,,28.76,9.31,1.94,18.06
2026-07-09,09:45,7507.73,,,,,,,,31.61,11.24,1.435,16.13
2026-07-09,09:50,7516.27,,,,,,,,35.0,19.78,1.247,24.67
2026-07-09,09:55,7513.82,,,,,,,,36.2,22.23,1.0,22.22
2026-07-09,10:00,7513.81,,,,,,,,36.2,22.24,0.999,22.21
2026-07-09,10:05,7507.3,,,,,,,,36.2,28.75,0.546,15.7
2026-07-09,10:10,7502.85,,,,,,,,36.2,33.2,0.339,11.25
2026-07-09,10:15,7488.36,,,,,,,,36.2,47.69,0.068,-3.24
2026-07-09,10:20,7495.24,,,,,,,,37.76,54.57,0.067,3.64
2026-07-09,10:25,7506.34,,,,,,,,37.76,65.67,0.224,14.74
2026-07-09,10:30,7502.56,,,,,,,,37.76,69.45,0.158,10.96
2026-07-09,10:35,7510.81,,,,,,,,37.76,77.7,0.247,19.21
2026-07-09,10:40,7505.78,,,,,,53.28,9.966,37.76,82.73,0.171,14.18
2026-07-09,10:45,7506.7,,,,,,53.83,9.623,37.76,83.65,0.181,15.1
2026-07-09,10:50,7506.32,,,,,,53.55,9.459,37.76,84.03,0.175,14.72
2026-07-09,10:55,7513.71,,,,,,58.14,9.442,37.76,91.42,0.242,22.11
2026-07-09,11:00,7515.42,,,,,,59.15,8.999,37.76,93.13,0.256,23.82
2026-07-09,11:05,7521.95,7507.64,,14.31,,,62.82,8.882,40.97,99.66,0.305,30.35
2026-07-09,11:10,7519.23,7508.74,,10.49,,,60.39,8.588,41.15,102.38,0.27,27.63
2026-07-09,11:15,7518.99,7509.72,,9.27,,,60.17,8.391,41.15,102.62,0.267,27.39
2026-07-09,11:20,7526.04,7511.27,,14.77,,,64.31,8.321,44.67,109.67,0.314,34.44
2026-07-09,11:25,7525.02,7512.58,,12.44,,,63.29,7.913,45.07,110.69,0.302,33.42
2026-07-09,11:30,7522.92,7513.57,,9.35,,,61.12,7.593,45.07,112.79,0.278,31.32
2026-07-09,11:35,7525.6,7514.71,,10.89,,,62.87,7.295,45.07,115.47,0.294,34.0
2026-07-09,11:40,7527.92,7515.97,,11.95,,,64.36,7.116,47.61,117.79,0.308,36.32
2026-07-09,11:45,7528.24,7517.14,,11.1,,,64.57,6.825,47.61,118.11,0.31,36.64
2026-07-09,11:50,7526.26,7518.01,,8.25,,,62.11,6.548,47.61,120.09,0.289,34.66
2026-07-09,11:55,7525.88,7518.76,,7.12,,,61.63,6.256,47.61,120.47,0.285,34.28
2026-07-09,12:00,7530.53,7519.88,,10.65,,,65.2,6.194,49.53,125.12,0.311,38.93
2026-07-09,12:05,7531.2,7520.96,,10.24,,,65.7,5.892,50.74,125.79,0.315,39.6
2026-07-09,12:10,7531.6,7521.97,,9.63,,,66.01,5.602,50.74,126.19,0.317,40.0
2026-07-09,12:15,7532.29,7522.95,,9.34,,,66.57,5.386,51.57,126.88,0.321,40.69
2026-07-09,12:20,7534.85,7524.09,,10.76,,,68.65,5.287,53.17,129.44,0.334,43.25
2026-07-09,12:25,7533.63,7524.99,,8.64,,,66.53,5.084,53.17,130.66,0.322,42.03
2026-07-09,12:30,7531.66,7525.63,,6.03,,,63.14,5.013,54.03,132.63,0.302,40.06
2026-07-09,12:35,7532.82,7526.31,,6.51,,,64.29,4.845,54.03,133.79,0.308,41.22
2026-07-09,12:40,7533.88,7527.04,,6.84,,,65.36,4.652,54.03,134.85,0.314,42.28
2026-07-09,12:45,7532.0,7527.51,,4.49,,,61.83,4.59,54.03,136.73,0.295,40.4
2026-07-09,12:50,7531.32,7527.87,,3.45,,,60.55,4.428,54.03,137.41,0.289,39.72
2026-07-09,12:55,7530.84,7528.15,,2.69,,,59.62,4.313,54.03,137.89,0.285,39.24
2026-07-09,13:00,7534.54,7528.76,,5.78,,,64.2,4.315,54.03,141.59,0.303,42.94
2026-07-09,13:05,7538.1,7529.65,,8.45,,,67.97,4.398,57.32,145.15,0.32,46.5
2026-07-09,13:10,7539.17,7530.56,,8.61,,,69.03,4.287,59.15,146.22,0.325,47.57
2026-07-09,13:15,7542.26,7531.67,,10.59,,,71.91,4.243,61.1,149.31,0.339,50.66
2026-07-09,13:20,7541.81,7532.64,,9.17,,,70.87,4.117,61.74,149.76,0.335,50.21
2026-07-09,13:25,7544.84,7533.8,,11.04,,,73.62,4.059,63.24,152.79,0.348,53.24
2026-07-09,13:30,7543.63,7534.74,,8.89,,,70.75,4.016,63.59,154.0,0.338,52.03
2026-07-09,13:35,7544.68,7535.68,7522.29,9.0,22.39,13.39,71.78,3.95,64.62,155.05,0.342,53.08
2026-07-09,13:40,7544.32,7536.51,7523.15,7.81,21.17,13.35,70.86,3.864,64.62,155.41,0.339,52.72
2026-07-09,13:45,7545.5,7537.36,7524.03,8.14,21.47,13.33,72.12,3.773,65.16,156.59,0.344,53.9
2026-07-09,13:50,7544.81,7538.07,7524.84,6.74,19.97,13.23,70.21,3.654,65.16,157.28,0.338,53.21
2026-07-09,13:55,7543.25,7538.56,7525.57,4.69,17.68,13.0,65.95,3.65,65.16,158.84,0.325,51.65
2026-07-09,14:00,7542.77,7538.97,7526.24,3.8,16.53,12.72,64.65,3.578,65.16,159.32,0.321,51.17
2026-07-09,14:05,7544.37,7539.48,7526.95,4.89,17.42,12.53,66.98,3.506,65.16,160.92,0.328,52.77
2026-07-09,14:10,7545.04,7540.01,7527.66,5.03,17.38,12.35,67.94,3.397,65.16,161.59,0.331,53.44
2026-07-09,14:15,7543.83,7540.37,7528.3,3.46,15.53,12.08,64.32,3.376,65.16,162.8,0.321,52.23
2026-07-09,14:20,7541.15,7540.45,7528.8,0.7,12.35,11.65,57.07,3.356,65.16,165.48,0.299,49.55
2026-07-09,14:25,7541.85,7540.58,7529.31,1.27,12.54,11.27,58.39,3.263,65.16,166.18,0.302,50.25
2026-07-09,14:30,7540.15,7540.54,7529.74,-0.39,10.41,10.8,54.04,3.267,65.16,167.88,0.289,48.55
2026-07-09,14:35,7538.84,7540.38,7530.09,-1.54,8.75,10.28,50.9,3.196,65.16,169.19,0.279,47.24
2026-07-09,14:40,7540.65,7540.4,7530.51,0.25,10.14,9.9,54.81,3.18,65.16,171.0,0.287,49.05
2026-07-09,14:45,7540.11,7540.38,7530.88,-0.27,9.23,9.49,53.44,3.097,65.16,171.54,0.283,48.51
2026-07-09,14:50,7538.56,7540.2,7531.19,-1.64,7.37,9.02,49.61,3.035,65.16,173.09,0.271,46.96
2026-07-09,14:55,7537.85,7539.98,7531.45,-2.13,6.4,8.53,47.92,2.991,65.16,173.8,0.266,46.25
2026-07-09,15:00,7535.36,7539.54,7531.6,-4.18,3.76,7.94,42.45,3.008,65.16,176.29,0.248,43.76
2026-07-09,15:05,7534.92,7539.1,7531.73,-4.18,3.19,7.37,41.55,3.005,65.16,176.73,0.245,43.32
2026-07-09,15:10,7535.89,7538.79,7531.89,-2.9,4.0,6.9,44.36,3.01,65.16,177.7,0.249,44.29
2026-07-09,15:15,7540.44,7538.95,7532.23,1.49,8.21,6.72,55.23,3.17,65.16,182.25,0.268,48.84
2026-07-09,15:20,7538.88,7538.94,7532.49,-0.06,6.39,6.45,51.51,3.163,65.16,183.81,0.257,47.28
2026-07-09,15:25,7537.93,7538.85,7532.7,-0.92,5.23,6.14,49.33,3.054,65.16,184.76,0.251,46.33
2026-07-09,15:30,7538.2,7538.79,7532.92,-0.59,5.28,5.87,49.98,3.011,65.16,185.03,0.252,46.6
2026-07-09,15:35,7539.96,7538.9,7533.19,1.06,6.77,5.7,54.1,3.007,65.16,186.79,0.259,48.36
2026-07-09,15:40,7541.49,7539.14,7533.52,2.35,7.97,5.62,57.38,3.029,65.16,188.32,0.265,49.89
2026-07-09,15:45,7539.44,7539.17,7533.75,0.27,5.69,5.42,52.01,2.968,65.16,190.37,0.251,47.84
2026-07-09,15:50,7535.48,7538.82,7533.82,-3.34,1.66,5.0,43.54,3.062,65.16,194.33,0.226,43.88
2026-07-09,15:55,7542.28,7539.15,7534.15,3.13,8.13,5.0,56.61,3.366,65.16,201.13,0.252,50.68
2026-07-10,09:30,7553.3,,,,,,,,9.33,0.0,,5.66
2026-07-10,09:35,7551.84,,,,,,,,12.04,1.46,2.877,4.2
2026-07-10,09:40,7548.08,,,,,,,,15.99,5.22,0.084,0.44
2026-07-10,09:45,7556.87,,,,,,,,15.99,14.01,0.659,9.23
2026-07-10,09:50,7556.16,,,,,,,,15.99,14.72,0.579,8.52
2026-07-10,09:55,7555.36,,,,,,,,15.99,15.52,0.497,7.72
2026-07-10,10:00,7557.6,,,,,,,,16.61,17.76,0.561,9.96
2026-07-10,10:05,7557.5,,,,,,,,16.61,17.86,0.552,9.86
2026-07-10,10:10,7553.48,,,,,,,,16.61,21.88,0.267,5.84
2026-07-10,10:15,7552.11,,,,,,,,16.61,23.25,0.192,4.47
2026-07-10,10:20,7551.38,,,,,,,,16.61,23.98,0.156,3.74
2026-07-10,10:25,7552.12,,,,,,,,16.61,24.72,0.181,4.48
2026-07-10,10:30,7534.66,,,,,,,,51.8,42.18,0.308,-12.98
2026-07-10,10:35,7543.0,,,,,,,,51.8,50.52,0.092,-4.64
2026-07-10,10:40,7547.45,,,,,,44.68,10.811,51.8,54.97,0.003,-0.19
2026-07-10,10:45,7549.77,,,,,,47.08,10.539,51.8,57.29,0.037,2.13
2026-07-10,10:50,7545.19,,,,,,43.1,10.241,51.8,61.87,0.04,-2.45
2026-07-10,10:55,7538.13,,,,,,37.79,10.158,51.8,68.93,0.138,-9.51
2026-07-10,11:00,7535.5,,,,,,36.01,9.771,51.8,71.56,0.17,-12.14
2026-07-10,11:05,7542.92,7549.12,,-6.2,,,44.02,9.826,51.8,78.98,0.06,-4.72
2026-07-10,11:10,7544.82,7548.71,,-3.89,,,45.89,9.353,51.8,80.88,0.035,-2.82
2026-07-10,11:15,7553.26,7549.14,,4.12,,,53.34,9.583,51.8,89.32,0.063,5.62
2026-07-10,11:20,7556.7,7549.86,,6.84,,,55.99,9.298,51.8,92.76,0.098,9.06
2026-07-10,11:25,7558.73,7550.71,,8.02,,,57.53,8.903,52.24,94.79,0.117,11.09
2026-07-10,11:30,7556.41,7551.25,,5.16,,,55.16,8.566,52.24,97.11,0.09,8.77
2026-07-10,11:35,7550.2,7551.15,,-0.95,,,49.3,8.451,52.24,103.32,0.025,2.56
2026-07-10,11:40,7546.55,7550.71,,-4.16,,,46.19,8.611,52.24,106.97,0.01,-1.09
2026-07-10,11:45,7551.12,7550.75,,0.37,,,50.41,8.721,52.24,111.54,0.031,3.48
2026-07-10,11:50,7554.46,7551.11,,3.35,,,53.29,8.518,52.24,114.88,0.059,6.82
2026-07-10,11:55,7554.28,7551.41,,2.87,,,53.11,8.168,52.24,115.06,0.058,6.64
2026-07-10,12:00,7558.1,7552.04,,6.06,,,56.45,7.941,52.24,118.88,0.088,10.46
2026-07-10,12:05,7555.78,7552.4,,3.38,,,53.93,7.62,52.24,121.2,0.067,8.14
2026-07-10,12:10,7558.32,7552.96,,5.36,,,56.23,7.342,52.24,123.74,0.086,10.68
2026-07-10,12:15,7562.03,7553.83,,8.2,,,59.42,7.188,55.26,127.45,0.113,14.39
2026-07-10,12:20,7560.25,7554.44,,5.81,,,57.26,7.004,55.26,129.23,0.098,12.61
2026-07-10,12:25,7558.24,7554.8,,3.44,,,54.85,6.701,55.26,131.24,0.081,10.6
2026-07-10,12:30,7561.55,7555.44,,6.11,,,57.99,6.528,55.26,134.55,0.103,13.91
2026-07-10,12:35,7559.17,7555.8,,3.37,,,55.02,6.417,55.26,136.93,0.084,11.53
2026-07-10,12:40,7562.43,7556.43,,6.0,,,58.18,6.204,55.26,140.19,0.105,14.79
2026-07-10,12:45,7564.7,7557.22,,7.48,,,60.27,5.973,57.25,142.46,0.12,17.06
2026-07-10,12:50,7566.34,7558.09,,8.25,,,61.76,5.69,58.42,144.1,0.13,18.7
2026-07-10,12:55,7566.38,7558.88,,7.5,,,61.8,5.499,59.64,144.14,0.13,18.74
2026-07-10,13:00,7563.27,7559.3,,3.97,,,57.1,5.424,59.64,147.25,0.106,15.63
2026-07-10,13:05,7562.56,7559.61,,2.95,,,56.05,5.182,59.64,147.96,0.101,14.92
2026-07-10,13:10,7564.16,7560.04,,4.12,,,57.93,5.02,59.64,149.56,0.11,16.52
2026-07-10,13:15,7564.89,7560.5,,4.39,,,58.79,4.851,59.64,150.29,0.115,17.25
2026-07-10,13:20,7565.67,7560.99,,4.68,,,59.74,4.626,59.64,151.07,0.119,18.03
2026-07-10,13:25,7566.29,7561.5,,4.79,,,60.52,4.419,59.64,151.69,0.123,18.65
2026-07-10,13:30,7566.61,7561.99,,4.62,,,60.94,4.261,59.64,152.01,0.125,18.97
2026-07-10,13:35,7568.9,7562.64,7555.29,6.26,13.61,7.35,63.9,4.264,62.27,154.3,0.138,21.26
2026-07-10,13:40,7567.94,7563.15,7555.79,4.79,12.15,7.36,61.79,4.146,62.27,155.26,0.131,20.3
2026-07-10,13:45,7569.27,7563.73,7556.32,5.54,12.95,7.41,63.58,3.994,62.27,156.59,0.138,21.63
2026-07-10,13:50,7568.83,7564.22,7556.81,4.61,12.02,7.41,62.53,3.825,62.27,157.03,0.135,21.19
2026-07-10,13:55,7566.44,7564.43,7557.19,2.01,9.25,7.24,57.03,3.788,62.27,159.42,0.118,18.8
2026-07-10,14:00,7566.74,7564.65,7557.56,2.09,9.18,7.09,57.54,3.678,62.27,159.72,0.12,19.1
2026-07-10,14:05,7568.93,7565.06,7558.01,3.87,10.92,7.05,61.13,3.612,62.27,161.91,0.131,21.29
2026-07-10,14:10,7569.3,7565.46,7558.45,3.84,10.85,7.01,61.72,3.541,62.89,162.28,0.133,21.66
2026-07-10,14:15,7568.38,7565.74,7558.84,2.64,9.54,6.9,59.31,3.456,62.89,163.2,0.127,20.74
2026-07-10,14:20,7569.67,7566.11,7559.26,3.56,10.41,6.85,61.57,3.444,62.89,164.49,0.134,22.03
2026-07-10,14:25,7570.38,7566.52,7559.7,3.86,10.68,6.82,62.8,3.382,63.79,165.2,0.138,22.74
2026-07-10,14:30,7571.74,7567.02,7560.17,4.72,11.57,6.85,65.1,3.288,64.04,166.56,0.145,24.1
2026-07-10,14:35,7570.25,7567.32,7560.57,2.93,9.68,6.76,60.68,3.207,64.04,168.05,0.135,22.61
2026-07-10,14:40,7571.1,7567.68,7560.98,3.42,10.12,6.7,62.25,3.131,64.18,168.9,0.139,23.46
2026-07-10,14:45,7570.97,7568.0,7561.37,2.97,9.6,6.63,61.84,3.001,64.18,169.03,0.138,23.33
2026-07-10,14:50,7571.78,7568.36,7561.78,3.42,10.0,6.58,63.45,2.935,64.37,169.84,0.142,24.14
2026-07-10,14:55,7571.26,7568.63,7562.15,2.63,9.11,6.48,61.66,2.873,64.78,170.36,0.139,23.62
2026-07-10,15:00,7575.84,7569.32,7562.69,6.52,13.15,6.63,69.77,3.059,68.32,174.94,0.161,28.2
2026-07-10,15:05,7575.33,7569.89,7563.18,5.44,12.15,6.71,68.04,3.002,69.09,175.45,0.158,27.69
2026-07-10,15:10,7577.44,7570.61,7563.74,6.83,13.7,6.87,71.22,2.955,69.51,177.56,0.168,29.8
2026-07-10,15:15,7576.47,7571.17,7564.24,5.3,12.23,6.93,67.88,2.902,69.51,178.53,0.161,28.83
2026-07-10,15:20,7575.61,7571.59,7564.69,4.02,10.92,6.9,64.97,2.83,69.51,179.39,0.156,27.97
2026-07-10,15:25,7575.64,7571.98,7565.12,3.66,10.52,6.86,65.03,2.736,69.51,179.42,0.156,28.0
2026-07-10,15:30,7575.8,7572.34,7565.54,3.46,10.26,6.81,65.35,2.715,69.51,179.58,0.157,28.16
2026-07-10,15:35,7576.86,7572.77,7565.98,4.09,10.88,6.79,67.47,2.704,69.51,180.64,0.162,29.22
2026-07-10,15:40,7576.54,7573.13,7566.39,3.41,10.15,6.74,66.15,2.663,70.52,180.96,0.16,28.9
2026-07-10,15:45,7577.39,7573.54,7566.83,3.85,10.56,6.71,67.94,2.612,70.52,181.81,0.164,29.75
2026-07-10,15:50,7577.32,7573.9,7567.24,3.42,10.08,6.66,67.63,2.671,71.77,181.88,0.163,29.68
2026-07-10,15:55,7575.38,7574.04,7567.56,1.34,7.82,6.48,59.36,2.884,71.77,183.82,0.151,27.74
2026-07-13,09:30,7559.8,,,,,,,,17.84,0.0,,12.27
2026-07-13,09:35,7558.07,,,,,,,,17.84,1.73,6.092,10.54
2026-07-13,09:40,7555.6,,,,,,,,17.84,4.2,1.921,8.07
2026-07-13,09:45,7554.54,,,,,,,,17.84,5.26,1.333,7.01
2026-07-13,09:50,7551.68,,,,,,,,21.19,8.12,0.511,4.15
2026-07-13,09:55,7561.76,,,,,,,,21.19,18.2,0.782,14.23
2026-07-13,10:00,7553.24,,,,,,,,21.19,26.72,0.214,5.71
2026-07-13,10:05,7553.43,,,,,,,,21.19,26.91,0.219,5.9
2026-07-13,10:10,7558.9,,,,,,,,21.19,32.38,0.351,11.37
2026-07-13,10:15,7543.82,,,,,,,,36.04,47.46,0.078,-3.71
2026-07-13,10:20,7553.71,,,,,,,,36.04,57.35,0.108,6.18
2026-07-13,10:25,7556.91,,,,,,,,36.04,60.55,0.155,9.38
2026-07-13,10:30,7551.92,,,,,,,,36.04,65.54,0.067,4.39
2026-07-13,10:35,7548.45,,,,,,,,36.04,69.01,0.013,0.92
2026-07-13,10:40,7541.26,,,,,,37.83,10.441,36.04,76.2,0.082,-6.27
2026-07-13,10:45,7550.0,,,,,,44.67,10.694,36.04,84.94,0.029,2.47
2026-07-13,10:50,7543.25,,,,,,40.93,10.527,36.04,91.69,0.047,-4.28
2026-07-13,10:55,7553.77,,,,,,48.21,10.633,36.04,102.21,0.061,6.24
2026-07-13,11:00,7549.94,,,,,,45.99,10.397,36.04,106.04,0.023,2.41
2026-07-13,11:05,7548.31,7552.42,,-4.11,,,45.03,9.968,36.04,107.67,0.007,0.78
2026-07-13,11:10,7546.99,7551.9,,-4.91,,,44.24,9.721,36.04,108.99,0.005,-0.54
2026-07-13,11:15,7548.93,7551.62,,-2.69,,,45.76,9.333,36.04,110.93,0.013,1.4
2026-07-13,11:20,7550.64,7551.52,,-0.88,,,47.13,8.938,36.04,112.64,0.028,3.11
2026-07-13,11:25,7549.85,7551.37,,-1.52,,,46.54,8.681,36.04,113.43,0.02,2.32
2026-07-13,11:30,7548.14,7551.06,,-2.92,,,45.24,8.402,36.04,115.14,0.005,0.61
2026-07-13,11:35,7547.3,7550.7,,-3.4,,,44.57,8.076,36.04,115.98,0.002,-0.23
2026-07-13,11:40,7543.96,7550.06,,-6.1,,,41.94,7.818,36.04,119.32,0.03,-3.57
2026-07-13,11:45,7543.17,7549.4,,-6.23,,,41.32,7.451,36.04,120.11,0.036,-4.36
2026-07-13,11:50,7542.23,7548.72,,-6.49,,,40.55,7.341,36.04,121.05,0.044,-5.3
2026-07-13,11:55,7538.29,7547.73,,-9.44,,,37.4,7.178,36.04,124.99,0.074,-9.24
2026-07-13,12:00,7537.12,7546.72,,-9.6,,,36.5,7.004,36.04,126.16,0.083,-10.41
2026-07-13,12:05,7540.89,7546.16,,-5.27,,,41.42,6.821,36.04,129.93,0.051,-6.64
2026-07-13,12:10,7540.56,7545.63,,-5.07,,,41.12,6.673,36.04,130.26,0.054,-6.97
2026-07-13,12:15,7534.77,7544.59,,-9.82,,,36.16,6.772,36.04,136.05,0.094,-12.76
2026-07-13,12:20,7532.7,7543.46,,-10.76,,,34.56,6.491,36.04,138.12,0.107,-14.83
2026-07-13,12:25,7528.7,7542.06,,-13.36,,,31.64,6.519,39.42,142.12,0.132,-18.83
2026-07-13,12:30,7522.07,7540.15,,-18.08,,,27.49,6.551,43.57,148.75,0.171,-25.46
2026-07-13,12:35,7525.02,7538.71,,-13.69,,,31.78,7.023,50.71,151.7,0.148,-22.51
2026-07-13,12:40,7528.49,7537.74,,-9.25,,,36.53,7.173,50.71,155.17,0.123,-19.04
2026-07-13,12:45,7525.38,7536.56,,-11.18,,,34.23,7.139,50.71,158.28,0.14,-22.15
2026-07-13,12:50,7520.26,7535.01,,-14.75,,,30.79,7.15,50.71,163.4,0.167,-27.27
2026-07-13,12:55,7524.36,7533.99,,-9.63,,,36.31,7.176,50.71,167.5,0.138,-23.17
2026-07-13,13:00,7524.48,7533.09,,-8.61,,,36.47,6.991,50.71,167.62,0.138,-23.05
2026-07-13,13:05,7529.61,7532.76,,-3.15,,,43.04,6.991,50.71,172.75,0.104,-17.92
2026-07-13,13:10,7526.39,7532.15,,-5.76,,,40.23,6.978,50.71,175.97,0.12,-21.14
2026-07-13,13:15,7527.92,7531.75,,-3.83,,,42.16,6.921,50.71,177.5,0.11,-19.61
2026-07-13,13:20,7522.64,7530.88,,-8.24,,,37.63,6.915,50.71,182.78,0.136,-24.89
2026-07-13,13:25,7523.54,7530.18,,-6.64,,,38.84,6.717,50.71,183.68,0.131,-23.99
2026-07-13,13:30,7524.84,7529.67,,-4.83,,,40.62,6.532,50.71,184.98,0.123,-22.69
2026-07-13,13:35,7522.32,7528.97,7541.4,-6.65,-19.08,-12.43,38.29,6.38,50.71,187.5,0.134,-25.21
2026-07-13,13:40,7525.27,7528.62,7540.77,-3.35,-15.5,-12.15,42.46,6.365,50.71,190.45,0.117,-22.26
2026-07-13,13:45,7522.06,7527.99,7540.03,-5.93,-17.97,-12.04,39.34,6.329,50.71,193.66,0.132,-25.47
2026-07-13,13:50,7519.74,7527.21,7539.24,-7.47,-19.5,-12.03,37.22,6.197,50.71,195.98,0.142,-27.79
2026-07-13,13:55,7518.07,7526.34,7538.41,-8.27,-20.34,-12.07,35.73,5.988,50.71,197.65,0.149,-29.46
2026-07-13,14:00,7522.12,7525.94,7537.77,-3.82,-15.65,-11.83,41.83,6.015,50.71,201.7,0.126,-25.41
2026-07-13,14:05,7522.29,7525.59,7537.16,-3.3,-14.87,-11.57,42.08,5.976,50.71,201.87,0.125,-25.24
2026-07-13,14:10,7523.68,7525.41,7536.63,-1.73,-12.95,-11.22,44.18,6.022,50.71,203.26,0.117,-23.85
2026-07-13,14:15,7517.56,7524.66,7535.88,-7.1,-18.32,-11.22,37.7,6.144,50.71,209.38,0.143,-29.97
2026-07-13,14:20,7520.99,7524.31,7535.3,-3.32,-14.31,-10.99,42.76,6.019,50.71,212.81,0.125,-26.54
2026-07-13,14:25,7518.13,7523.72,7534.63,-5.59,-16.5,-10.9,39.85,5.822,50.71,215.67,0.136,-29.4
2026-07-13,14:30,7518.32,7523.21,7533.99,-4.89,-15.67,-10.78,40.14,5.828,50.71,215.86,0.135,-29.21
2026-07-13,14:35,7522.66,7523.16,7533.54,-0.5,-10.88,-10.39,46.52,5.791,50.71,220.2,0.113,-24.87
2026-07-13,14:40,7524.12,7523.25,7533.17,0.87,-9.05,-9.93,48.51,5.697,50.71,221.66,0.106,-23.41
2026-07-13,14:45,7523.36,7523.26,7532.79,0.1,-9.43,-9.53,47.52,5.544,50.71,222.42,0.109,-24.17
2026-07-13,14:50,7523.86,7523.32,7532.44,0.54,-8.58,-9.12,48.27,5.486,50.71,222.92,0.106,-23.67
2026-07-13,14:55,7521.56,7523.15,7532.01,-1.59,-10.45,-8.86,45.08,5.422,50.71,225.22,0.115,-25.97
2026-07-13,15:00,7524.03,7523.23,7531.7,0.8,-7.67,-8.47,48.97,5.503,50.71,227.69,0.103,-23.5
2026-07-13,15:05,7520.49,7522.97,7531.26,-2.48,-10.77,-8.29,44.15,5.463,50.71,231.23,0.117,-27.04
2026-07-13,15:10,7518.14,7522.51,7530.74,-4.37,-12.6,-8.23,41.24,5.383,50.71,233.58,0.126,-29.39
2026-07-13,15:15,7517.86,7522.07,7530.24,-4.21,-12.38,-8.17,40.89,5.226,50.71,233.86,0.127,-29.67
2026-07-13,15:20,7515.01,7521.4,7529.64,-6.39,-14.63,-8.25,37.45,5.234,52.68,236.71,0.137,-32.52
2026-07-13,15:25,7509.23,7520.24,7528.84,-11.01,-19.61,-8.6,31.64,5.337,57.04,242.49,0.158,-38.3
2026-07-13,15:30,7511.49,7519.4,7528.16,-7.91,-16.67,-8.76,35.84,5.33,57.04,244.75,0.147,-36.04
2026-07-13,15:35,7507.8,7518.3,7527.36,-10.5,-19.56,-9.06,32.35,5.327,58.96,248.44,0.16,-39.73
2026-07-13,15:40,7514.38,7517.93,7526.85,-3.55,-12.47,-8.93,43.0,5.484,58.96,255.02,0.13,-33.15
2026-07-13,15:45,7513.98,7517.55,7526.35,-3.57,-12.37,-8.8,42.56,5.411,58.96,255.42,0.131,-33.55
2026-07-13,15:50,7516.42,7517.44,7525.96,-1.02,-9.54,-8.52,46.17,5.427,58.96,257.86,0.121,-31.11
2026-07-13,15:55,7515.9,7517.3,7525.57,-1.4,-9.67,-8.27,45.52,5.507,58.96,258.38,0.122,-31.63
2026-07-14,09:30,7522.66,,,,,,,,16.17,0.0,,-14.04
2026-07-14,09:35,7538.69,,,,,,,,18.56,16.03,0.124,1.99
2026-07-14,09:40,7539.79,,,,,,,,19.58,17.13,0.18,3.09
2026-07-14,09:45,7535.97,,,,,,,,23.66,20.95,0.035,-0.73
2026-07-14,09:50,7538.29,,,,,,,,23.66,23.27,0.068,1.59
2026-07-14,09:55,7539.82,,,,,,,,23.66,24.8,0.126,3.12
2026-07-14,10:00,7531.21,,,,,,,,23.66,33.41,0.164,-5.49
2026-07-14,10:05,7528.83,,,,,,,,23.66,35.79,0.22,-7.87
2026-07-14,10:10,7530.16,,,,,,,,23.66,37.12,0.176,-6.54
2026-07-14,10:15,7524.66,,,,,,,,31.22,42.62,0.282,-12.04
2026-07-14,10:20,7527.55,,,,,,,,31.22,45.51,0.201,-9.15
2026-07-14,10:25,7533.86,,,,,,,,31.22,51.82,0.055,-2.84
2026-07-14,10:30,7547.06,,,,,,,,44.21,65.02,0.159,10.36
2026-07-14,10:35,7545.75,,,,,,,,44.21,66.33,0.136,9.05
2026-07-14,10:40,7538.05,,,,,,60.39,11.56,44.21,74.03,0.018,1.35
2026-07-14,10:45,7534.49,,,,,,57.42,11.198,44.21,77.59,0.028,-2.21
2026-07-14,10:50,7542.1,,,,,,61.76,11.186,44.21,85.2,0.063,5.4
2026-07-14,10:55,7543.06,,,,,,62.28,10.643,44.21,86.16,0.074,6.36
2026-07-14,11:00,7550.53,,,,,,66.15,11.011,44.21,93.63,0.148,13.83
2026-07-14,11:05,7555.02,7537.38,,17.64,,,68.26,10.794,44.21,98.12,0.187,18.32
2026-07-14,11:10,7552.09,7538.78,,13.31,,,65.39,10.453,44.21,101.05,0.152,15.39
2026-07-14,11:15,7546.01,7539.47,,6.54,,,59.79,10.352,44.21,107.13,0.087,9.31
2026-07-14,11:20,7551.31,7540.6,,10.71,,,62.78,10.178,44.21,112.43,0.13,14.61
2026-07-14,11:25,7552.94,7541.77,,11.17,,,63.68,9.725,44.21,114.06,0.142,16.24
2026-07-14,11:30,7546.63,7542.23,,4.4,,,57.87,9.665,44.21,120.37,0.082,9.93
2026-07-14,11:35,7545.04,7542.5,,2.54,,,56.48,9.295,44.21,121.96,0.068,8.34
2026-07-14,11:40,7542.37,7542.49,,-0.12,,,54.11,9.393,44.21,124.63,0.045,5.67
2026-07-14,11:45,7542.88,7542.53,,0.35,,,54.51,8.988,44.21,125.14,0.049,6.18
2026-07-14,11:50,7536.77,7541.98,,-5.21,,,49.1,8.875,44.21,131.25,0.001,0.07
2026-07-14,11:55,7536.6,7541.47,,-4.87,,,48.96,8.583,44.21,131.42,0.001,-0.1
2026-07-14,12:00,7529.31,7540.31,,-11.0,,,43.06,8.672,44.21,138.71,0.053,-7.39
2026-07-14,12:05,7531.16,7539.44,,-8.28,,,44.88,8.514,44.21,140.56,0.039,-5.54
2026-07-14,12:10,7531.75,7538.7,,-6.95,,,45.47,8.307,44.21,141.15,0.035,-4.95
2026-07-14,12:15,7530.75,7537.95,,-7.2,,,44.59,8.072,44.21,142.15,0.042,-5.95
2026-07-14,12:20,7529.98,7537.19,,-7.21,,,43.89,7.884,44.21,142.92,0.047,-6.72
2026-07-14,12:25,7534.46,7536.93,,-2.47,,,48.94,7.736,44.21,147.4,0.015,-2.24
2026-07-14,12:30,7537.25,7536.96,,0.29,,,51.85,7.543,44.21,150.19,0.004,0.55
2026-07-14,12:35,7539.11,7537.16,,1.95,,,53.75,7.257,44.21,152.05,0.016,2.41
2026-07-14,12:40,7541.18,7537.55,,3.63,,,55.83,7.142,44.21,154.12,0.029,4.48
2026-07-14,12:45,7540.0,7537.78,,2.22,,,54.33,7.165,44.21,155.3,0.021,3.3
2026-07-14,12:50,7541.16,7538.1,,3.06,,,55.59,6.912,44.21,156.46,0.029,4.46
2026-07-14,12:55,7544.77,7538.74,,6.03,,,59.36,6.684,44.21,160.07,0.05,8.07
2026-07-14,13:00,7543.78,7539.22,,4.56,,,57.91,6.492,44.21,161.06,0.044,7.08
2026-07-14,13:05,7547.4,7540.0,,7.4,,,61.6,6.381,44.21,164.68,0.065,10.7
2026-07-14,13:10,7544.78,7540.45,,4.33,,,57.66,6.194,44.21,167.3,0.048,8.08
2026-07-14,13:15,7547.23,7541.1,,6.13,,,60.22,6.057,44.21,169.75,0.062,10.53
2026-07-14,13:20,7550.99,7542.04,,8.95,,,63.84,5.964,44.21,173.51,0.082,14.29
2026-07-14,13:25,7549.58,7542.76,,6.82,,,61.58,5.749,44.21,174.92,0.074,12.88
2026-07-14,13:30,7546.93,7543.16,,3.77,,,57.46,5.655,44.21,177.57,0.058,10.23
2026-07-14,13:35,7547.44,7543.56,7540.18,3.88,7.26,3.38,58.04,5.482,44.21,178.08,0.06,10.74
2026-07-14,13:40,7546.69,7543.86,7540.44,2.83,6.25,3.42,56.81,5.257,44.21,178.83,0.056,9.99
2026-07-14,13:45,7547.37,7544.2,7540.71,3.17,6.66,3.48,57.68,5.188,44.21,179.51,0.059,10.67
2026-07-14,13:50,7548.59,7544.61,7541.02,3.98,7.57,3.59,59.28,4.962,44.21,180.73,0.066,11.89
2026-07-14,13:55,7548.82,7545.01,7541.33,3.81,7.49,3.69,59.59,4.725,44.21,180.96,0.067,12.12
2026-07-14,14:00,7550.75,7545.56,7541.7,5.19,9.05,3.87,62.19,4.75,44.21,182.89,0.077,14.05
2026-07-14,14:05,7550.75,7546.05,7542.05,4.7,8.7,4.0,62.19,4.575,44.21,182.89,0.077,14.05
2026-07-14,14:10,7552.33,7546.65,7542.45,5.68,9.88,4.2,64.36,4.434,44.21,184.47,0.085,15.63
2026-07-14,14:15,7552.3,7547.19,7542.84,5.11,9.46,4.35,64.29,4.319,44.21,184.5,0.085,15.6
2026-07-14,14:20,7550.54,7547.51,7543.14,3.03,7.4,4.37,59.85,4.29,44.21,186.26,0.074,13.84
2026-07-14,14:25,7551.18,7547.86,7543.46,3.32,7.72,4.4,60.9,4.201,44.21,186.9,0.077,14.48
2026-07-14,14:30,7551.1,7548.17,7543.76,2.93,7.34,4.41,60.69,4.036,44.21,186.98,0.077,14.4
2026-07-14,14:35,7550.11,7548.35,7544.01,1.76,6.1,4.35,57.96,4.039,44.21,187.97,0.071,13.41
2026-07-14,14:40,7546.82,7548.21,7544.12,-1.39,2.7,4.09,49.92,4.11,44.21,191.26,0.053,10.12
2026-07-14,14:45,7546.32,7548.03,7544.2,-1.71,2.12,3.82,48.81,3.999,44.21,191.76,0.05,9.62
2026-07-14,14:50,7549.1,7548.13,7544.39,0.97,4.71,3.73,54.82,4.024,44.21,194.54,0.064,12.4
2026-07-14,14:55,7548.4,7548.15,7544.55,0.25,3.85,3.6,53.13,3.858,44.21,195.24,0.06,11.7
2026-07-14,15:00,7545.82,7547.93,7544.6,-2.11,1.22,3.33,47.34,3.842,44.21,197.82,0.046,9.12
2026-07-14,15:05,7545.85,7547.73,7544.65,-1.88,1.2,3.08,47.41,3.767,44.21,197.85,0.046,9.15
2026-07-14,15:10,7547.18,7547.68,7544.75,-0.5,2.43,2.93,50.62,3.765,44.21,199.18,0.053,10.48
2026-07-14,15:15,7547.67,7547.68,7544.86,-0.01,2.81,2.82,51.79,3.632,44.21,199.67,0.055,10.97
2026-07-14,15:20,7550.53,7547.95,7545.09,2.58,5.44,2.87,58.03,3.607,44.21,202.53,0.068,13.83
2026-07-14,15:25,7547.68,7547.93,7545.19,-0.25,2.49,2.74,50.95,3.589,44.21,205.38,0.053,10.98
2026-07-14,15:30,7546.52,7547.79,7545.24,-1.27,1.28,2.55,48.36,3.589,44.21,206.54,0.048,9.82
2026-07-14,15:35,7545.42,7547.57,7545.25,-2.15,0.17,2.32,45.98,3.629,44.21,207.64,0.042,8.72
2026-07-14,15:40,7548.82,7547.69,7545.39,1.13,3.43,2.3,53.6,3.683,44.21,211.04,0.057,12.12
2026-07-14,15:45,7551.17,7548.02,7545.61,3.15,5.56,2.4,58.0,3.625,44.21,213.39,0.068,14.47
2026-07-14,15:50,7546.52,7547.87,7545.65,-1.35,0.87,2.23,48.24,3.699,44.21,218.04,0.045,9.82
2026-07-14,15:55,7544.29,7547.53,7545.6,-3.24,-1.31,1.94,44.38,3.934,44.21,220.27,0.034,7.59
2026-07-15,09:30,7579.17,,,,,,,,10.38,0.0,,7.45
2026-07-15,09:35,7574.27,,,,,,,,11.17,4.9,0.52,2.55
2026-07-15,09:40,7570.29,,,,,,,,11.33,8.88,0.161,-1.43
2026-07-15,09:45,7561.29,,,,,,,,21.05,17.88,0.583,-10.43
2026-07-15,09:50,7567.06,,,,,,,,23.42,23.65,0.197,-4.66
2026-07-15,09:55,7570.09,,,,,,,,23.42,26.68,0.061,-1.63
2026-07-15,10:00,7573.97,,,,,,,,23.42,30.56,0.074,2.25
2026-07-15,10:05,7577.03,,,,,,,,23.42,33.62,0.158,5.31
2026-07-15,10:10,7572.99,,,,,,,,23.42,37.66,0.034,1.27
2026-07-15,10:15,7578.91,,,,,,,,24.16,43.58,0.165,7.19
2026-07-15,10:20,7562.36,,,,,,,,24.16,60.13,0.156,-9.36
2026-07-15,10:25,7571.85,,,,,,,,24.16,69.62,0.002,0.13
2026-07-15,10:30,7571.15,,,,,,,,24.16,70.32,0.008,-0.57
2026-07-15,10:35,7561.95,,,,,,,,24.16,79.52,0.123,-9.77
2026-07-15,10:40,7560.12,,,,,,38.29,9.83,27.63,81.35,0.143,-11.6
2026-07-15,10:45,7563.33,,,,,,40.81,9.748,27.63,84.56,0.099,-8.39
2026-07-15,10:50,7555.78,,,,,,36.99,9.815,28.54,92.11,0.173,-15.94
2026-07-15,10:55,7560.38,,,,,,40.63,9.608,28.54,96.71,0.117,-11.34
2026-07-15,11:00,7557.42,,,,,,39.07,9.349,28.54,99.67,0.143,-14.3
2026-07-15,11:05,7566.59,7567.8,,-1.21,,,46.01,9.517,28.54,108.84,0.047,-5.13
2026-07-15,11:10,7556.89,7566.76,,-9.87,,,40.72,9.632,28.54,118.54,0.125,-14.83
2026-07-15,11:15,7558.23,7565.95,,-7.72,,,41.72,9.711,33.43,119.88,0.113,-13.49
2026-07-15,11:20,7554.01,7564.81,,-10.8,,,39.47,9.594,33.43,124.1,0.143,-17.71
2026-07-15,11:25,7561.99,7564.54,,-2.55,,,45.46,9.479,33.43,132.08,0.074,-9.73
2026-07-15,11:30,7561.18,7564.22,,-3.04,,,44.97,9.29,33.43,132.89,0.079,-10.54
2026-07-15,11:35,7561.95,7564.01,,-2.06,,,45.57,9.048,33.43,133.66,0.073,-9.77
2026-07-15,11:40,7556.7,7563.31,,-6.61,,,42.21,8.902,33.43,138.91,0.108,-15.02
2026-07-15,11:45,7554.01,7562.42,,-8.41,,,40.56,8.575,33.43,141.6,0.125,-17.71
2026-07-15,11:50,7552.13,7561.44,,-9.31,,,39.4,8.317,33.43,143.48,0.137,-19.59
2026-07-15,11:55,7552.29,7560.57,,-8.28,,,39.56,8.08,33.43,143.64,0.135,-19.43
2026-07-15,12:00,7546.11,7559.19,,-13.08,,,35.68,8.245,37.97,149.82,0.171,-25.61
2026-07-15,12:05,7544.95,7557.84,,-12.89,,,34.99,8.13,41.87,150.98,0.177,-26.77
2026-07-15,12:10,7537.34,7555.89,,-18.55,,,30.77,8.218,44.52,158.59,0.217,-34.38
2026-07-15,12:15,7535.1,7553.91,,-18.81,,,29.64,7.915,46.56,160.83,0.228,-36.62
2026-07-15,12:20,7530.49,7551.68,,-21.19,,,27.4,7.87,52.04,165.44,0.249,-41.23
2026-07-15,12:25,7533.69,7549.96,,-16.27,,,31.28,7.632,52.04,168.64,0.226,-38.03
2026-07-15,12:30,7530.22,7548.08,,-17.86,,,29.44,7.613,52.1,172.11,0.241,-41.5
2026-07-15,12:35,7529.71,7546.33,,-16.62,,,29.17,7.363,54.25,172.62,0.243,-42.01
2026-07-15,12:40,7533.81,7545.14,,-11.33,,,34.4,7.346,54.55,176.72,0.215,-37.91
2026-07-15,12:45,7539.09,7544.56,,-5.47,,,40.49,7.856,54.55,182.0,0.179,-32.63
2026-07-15,12:50,7540.02,7544.13,,-4.11,,,41.52,7.659,54.55,182.93,0.173,-31.7
2026-07-15,12:55,7542.1,7543.94,,-1.84,,,43.86,7.585,54.55,185.01,0.16,-29.62
2026-07-15,13:00,7544.52,7543.99,,0.53,,,46.54,7.35,54.55,187.43,0.145,-27.2
2026-07-15,13:05,7546.46,7544.23,,2.23,,,48.66,7.254,54.55,189.37,0.133,-25.26
2026-07-15,13:10,7543.4,7544.15,,-0.75,,,45.59,7.067,54.55,192.43,0.147,-28.32
2026-07-15,13:15,7549.49,7544.66,,4.83,,,52.07,7.055,54.55,198.52,0.112,-22.23
2026-07-15,13:20,7550.48,7545.21,,5.27,,,53.05,6.83,54.55,199.51,0.106,-21.24
2026-07-15,13:25,7553.92,7546.04,,7.88,,,56.38,6.685,54.55,202.95,0.088,-17.8
2026-07-15,13:30,7556.19,7547.01,,9.18,,,58.47,6.484,54.55,205.22,0.076,-15.53
2026-07-15,13:35,7559.76,7548.22,7555.44,11.54,4.32,-7.22,61.6,6.355,54.55,208.79,0.057,-11.96
2026-07-15,13:40,7558.9,7549.24,7555.58,9.66,3.32,-6.34,60.42,6.068,54.55,209.65,0.061,-12.82
2026-07-15,13:45,7566.09,7550.84,7555.99,15.25,10.1,-5.15,66.23,6.214,54.55,216.84,0.026,-5.63
2026-07-15,13:50,7570.08,7552.68,7556.54,17.4,13.54,-3.87,68.96,6.189,54.55,220.83,0.007,-1.64
2026-07-15,13:55,7567.57,7554.09,7556.98,13.48,10.59,-2.88,65.38,5.979,54.55,223.34,0.019,-4.15
2026-07-15,14:00,7569.13,7555.53,7557.45,13.6,11.68,-1.93,66.55,5.84,54.55,224.9,0.012,-2.59
2026-07-15,14:05,7571.13,7557.01,7557.99,14.12,13.14,-0.98,68.03,5.688,54.55,226.9,0.003,-0.59
2026-07-15,14:10,7571.17,7558.36,7558.51,12.81,12.66,-0.15,68.06,5.445,54.55,226.94,0.002,-0.55
2026-07-15,14:15,7569.22,7559.4,7558.93,9.82,10.29,0.47,64.82,5.287,54.55,228.89,0.011,-2.5
2026-07-15,14:20,7573.0,7560.69,7559.48,12.31,13.52,1.21,68.0,5.277,54.55,232.67,0.006,1.28
2026-07-15,14:25,7572.27,7561.79,7559.98,10.48,12.29,1.81,66.74,5.032,54.55,233.4,0.002,0.55
2026-07-15,14:30,7574.05,7562.96,7560.53,11.09,13.52,2.43,68.28,4.894,54.55,235.18,0.01,2.33
2026-07-15,14:35,7570.33,7563.66,7560.92,6.67,9.41,2.75,61.84,4.833,54.55,238.9,0.006,-1.39
2026-07-15,14:40,7566.38,7563.92,7561.13,2.46,5.25,2.79,55.83,4.885,54.55,242.85,0.022,-5.34
2026-07-15,14:45,7562.6,7563.8,7561.19,-1.2,1.41,2.61,50.74,4.948,54.55,246.63,0.037,-9.12
2026-07-15,14:50,7558.8,7563.32,7561.09,-4.52,-2.29,2.23,46.18,4.994,54.55,250.43,0.052,-12.92
2026-07-15,14:55,7556.83,7562.7,7560.93,-5.87,-4.1,1.77,43.98,4.918,54.55,252.4,0.059,-14.89
2026-07-15,15:00,7562.46,7562.68,7560.99,-0.22,1.47,1.69,51.16,5.059,54.55,258.03,0.036,-9.26
2026-07-15,15:05,7561.08,7562.53,7560.99,-1.45,0.09,1.54,49.48,4.957,54.55,259.41,0.041,-10.64
2026-07-15,15:10,7563.26,7562.6,7561.08,0.66,2.18,1.52,52.15,4.894,54.55,261.59,0.032,-8.46
2026-07-15,15:15,7560.46,7562.39,7561.06,-1.93,-0.6,1.34,48.6,4.779,54.55,264.39,0.043,-11.26
2026-07-15,15:20,7558.32,7562.01,7560.95,-3.69,-2.63,1.06,46.03,4.697,54.55,266.53,0.05,-13.4
2026-07-15,15:25,7561.25,7561.93,7560.96,-0.68,0.29,0.97,49.94,4.742,54.55,269.46,0.039,-10.47
2026-07-15,15:30,7558.08,7561.57,7560.85,-3.49,-2.77,0.72,46.05,4.953,54.55,272.63,0.05,-13.64
2026-07-15,15:35,7563.21,7561.72,7560.94,1.49,2.27,0.78,52.49,5.101,54.55,277.76,0.031,-8.51
2026-07-15,15:40,7566.34,7562.16,7561.15,4.18,5.19,1.01,55.95,5.024,54.55,280.89,0.019,-5.38
2026-07-15,15:45,7561.32,7562.08,7561.16,-0.76,0.16,0.92,49.7,5.125,54.55,285.91,0.036,-10.4
2026-07-15,15:50,7566.87,7562.54,7561.38,4.33,5.49,1.16,55.61,5.159,54.55,291.46,0.017,-4.85
2026-07-15,15:55,7572.2,7563.46,7561.81,8.74,10.39,1.65,60.41,5.255,54.55,296.79,0.002,0.48
2026-07-16,09:30,7546.66,,,,,,,,15.99,0.0,,-12.14
2026-07-16,09:35,7541.39,,,,,,,,19.97,5.27,3.304,-17.41
2026-07-16,09:40,7537.36,,,,,,,,25.34,9.3,2.305,-21.44
2026-07-16,09:45,7535.21,,,,,,,,28.95,11.45,2.06,-23.59
2026-07-16,09:50,7539.89,,,,,,,,28.95,16.13,1.172,-18.91
2026-07-16,09:55,7545.01,,,,,,,,28.95,21.25,0.649,-13.79
2026-07-16,10:00,7552.98,,,,,,,,28.95,29.22,0.199,-5.82
2026-07-16,10:05,7560.33,,,,,,,,30.04,36.57,0.042,1.53
2026-07-16,10:10,7560.07,,,,,,,,30.99,36.83,0.034,1.27
2026-07-16,10:15,7564.66,,,,,,,,33.46,41.42,0.141,5.86
2026-07-16,10:20,7563.0,,,,,,,,33.69,43.08,0.097,4.2
2026-07-16,10:25,7570.02,,,,,,,,38.64,50.1,0.224,11.22
2026-07-16,10:30,7568.07,,,,,,,,39.02,52.05,0.178,9.27
2026-07-16,10:35,7564.71,,,,,,,,39.02,55.41,0.107,5.91
2026-07-16,10:40,7569.44,,,,,,68.94,8.902,39.02,60.14,0.177,10.64
2026-07-16,10:45,7567.5,,,,,,66.62,8.531,39.02,62.08,0.14,8.7
2026-07-16,10:50,7561.61,,,,,,60.03,8.405,39.02,67.97,0.041,2.81
2026-07-16,10:55,7566.94,,,,,,63.55,8.412,39.02,73.3,0.111,8.14
2026-07-16,11:00,7562.15,,,,,,58.56,8.366,39.02,78.09,0.043,3.35
2026-07-16,11:05,7560.68,7556.88,,3.8,,,57.09,8.248,39.02,79.56,0.024,1.88
2026-07-16,11:10,7558.83,7557.07,,1.76,,,55.2,8.128,39.02,81.41,0.0,0.03
2026-07-16,11:15,7561.69,7557.51,,4.18,,,57.54,8.024,39.02,84.27,0.034,2.89
2026-07-16,11:20,7561.54,7557.89,,3.65,,,57.37,7.92,39.02,84.42,0.032,2.74
2026-07-16,11:25,7563.99,7558.47,,5.52,,,59.46,7.976,39.02,86.87,0.06,5.19
2026-07-16,11:30,7567.77,7559.36,,8.41,,,62.53,8.066,39.02,90.65,0.099,8.97
2026-07-16,11:35,7569.3,7560.31,,8.99,,,63.72,7.898,39.02,92.18,0.114,10.5
2026-07-16,11:40,7562.53,7560.52,,2.01,,,55.32,7.975,39.02,98.95,0.038,3.73
2026-07-16,11:45,7560.81,7560.55,,0.26,,,53.39,7.862,39.02,100.67,0.02,2.01
2026-07-16,11:50,7564.02,7560.88,,3.14,,,56.44,7.737,39.02,103.88,0.05,5.22
2026-07-16,11:55,7561.51,7560.94,,0.57,,,53.49,7.565,39.02,106.39,0.025,2.71
2026-07-16,12:00,7553.62,7560.24,,-6.62,,,45.46,7.605,39.02,114.28,0.045,-5.18
2026-07-16,12:05,7555.05,7559.75,,-4.7,,,47.01,7.541,39.02,115.71,0.032,-3.75
2026-07-16,12:10,7545.77,7558.41,,-12.64,,,39.21,7.701,39.02,124.99,0.104,-13.03
2026-07-16,12:15,7547.66,7557.39,,-9.73,,,41.34,7.615,39.02,126.88,0.088,-11.14
2026-07-16,12:20,7541.36,7555.86,,-14.5,,,36.71,7.559,39.02,133.18,0.131,-17.44
2026-07-16,12:25,7544.4,7554.77,,-10.37,,,40.19,7.501,39.02,136.22,0.106,-14.4
2026-07-16,12:30,7547.36,7554.07,,-6.71,,,43.45,7.424,39.02,139.18,0.082,-11.44
2026-07-16,12:35,7544.4,7553.15,,-8.75,,,41.04,7.195,39.02,142.14,0.101,-14.4
2026-07-16,12:40,7544.99,7552.37,,-7.38,,,41.74,6.992,39.02,142.73,0.097,-13.81
2026-07-16,12:45,7545.71,7551.73,,-6.02,,,42.62,6.826,39.02,143.45,0.091,-13.09
2026-07-16,12:50,7551.88,7551.75,,0.13,,,49.69,6.861,39.02,149.62,0.046,-6.92
2026-07-16,12:55,7554.17,7551.98,,2.19,,,52.05,6.641,39.02,151.91,0.03,-4.63
2026-07-16,13:00,7551.97,7551.98,,-0.01,,,49.64,6.639,39.02,154.11,0.044,-6.83
2026-07-16,13:05,7552.39,7552.02,,0.37,,,50.12,6.587,39.02,154.53,0.041,-6.41
2026-07-16,13:10,7547.57,7551.59,,-4.02,,,44.89,6.521,39.02,159.35,0.07,-11.23
2026-07-16,13:15,7549.78,7551.42,,-1.64,,,47.59,6.304,39.02,161.56,0.056,-9.02
2026-07-16,13:20,7547.0,7551.0,,-4.0,,,44.62,6.164,39.02,164.34,0.072,-11.8
2026-07-16,13:25,7552.85,7551.18,,1.67,,,51.47,6.324,39.02,170.19,0.035,-5.95
2026-07-16,13:30,7546.73,7550.75,,-4.02,,,45.18,6.42,39.02,176.31,0.068,-12.07
2026-07-16,13:35,7542.19,7549.94,7554.73,-7.75,-12.54,-4.79,41.16,6.378,39.02,180.85,0.092,-16.61
2026-07-16,13:40,7539.13,7548.91,7554.12,-9.78,-14.99,-5.21,38.66,6.301,39.02,183.91,0.107,-19.67
2026-07-16,13:45,7542.08,7548.26,7553.65,-6.18,-11.57,-5.39,42.3,6.428,39.02,186.86,0.089,-16.72
2026-07-16,13:50,7541.22,7547.59,7553.16,-6.37,-11.94,-5.57,41.52,6.29,39.02,187.72,0.094,-17.58
2026-07-16,13:55,7538.11,7546.68,7552.57,-8.57,-14.46,-5.88,38.76,6.233,39.02,190.83,0.108,-20.69
2026-07-16,14:00,7534.17,7545.49,7551.85,-11.32,-17.68,-6.35,35.54,6.215,39.02,194.77,0.126,-24.63
2026-07-16,14:05,7532.34,7544.24,7551.08,-11.9,-18.74,-6.84,34.13,6.136,41.09,196.6,0.135,-26.46
2026-07-16,14:10,7532.22,7543.1,7550.34,-10.88,-18.12,-7.25,34.03,6.247,41.09,196.72,0.135,-26.58
2026-07-16,14:15,7537.11,7542.53,7549.82,-5.42,-12.71,-7.3,41.27,6.433,41.09,201.61,0.108,-21.69
2026-07-16,14:20,7537.87,7542.08,7549.36,-4.21,-11.49,-7.27,42.33,6.387,41.09,202.37,0.103,-20.93
2026-07-16,14:25,7534.16,7541.33,7548.76,-7.17,-14.6,-7.43,38.66,6.364,41.09,206.08,0.12,-24.64
2026-07-16,14:30,7532.3,7540.47,7548.11,-8.17,-15.81,-7.65,36.94,6.218,41.09,207.94,0.127,-26.5
2026-07-16,14:35,7528.93,7539.37,7547.36,-10.44,-18.43,-7.99,33.97,6.015,41.82,211.31,0.141,-29.87
2026-07-16,14:40,7530.21,7538.5,7546.69,-8.29,-16.48,-8.19,36.07,6.071,45.54,212.59,0.134,-28.59
2026-07-16,14:45,7532.72,7537.95,7546.14,-5.23,-13.42,-8.19,40.09,6.038,45.54,215.1,0.121,-26.08
2026-07-16,14:50,7528.42,7537.04,7545.45,-8.62,-17.03,-8.41,35.92,6.074,45.54,219.4,0.138,-30.38
2026-07-16,14:55,7527.75,7536.15,7544.75,-8.4,-17.0,-8.6,35.31,5.885,45.54,220.07,0.141,-31.05
2026-07-16,15:00,7530.55,7535.62,7544.2,-5.07,-13.65,-8.57,39.94,5.913,45.54,222.87,0.127,-28.25
2026-07-16,15:05,7522.37,7534.36,7543.34,-11.99,-20.97,-8.98,32.6,6.223,48.37,231.05,0.158,-36.43
2026-07-16,15:10,7522.5,7533.23,7542.52,-10.73,-20.02,-9.29,32.81,5.947,49.78,231.18,0.157,-36.3
2026-07-16,15:15,7522.61,7532.22,7541.74,-9.61,-19.13,-9.52,33.0,5.823,51.56,231.29,0.156,-36.19
2026-07-16,15:20,7520.5,7531.1,7540.91,-10.6,-20.41,-9.81,31.16,5.76,51.56,233.4,0.164,-38.3
2026-07-16,15:25,7516.27,7529.69,7539.94,-13.42,-23.67,-10.25,27.82,5.87,56.67,237.63,0.179,-42.53
2026-07-16,15:30,7513.08,7528.11,7538.89,-15.03,-25.81,-10.78,25.6,5.946,60.53,240.82,0.19,-45.72
2026-07-16,15:35,7515.91,7526.95,7537.99,-11.04,-22.08,-11.04,30.88,6.056,61.18,243.65,0.176,-42.89
2026-07-16,15:40,7510.33,7525.36,7536.9,-15.03,-26.57,-11.54,26.83,6.11,61.18,249.23,0.194,-48.47
2026-07-16,15:45,7506.95,7523.61,7535.73,-16.66,-28.78,-12.12,24.72,6.171,66.72,252.61,0.205,-51.85
2026-07-16,15:50,7524.42,7523.69,7535.28,0.73,-10.86,-11.6,47.67,7.0,66.72,270.08,0.127,-34.38
2026-07-16,15:55,7534.62,7524.73,7535.26,9.89,-0.64,-10.53,56.09,7.233,66.72,280.28,0.086,-24.18
2026-07-17,09:30,7433.63,,,,,,,,15.18,0.0,,-13.89
2026-07-17,09:35,7437.91,,,,,,,,17.22,4.28,2.245,-9.61
2026-07-17,09:40,7434.08,,,,,,,,18.54,8.11,1.657,-13.44
2026-07-17,09:45,7454.91,,,,,,,,24.61,28.94,0.255,7.39
2026-07-17,09:50,7464.97,,,,,,,,36.25,39.0,0.447,17.45
2026-07-17,09:55,7473.11,,,,,,,,42.41,47.14,0.543,25.59
2026-07-17,10:00,7477.56,,,,,,,,51.22,51.59,0.582,30.04
2026-07-17,10:05,7488.31,,,,,,,,58.09,62.34,0.654,40.79
2026-07-17,10:10,7489.02,,,,,,,,61.05,63.05,0.658,41.5
2026-07-17,10:15,7491.52,,,,,,,,67.17,65.55,0.671,44.0
2026-07-17,10:20,7493.93,,,,,,,,67.17,67.96,0.683,46.41
2026-07-17,10:25,7488.85,,,,,,,,67.17,73.04,0.566,41.33
2026-07-17,10:30,7485.66,,,,,,,,67.17,76.23,0.5,38.14
2026-07-17,10:35,7492.42,,,,,,,,67.17,82.99,0.541,44.9
2026-07-17,10:40,7484.19,,,,,,77.71,11.454,67.17,91.22,0.402,36.67
2026-07-17,10:45,7482.51,,,,,,76.2,11.5,67.17,92.9,0.377,34.99
2026-07-17,10:50,7478.37,,,,,,72.46,11.104,67.17,97.04,0.318,30.85
2026-07-17,10:55,7475.39,,,,,,69.81,11.199,67.17,100.02,0.279,27.87
2026-07-17,11:00,7467.41,,,,,,63.13,11.155,67.17,108.0,0.184,19.89
2026-07-17,11:05,7473.22,7473.35,,-0.13,,,65.7,10.931,67.17,113.81,0.226,25.7
2026-07-17,11:10,7468.54,7472.89,,-4.35,,,61.96,10.876,67.17,118.49,0.177,21.02
2026-07-17,11:15,7470.16,7472.63,,-2.47,,,62.75,10.706,67.17,120.11,0.188,22.64
2026-07-17,11:20,7467.77,7472.17,,-4.4,,,60.74,10.623,67.17,122.5,0.165,20.25
2026-07-17,11:25,7479.73,7472.89,,6.84,,,66.52,10.809,67.17,134.46,0.24,32.21
2026-07-17,11:30,7475.65,7473.15,,2.5,,,63.11,10.652,67.17,138.54,0.203,28.13
2026-07-17,11:35,7482.17,7474.01,,8.16,,,66.1,10.787,67.17,145.06,0.239,34.65
2026-07-17,11:40,7479.84,7474.57,,5.27,,,64.1,10.643,67.17,147.39,0.219,32.32
2026-07-17,11:45,7480.79,7475.16,,5.63,,,64.57,10.352,67.17,148.34,0.224,33.27
2026-07-17,11:50,7486.29,7476.22,,10.07,,,67.25,10.218,67.17,153.84,0.252,38.77
2026-07-17,11:55,7494.56,7477.96,,16.6,,,70.82,10.196,67.17,162.11,0.29,47.04
2026-07-17,12:00,7480.26,7478.18,,2.08,,,58.86,10.81,67.17,176.41,0.186,32.74
2026-07-17,12:05,7485.15,7478.85,,6.3,,,61.27,10.768,67.17,181.3,0.208,37.63
2026-07-17,12:10,7488.88,7479.8,,9.08,,,63.05,10.424,67.17,185.03,0.224,41.36
2026-07-17,12:15,7489.87,7480.76,,9.11,,,63.53,10.07,67.17,186.02,0.228,42.35
2026-07-17,12:20,7478.49,7480.55,,-2.06,,,54.75,10.246,67.17,197.4,0.157,30.97
2026-07-17,12:25,7485.19,7480.99,,4.2,,,58.4,10.433,67.17,204.1,0.185,37.67
2026-07-17,12:30,7481.93,7481.08,,0.85,,,56.03,10.077,67.17,207.36,0.166,34.41
2026-07-17,12:35,7484.49,7481.4,,3.09,,,57.49,9.663,67.17,209.92,0.176,36.97
2026-07-17,12:40,7488.84,7482.11,,6.73,,,59.92,9.546,67.17,214.27,0.193,41.32
2026-07-17,12:45,7494.18,7483.26,,10.92,,,62.73,9.377,67.17,219.61,0.212,46.66
2026-07-17,12:50,7495.03,7484.38,,10.65,,,63.17,9.165,67.21,220.46,0.216,47.51
2026-07-17,12:55,7488.81,7484.8,,4.01,,,57.76,9.065,67.21,226.68,0.182,41.29
2026-07-17,13:00,7492.56,7485.54,,7.02,,,59.99,8.987,67.21,230.43,0.195,45.04
2026-07-17,13:05,7495.75,7486.51,,9.24,,,61.83,8.727,67.21,233.62,0.206,48.23
2026-07-17,13:10,7489.96,7486.84,,3.12,,,56.72,8.592,67.21,239.41,0.177,42.44
2026-07-17,13:15,7489.41,7487.09,,2.32,,,56.25,8.478,67.21,239.96,0.175,41.89
2026-07-17,13:20,7488.68,7487.24,,1.44,,,55.58,8.16,67.21,240.69,0.171,41.16
2026-07-17,13:25,7494.5,7487.93,,6.57,,,59.68,8.113,67.21,246.51,0.191,46.98
2026-07-17,13:30,7492.21,7488.34,,3.87,,,57.43,7.824,67.21,248.8,0.18,44.69
2026-07-17,13:35,7486.55,7488.17,7480.46,-1.62,6.09,7.7,52.21,7.789,67.21,254.46,0.153,39.03
2026-07-17,13:40,7481.81,7487.56,7480.52,-5.75,1.29,7.04,48.25,7.622,67.21,259.2,0.132,34.29
2026-07-17,13:45,7480.75,7486.91,7480.53,-6.16,0.22,6.39,47.38,7.379,67.21,260.26,0.128,33.23
2026-07-17,13:50,7475.3,7485.81,7480.32,-10.51,-5.02,5.49,43.1,7.44,67.21,265.71,0.105,27.78
2026-07-17,13:55,7471.23,7484.42,7479.96,-13.19,-8.73,4.45,40.18,7.34,67.21,269.78,0.088,23.71
2026-07-17,14:00,7472.3,7483.26,7479.66,-10.96,-7.36,3.6,41.31,7.348,67.21,270.85,0.091,24.78
2026-07-17,14:05,7468.49,7481.86,7479.23,-13.37,-10.74,2.63,38.53,7.182,67.21,274.66,0.076,20.97
2026-07-17,14:10,7466.67,7480.41,7478.73,-13.74,-12.06,1.68,37.24,6.993,67.21,276.48,0.069,19.15
2026-07-17,14:15,7463.75,7478.82,7478.15,-15.07,-14.4,0.68,35.2,6.868,67.21,279.4,0.058,16.23
2026-07-17,14:20,7462.93,7477.31,7477.55,-14.38,-14.62,-0.24,34.63,6.752,67.21,280.22,0.055,15.41
2026-07-17,14:25,7462.24,7475.88,7476.95,-13.64,-14.71,-1.07,34.13,6.591,67.21,280.91,0.052,14.72
2026-07-17,14:30,7462.36,7474.59,7476.38,-12.23,-14.02,-1.79,34.31,6.742,67.21,281.03,0.053,14.84
2026-07-17,14:35,7462.76,7473.46,7475.84,-10.7,-13.08,-2.38,34.94,6.537,67.21,281.43,0.054,15.24
2026-07-17,14:40,7458.44,7472.03,7475.16,-13.59,-16.72,-3.13,31.42,6.556,67.21,285.75,0.038,10.92
2026-07-17,14:45,7464.55,7471.32,7474.74,-6.77,-10.19,-3.43,40.55,6.874,67.21,291.86,0.058,17.03
2026-07-17,14:50,7470.95,7471.28,7474.6,-0.33,-3.65,-3.31,48.31,6.996,67.21,298.26,0.079,23.43
2026-07-17,14:55,7469.81,7471.14,7474.41,-1.33,-4.6,-3.26,47.13,6.8,67.21,299.4,0.074,22.29
2026-07-17,15:00,7464.01,7470.46,7474.0,-6.45,-9.99,-3.54,41.57,6.814,67.21,305.2,0.054,16.49
2026-07-17,15:05,7459.45,7469.41,7473.43,-9.96,-13.98,-4.01,37.79,6.728,67.21,309.76,0.039,11.93
2026-07-17,15:10,7452.46,7467.8,7472.61,-15.34,-20.15,-4.81,32.86,6.797,67.21,316.75,0.016,4.94
2026-07-17,15:15,7454.26,7466.51,7471.89,-12.25,-17.63,-5.38,35.2,6.594,67.21,318.55,0.021,6.74
2026-07-17,15:20,7448.65,7464.81,7470.98,-16.16,-22.33,-6.17,31.51,6.524,67.21,324.16,0.003,1.13
2026-07-17,15:25,7456.63,7464.03,7470.41,-7.4,-13.78,-6.38,40.99,6.919,67.21,332.14,0.027,9.11
2026-07-17,15:30,7455.36,7463.2,7469.82,-7.84,-14.46,-6.62,40.04,6.968,67.21,333.41,0.024,7.84
2026-07-17,15:35,7453.86,7462.31,7469.2,-8.45,-15.34,-6.88,38.9,6.995,67.21,334.91,0.019,6.34
2026-07-17,15:40,7460.37,7462.13,7468.85,-1.76,-8.48,-6.72,46.11,7.181,67.21,341.42,0.038,12.85
2026-07-17,15:45,7465.43,7462.44,7468.72,2.99,-3.29,-6.27,50.96,7.107,67.21,346.48,0.052,17.91
2026-07-17,15:50,7465.59,7462.74,7468.59,2.85,-3.0,-5.85,51.1,7.095,67.21,346.64,0.052,18.07
2026-07-17,15:55,7457.78,7462.27,7468.17,-4.49,-10.39,-5.9,44.04,7.556,67.21,354.45,0.029,10.26
2026-07-20,09:30,7505.6,,,,,,,,16.99,0.0,,16.42
2026-07-20,09:35,7506.91,,,,,,,,24.05,1.31,13.534,17.73
2026-07-20,09:40,7512.14,,,,,,,,24.05,6.54,3.511,22.96
2026-07-20,09:45,7502.21,,,,,,,,24.05,16.47,0.791,13.03
2026-07-20,09:50,7490.85,,,,,,,,24.37,27.83,0.06,1.67
2026-07-20,09:55,7483.41,,,,,,,,31.71,35.27,0.164,-5.77
2026-07-20,10:00,7484.83,,,,,,,,33.39,36.69,0.119,-4.35
2026-07-20,10:05,7479.8,,,,,,,,34.42,41.72,0.225,-9.38
2026-07-20,10:10,7475.09,,,,,,,,40.24,46.43,0.303,-14.09
2026-07-20,10:15,7474.39,,,,,,,,41.43,47.13,0.314,-14.79
2026-07-20,10:20,7475.92,,,,,,,,44.62,48.66,0.273,-13.26
2026-07-20,10:25,7482.86,,,,,,,,44.62,55.6,0.114,-6.32
2026-07-20,10:30,7478.24,,,,,,,,44.62,60.22,0.182,-10.94
2026-07-20,10:35,7478.8,,,,,,,,44.62,60.78,0.171,-10.38
2026-07-20,10:40,7474.84,,,,,,26.24,8.722,44.62,64.74,0.222,-14.34
2026-07-20,10:45,7471.64,,,,,,24.92,8.863,44.62,67.94,0.258,-17.54
2026-07-20,10:50,7468.58,,,,,,23.68,8.744,46.01,71.0,0.29,-20.6
2026-07-20,10:55,7466.02,,,,,,22.67,8.649,50.86,73.56,0.315,-23.16
2026-07-20,11:00,7471.47,,,,,,29.56,8.807,50.86,79.01,0.224,-17.71
2026-07-20,11:05,7479.27,7483.14,,-3.87,,,38.07,9.284,50.86,86.81,0.114,-9.91
2026-07-20,11:10,7473.48,7482.22,,-8.74,,,34.72,9.128,50.86,92.6,0.17,-15.7
2026-07-20,11:15,7478.21,7481.84,,-3.63,,,39.41,9.105,50.86,97.33,0.113,-10.97
2026-07-20,11:20,7482.67,7481.92,,0.75,,,43.53,9.035,50.86,101.79,0.064,-6.51
2026-07-20,11:25,7484.35,7482.15,,2.2,,,45.05,8.875,50.86,103.47,0.047,-4.83
2026-07-20,11:30,7484.15,7482.34,,1.81,,,44.89,8.395,50.86,103.67,0.049,-5.03
2026-07-20,11:35,7480.37,7482.15,,-1.78,,,41.96,8.167,50.86,107.45,0.082,-8.81
2026-07-20,11:40,7484.61,7482.39,,2.22,,,46.21,8.006,50.86,111.69,0.041,-4.57
2026-07-20,11:45,7478.26,7481.99,,-3.73,,,41.33,8.067,50.86,118.04,0.093,-10.92
2026-07-20,11:50,7488.07,7482.57,,5.5,,,50.09,8.355,50.86,127.85,0.009,-1.11
2026-07-20,11:55,7485.56,7482.86,,2.7,,,48.11,8.095,50.86,130.36,0.028,-3.62
2026-07-20,12:00,7487.68,7483.32,,4.36,,,49.91,7.98,50.86,132.48,0.011,-1.5
2026-07-20,12:05,7493.64,7484.3,,9.34,,,54.67,7.86,50.86,138.44,0.032,4.46
2026-07-20,12:10,7493.72,7485.2,,8.52,,,54.73,7.523,50.86,138.52,0.033,4.54
2026-07-20,12:15,7492.57,7485.9,,6.67,,,53.6,7.274,50.86,139.67,0.024,3.39
2026-07-20,12:20,7493.29,7486.6,,6.69,,,54.24,6.935,50.86,140.39,0.029,4.11
2026-07-20,12:25,7490.75,7487.0,,3.75,,,51.53,6.88,50.86,142.93,0.011,1.57
2026-07-20,12:30,7484.28,7486.74,,-2.46,,,45.32,7.042,50.86,149.4,0.033,-4.9
2026-07-20,12:35,7489.21,7486.97,,2.24,,,50.24,6.924,50.86,154.33,0.0,0.03
2026-07-20,12:40,7479.53,7486.27,,-6.74,,,42.21,7.653,50.86,164.01,0.059,-9.65
2026-07-20,12:45,7487.06,7486.34,,0.72,,,49.04,7.748,50.86,171.54,0.012,-2.12
2026-07-20,12:50,7475.59,7485.32,,-9.73,,,41.08,8.066,50.86,183.01,0.074,-13.59
2026-07-20,12:55,7475.29,7484.36,,-9.07,,,40.89,7.751,50.86,183.31,0.076,-13.89
2026-07-20,13:00,7470.95,7483.09,,-12.14,,,38.19,7.641,50.86,187.65,0.097,-18.23
2026-07-20,13:05,7471.19,7481.95,,-10.76,,,38.43,7.421,50.86,187.89,0.096,-17.99
2026-07-20,13:10,7464.88,7480.33,,-15.45,,,34.59,7.433,50.86,194.2,0.125,-24.3
2026-07-20,13:15,7467.1,7479.07,,-11.97,,,36.97,7.392,51.85,196.42,0.112,-22.08
2026-07-20,13:20,7466.66,7477.89,,-11.23,,,36.69,7.194,51.85,196.86,0.114,-22.52
2026-07-20,13:25,7466.84,7476.83,,-9.99,,,36.9,6.971,51.85,197.04,0.113,-22.34
2026-07-20,13:30,7468.6,7476.05,,-7.45,,,39.08,6.786,51.85,198.8,0.104,-20.58
2026-07-20,13:35,7465.92,7475.08,7481.35,-9.16,-15.43,-6.26,36.99,6.672,51.85,201.48,0.115,-23.26
2026-07-20,13:40,7463.19,7473.95,7480.63,-10.76,-17.44,-6.68,34.93,6.504,51.85,204.21,0.127,-25.99
2026-07-20,13:45,7467.96,7473.38,7480.14,-5.42,-12.18,-6.76,41.09,6.466,51.85,208.98,0.102,-21.22
2026-07-20,13:50,7472.32,7473.28,7479.83,-0.96,-7.51,-6.55,46.11,6.444,51.85,213.34,0.079,-16.86
2026-07-20,13:55,7471.11,7473.07,7479.49,-1.96,-8.38,-6.42,44.96,6.301,51.85,214.55,0.084,-18.07
2026-07-20,14:00,7473.61,7473.12,7479.26,0.49,-5.65,-6.13,47.84,6.267,51.85,217.05,0.072,-15.57
2026-07-20,14:05,7474.35,7473.24,7479.07,1.11,-4.72,-5.83,48.7,6.076,51.85,217.79,0.068,-14.83
2026-07-20,14:10,7475.95,7473.5,7478.94,2.45,-2.99,-5.44,50.59,5.986,51.85,219.39,0.06,-13.23
2026-07-20,14:15,7477.74,7473.9,7478.9,3.84,-1.16,-4.99,52.68,5.876,51.85,221.18,0.052,-11.44
2026-07-20,14:20,7468.42,7473.38,7478.49,-4.96,-10.07,-5.11,42.55,6.168,51.85,230.5,0.09,-20.76
2026-07-20,14:25,7470.54,7473.11,7478.17,-2.57,-7.63,-5.06,45.14,6.158,51.85,232.62,0.08,-18.64
2026-07-20,14:30,7462.02,7472.05,7477.54,-10.03,-15.52,-5.49,37.78,6.443,52.77,241.14,0.113,-27.16
2026-07-20,14:35,7460.32,7470.94,7476.87,-10.62,-16.55,-5.93,36.5,6.549,53.32,242.84,0.119,-28.86
2026-07-20,14:40,7450.8,7469.02,7475.84,-18.22,-25.04,-6.82,30.32,6.787,62.43,252.36,0.152,-38.38
2026-07-20,14:45,7452.95,7467.49,7474.95,-14.54,-22.0,-7.46,33.07,6.71,63.69,254.51,0.142,-36.23
2026-07-20,14:50,7455.91,7466.39,7474.2,-10.48,-18.29,-7.81,36.79,6.646,63.69,257.47,0.129,-33.27
2026-07-20,14:55,7452.87,7465.1,7473.36,-12.23,-20.49,-8.26,34.66,6.599,63.69,260.51,0.139,-36.31
2026-07-20,15:00,7451.29,7463.78,7472.5,-12.49,-21.21,-8.71,33.57,6.644,63.69,262.09,0.145,-37.89
2026-07-20,15:05,7452.43,7462.7,7471.71,-10.27,-19.28,-9.01,35.15,6.523,65.03,263.23,0.14,-36.75
2026-07-20,15:10,7442.83,7460.81,7470.58,-17.98,-27.75,-9.77,28.92,6.99,70.4,272.83,0.17,-46.35
2026-07-20,15:15,7444.3,7459.24,7469.55,-14.94,-25.25,-10.31,30.94,6.946,72.7,274.3,0.164,-44.88
2026-07-20,15:20,7448.37,7458.2,7468.72,-9.83,-20.35,-10.51,36.33,6.873,72.7,278.37,0.147,-40.81
2026-07-20,15:25,7452.14,7457.62,7468.07,-5.48,-15.93,-10.44,40.93,7.088,72.7,282.14,0.131,-37.04
2026-07-20,15:30,7455.24,7457.4,7467.56,-2.16,-12.32,-10.17,44.48,7.136,72.7,285.24,0.119,-33.94
2026-07-20,15:35,7454.25,7457.1,7467.04,-2.85,-12.79,-9.94,43.58,7.033,72.7,286.23,0.122,-34.93
2026-07-20,15:40,7454.69,7456.87,7466.56,-2.18,-11.87,-9.69,44.13,6.905,72.7,286.67,0.12,-34.49
2026-07-20,15:45,7455.99,7456.78,7466.14,-0.79,-10.15,-9.36,45.78,6.789,72.7,287.97,0.115,-33.19
2026-07-20,15:50,7446.74,7455.83,7465.38,-9.09,-18.64,-9.55,37.3,7.143,72.7,297.22,0.143,-42.44
2026-07-20,15:55,7444.73,7454.77,7464.57,-10.04,-19.84,-9.8,35.76,7.032,72.7,299.23,0.149,-44.45
2026-07-21,09:30,7483.14,,,,,,,,14.55,0.0,,-6.81
2026-07-21,09:35,7480.26,,,,,,,,14.55,2.88,3.365,-9.69
2026-07-21,09:40,7470.75,,,,,,,,23.45,12.39,1.55,-19.2
2026-07-21,09:45,7474.9,,,,,,,,24.64,16.54,0.91,-15.05
2026-07-21,09:50,7476.49,,,,,,,,24.64,18.13,0.742,-13.46
2026-07-21,09:55,7478.63,,,,,,,,24.64,20.27,0.558,-11.32
2026-07-21,10:00,7479.84,,,,,,,,24.64,21.48,0.471,-10.11
2026-07-21,10:05,7477.55,,,,,,,,24.64,23.77,0.522,-12.4
2026-07-21,10:10,7482.15,,,,,,,,24.64,28.37,0.275,-7.8
2026-07-21,10:15,7485.31,,,,,,,,24.64,31.53,0.147,-4.64
2026-07-21,10:20,7485.43,,,,,,,,24.64,31.65,0.143,-4.52
2026-07-21,10:25,7493.8,,,,,,,,26.91,40.02,0.096,3.85
2026-07-21,10:30,7493.53,,,,,,,,29.05,40.29,0.089,3.58
2026-07-21,10:35,7488.11,,,,,,,,29.05,45.71,0.04,-1.84
2026-07-21,10:40,7491.17,,,,,,58.23,8.671,29.05,48.77,0.025,1.22
2026-07-21,10:45,7493.88,,,,,,60.59,8.552,29.05,51.48,0.076,3.93
2026-07-21,10:50,7491.44,,,,,,57.45,8.276,29.05,53.92,0.028,1.49
2026-07-21,10:55,7492.72,,,,,,58.66,7.992,29.05,55.2,0.05,2.77
2026-07-21,11:00,7485.22,,,,,,49.72,8.231,29.05,62.7,0.075,-4.73
2026-07-21,11:05,7495.59,7485.0,,10.59,,,59.02,8.526,29.05,73.07,0.077,5.64
2026-07-21,11:10,7497.49,7486.19,,11.3,,,60.46,8.279,32.48,74.97,0.101,7.54
2026-07-21,11:15,7499.82,7487.48,,12.34,,,62.22,7.951,32.77,77.3,0.128,9.87
2026-07-21,11:20,7501.84,7488.85,,12.99,,,63.72,7.782,36.5,79.32,0.15,11.89
2026-07-21,11:25,7504.72,7490.36,,14.36,,,65.81,7.488,37.29,82.2,0.18,14.77
2026-07-21,11:30,7503.33,7491.6,,11.73,,,63.9,7.321,37.29,83.59,0.16,13.38
2026-07-21,11:35,7500.97,7492.49,,8.48,,,60.67,7.167,37.29,85.95,0.128,11.02
2026-07-21,11:40,7501.25,7493.32,,7.93,,,60.92,6.872,37.29,86.23,0.131,11.3
2026-07-21,11:45,7503.93,7494.33,,9.6,,,63.35,6.654,37.29,88.91,0.157,13.98
2026-07-21,11:50,7501.96,7495.06,,6.9,,,60.38,6.423,37.29,90.88,0.132,12.01
2026-07-21,11:55,7499.52,7495.49,,4.03,,,56.84,6.318,37.29,93.32,0.103,9.57
2026-07-21,12:00,7506.76,7496.56,,10.2,,,63.66,6.403,38.9,100.56,0.167,16.81
2026-07-21,12:05,7506.46,7497.5,,8.96,,,63.21,6.104,40.29,100.86,0.164,16.51
2026-07-21,12:10,7507.4,7498.44,,8.96,,,64.06,5.831,40.29,101.8,0.171,17.45
2026-07-21,12:15,7509.96,7499.54,,10.42,,,66.34,5.62,42.2,104.36,0.192,20.01
2026-07-21,12:20,7510.94,7500.63,,10.31,,,67.2,5.438,44.79,105.34,0.199,20.99
2026-07-21,12:25,7511.47,7501.66,,9.81,,,67.68,5.243,44.79,105.87,0.203,21.52
2026-07-21,12:30,7512.69,7502.71,,9.98,,,68.81,5.05,44.96,107.09,0.212,22.74
2026-07-21,12:35,7512.23,7503.62,,8.61,,,67.84,4.842,44.96,107.55,0.207,22.28
2026-07-21,12:40,7511.52,7504.37,,7.15,,,66.3,4.682,45.31,108.26,0.199,21.57
2026-07-21,12:45,7510.3,7504.93,,5.37,,,63.62,4.514,45.31,109.48,0.186,20.35
2026-07-21,12:50,7514.8,7505.87,,8.93,,,68.65,4.533,46.94,113.98,0.218,24.85
2026-07-21,12:55,7511.78,7506.44,,5.34,,,62.42,4.467,47.45,117.0,0.187,21.83
2026-07-21,13:00,7511.23,7506.89,,4.34,,,61.32,4.31,47.45,117.55,0.181,21.28
2026-07-21,13:05,7512.52,7507.43,,5.09,,,62.96,4.209,47.45,118.84,0.19,22.57
2026-07-21,13:10,7511.89,7507.85,,4.04,,,61.59,4.053,47.45,119.47,0.184,21.94
2026-07-21,13:15,7508.83,7507.95,,0.88,,,55.29,3.996,47.45,122.53,0.154,18.88
2026-07-21,13:20,7509.66,7508.11,,1.55,,,56.59,3.884,47.45,123.36,0.16,19.71
2026-07-21,13:25,7509.34,7508.23,,1.11,,,55.91,3.77,47.45,123.68,0.157,19.39
2026-07-21,13:30,7508.97,7508.3,,0.67,,,55.1,3.728,47.45,124.05,0.153,19.02
2026-07-21,13:35,7512.59,7508.71,7498.52,3.88,14.07,10.18,61.08,3.751,47.45,127.67,0.177,22.64
2026-07-21,13:40,7511.98,7509.02,7499.05,2.96,12.93,9.97,59.64,3.633,47.45,128.28,0.172,22.03
2026-07-21,13:45,7513.67,7509.46,7499.62,4.21,14.05,9.84,62.3,3.597,47.45,129.97,0.183,23.72
2026-07-21,13:50,7512.16,7509.72,7500.11,2.44,12.05,9.6,58.59,3.511,47.45,131.48,0.169,22.21
2026-07-21,13:55,7511.53,7509.89,7500.56,1.64,10.97,9.33,57.06,3.393,47.45,132.11,0.163,21.58
2026-07-21,14:00,7509.79,7509.88,7500.92,-0.09,8.87,8.96,52.95,3.467,47.45,133.85,0.148,19.84
2026-07-21,14:05,7510.1,7509.9,7501.28,0.2,8.82,8.62,53.59,3.391,47.45,134.16,0.15,20.15
2026-07-21,14:10,7507.47,7509.67,7501.53,-2.2,5.94,8.14,47.66,3.404,47.45,136.79,0.128,17.52
2026-07-21,14:15,7507.25,7509.44,7501.75,-2.19,5.5,7.69,47.19,3.258,47.45,137.01,0.126,17.3
2026-07-21,14:20,7508.73,7509.37,7502.02,-0.64,6.71,7.35,50.72,3.252,47.45,138.49,0.136,18.78
2026-07-21,14:25,7507.45,7509.19,7502.24,-1.74,5.21,6.95,47.75,3.222,47.45,139.77,0.125,17.5
2026-07-21,14:30,7505.27,7508.82,7502.36,-3.55,2.91,6.46,43.12,3.235,47.45,141.95,0.108,15.32
2026-07-21,14:35,7507.0,7508.64,7502.54,-1.64,4.46,6.1,47.47,3.18,47.45,143.68,0.119,17.05
2026-07-21,14:40,7510.97,7508.86,7502.87,2.11,8.1,6.0,55.82,3.361,47.45,147.65,0.142,21.02
2026-07-21,14:45,7510.42,7509.01,7503.17,1.41,7.25,5.85,54.53,3.307,47.45,148.2,0.138,20.47
2026-07-21,14:50,7507.91,7508.91,7503.35,-1.0,4.56,5.56,48.95,3.257,47.45,150.71,0.119,17.96
2026-07-21,14:55,7509.04,7508.92,7503.57,0.12,5.47,5.35,51.37,3.157,47.45,151.84,0.126,19.09
2026-07-21,15:00,7508.26,7508.86,7503.76,-0.6,4.5,5.1,49.62,3.155,47.45,152.62,0.12,18.31
2026-07-21,15:05,7506.49,7508.63,7503.87,-2.14,2.62,4.77,45.82,3.155,47.45,154.39,0.107,16.54
2026-07-21,15:10,7507.76,7508.55,7504.02,-0.79,3.74,4.53,48.85,3.104,47.45,155.66,0.114,17.81
2026-07-21,15:15,7508.61,7508.55,7504.2,0.06,4.41,4.36,50.83,3.066,47.45,156.51,0.119,18.66
2026-07-21,15:20,7508.38,7508.54,7504.36,-0.16,4.02,4.18,50.26,2.989,47.45,156.74,0.118,18.43
2026-07-21,15:25,7507.66,7508.45,7504.49,-0.79,3.17,3.96,48.44,2.921,47.45,157.46,0.112,17.71
2026-07-21,15:30,7506.66,7508.28,7504.58,-1.62,2.08,3.71,45.95,2.874,47.45,158.46,0.105,16.71
2026-07-21,15:35,7509.62,7508.41,7504.77,1.21,4.85,3.64,53.56,2.986,47.45,161.42,0.122,19.67
2026-07-21,15:40,7510.71,7508.63,7505.01,2.08,5.7,3.62,56.02,3.005,47.45,162.51,0.128,20.76
2026-07-21,15:45,7511.11,7508.87,7505.25,2.24,5.86,3.62,56.92,3.029,47.45,162.91,0.13,21.16
2026-07-21,15:50,7509.21,7508.9,7505.4,0.31,3.81,3.5,51.52,3.052,47.45,164.81,0.117,19.26
2026-07-21,15:55,7507.32,7508.75,7505.48,-1.43,1.84,3.27,46.77,3.125,47.45,166.7,0.104,17.37
2026-07-22,09:30,7497.8,,,,,,,,14.97,0.0,,0.33
2026-07-22,09:35,7498.99,,,,,,,,14.97,1.19,1.277,1.52
2026-07-22,09:40,7501.3,,,,,,,,16.67,3.5,1.094,3.83
2026-07-22,09:45,7502.83,,,,,,,,20.42,5.03,1.066,5.36
2026-07-22,09:50,7506.96,,,,,,,,21.11,9.16,1.036,9.49
2026-07-22,09:55,7513.24,,,,,,,,27.39,15.44,1.021,15.77
2026-07-22,10:00,7515.23,,,,,,,,29.46,17.43,1.019,17.76
2026-07-22,10:05,7510.13,,,,,,,,33.37,22.53,0.562,12.66
2026-07-22,10:10,7507.79,,,,,,,,33.37,24.87,0.415,10.32
2026-07-22,10:15,7506.66,,,,,,,,33.37,26.0,0.353,9.19
2026-07-22,10:20,7501.37,,,,,,,,33.37,31.29,0.125,3.9
2026-07-22,10:25,7499.0,,,,,,,,33.37,33.66,0.045,1.53
2026-07-22,10:30,7497.48,,,,,,,,33.37,35.18,0.0,0.01
2026-07-22,10:35,7498.36,,,,,,,,33.37,36.06,0.025,0.89
2026-07-22,10:40,7493.33,,,,,,44.56,6.244,33.37,41.09,0.101,-4.14
2026-07-22,10:45,7498.55,,,,,,51.23,6.341,33.37,46.31,0.023,1.08
2026-07-22,10:50,7499.4,,,,,,52.24,6.26,33.37,47.16,0.041,1.93
2026-07-22,10:55,7505.1,,,,,,58.44,6.434,33.37,52.86,0.144,7.63
2026-07-22,11:00,7508.68,,,,,,61.8,6.351,33.37,56.44,0.199,11.21
2026-07-22,11:05,7511.8,7503.7,,8.1,,,64.49,6.288,33.37,59.56,0.241,14.33
2026-07-22,11:10,7514.83,7504.76,,10.07,,,66.93,6.138,33.37,62.59,0.277,17.36
2026-07-22,11:15,7514.16,7505.66,,8.5,,,65.85,6.035,33.37,63.26,0.264,16.69
2026-07-22,11:20,7518.39,7506.87,,11.52,,,69.22,5.931,33.37,67.49,0.31,20.92
2026-07-22,11:25,7519.8,7508.1,,11.7,,,70.27,5.803,36.37,68.9,0.324,22.33
2026-07-22,11:30,7515.41,7508.8,,6.61,,,63.05,5.806,36.37,73.29,0.245,17.94
2026-07-22,11:35,7514.34,7509.32,,5.02,,,61.39,5.633,36.37,74.36,0.227,16.87
2026-07-22,11:40,7515.3,7509.89,,5.41,,,62.34,5.477,36.37,75.32,0.237,17.83
2026-07-22,11:45,7519.06,7510.77,,8.29,,,65.9,5.359,36.37,79.08,0.273,21.59
2026-07-22,11:50,7518.39,7511.49,,6.9,,,64.73,5.253,36.37,79.75,0.262,20.92
2026-07-22,11:55,7523.0,7512.59,,10.41,,,68.84,5.283,37.2,84.36,0.303,25.53
2026-07-22,12:00,7522.61,7513.54,,9.07,,,68.12,5.124,37.68,84.75,0.297,25.14
2026-07-22,12:05,7522.95,7514.44,,8.51,,,68.43,5.002,38.93,85.09,0.299,25.48
2026-07-22,12:10,7523.02,7515.26,,7.76,,,68.5,4.815,38.93,85.16,0.3,25.55
2026-07-22,12:15,7524.97,7516.18,,8.79,,,70.42,4.689,39.48,87.11,0.316,27.5
2026-07-22,12:20,7524.25,7516.95,,7.3,,,68.75,4.487,39.48,87.83,0.305,26.78
2026-07-22,12:25,7524.13,7517.63,,6.5,,,68.46,4.323,39.48,87.95,0.303,26.66
2026-07-22,12:30,7524.87,7518.32,,6.55,,,69.32,4.192,40.09,88.69,0.309,27.4
2026-07-22,12:35,7524.01,7518.86,,5.15,,,67.03,4.024,40.09,89.55,0.296,26.54
2026-07-22,12:40,7522.96,7519.25,,3.71,,,64.24,3.913,40.09,90.6,0.281,25.49
2026-07-22,12:45,7521.56,7519.47,,2.09,,,60.62,3.865,40.09,92.0,0.262,24.09
2026-07-22,12:50,7520.85,7519.6,,1.25,,,58.8,3.723,40.09,92.71,0.252,23.38
2026-07-22,12:55,7523.88,7520.01,,3.87,,,63.78,3.785,40.09,95.74,0.276,26.41
2026-07-22,13:00,7520.82,7520.09,,0.73,,,56.37,3.869,40.09,98.8,0.236,23.35
2026-07-22,13:05,7521.87,7520.26,,1.61,,,58.17,3.777,40.09,99.85,0.244,24.4
2026-07-22,13:10,7518.99,7520.14,,-1.15,,,51.87,3.768,40.09,102.73,0.209,21.52
2026-07-22,13:15,7518.25,7519.96,,-1.71,,,50.36,3.677,40.09,103.47,0.201,20.78
2026-07-22,13:20,7517.42,7519.72,,-2.3,,,48.65,3.617,40.09,104.3,0.191,19.95
2026-07-22,13:25,7516.18,7519.38,,-3.2,,,46.12,3.567,40.09,105.54,0.177,18.71
2026-07-22,13:30,7514.82,7518.95,,-4.13,,,43.46,3.567,40.09,106.9,0.162,17.35
2026-07-22,13:35,7519.28,7518.98,7513.49,0.3,5.79,5.49,53.03,3.66,40.09,111.36,0.196,21.81
2026-07-22,13:40,7516.67,7518.76,7513.61,-2.09,3.06,5.15,47.92,3.619,40.09,113.97,0.168,19.2
2026-07-22,13:45,7515.97,7518.49,7513.7,-2.52,2.27,4.79,46.62,3.506,40.09,114.67,0.161,18.5
2026-07-22,13:50,7512.37,7517.91,7513.65,-5.54,-1.28,4.26,40.54,3.574,40.09,118.27,0.126,14.9
2026-07-22,13:55,7510.1,7517.17,7513.51,-7.07,-3.41,3.65,37.24,3.511,40.09,120.54,0.105,12.63
2026-07-22,14:00,7509.5,7516.44,7513.36,-6.94,-3.86,3.08,36.4,3.588,40.09,121.14,0.099,12.03
2026-07-22,14:05,7508.63,7515.69,7513.17,-7.06,-4.54,2.52,35.16,3.617,40.09,122.01,0.091,11.16
2026-07-22,14:10,7506.25,7514.79,7512.9,-8.54,-6.65,1.89,31.94,3.63,40.09,124.39,0.071,8.78
2026-07-22,14:15,7508.13,7514.16,7512.71,-6.03,-4.58,1.45,36.85,3.649,40.09,126.27,0.084,10.66
2026-07-22,14:20,7507.87,7513.56,7512.52,-5.69,-4.65,1.04,36.46,3.63,40.09,126.53,0.082,10.4
2026-07-22,14:25,7510.25,7513.24,7512.43,-2.99,-2.18,0.81,42.49,3.615,40.09,128.91,0.099,12.78
2026-07-22,14:30,7507.17,7512.67,7512.23,-5.5,-5.06,0.44,37.53,3.683,40.09,131.99,0.073,9.7
2026-07-22,14:35,7508.99,7512.32,7512.1,-3.33,-3.11,0.22,41.85,3.643,40.09,133.81,0.086,11.52
2026-07-22,14:40,7508.57,7511.96,7511.96,-3.39,-3.39,-0.0,41.14,3.529,40.09,134.23,0.083,11.1
2026-07-22,14:45,7507.2,7511.51,7511.77,-4.31,-4.57,-0.27,38.84,3.544,40.09,135.6,0.072,9.73
2026-07-22,14:50,7510.24,7511.39,7511.71,-1.15,-1.47,-0.33,46.06,3.61,40.09,138.64,0.092,12.77
2026-07-22,14:55,7509.73,7511.23,7511.64,-1.5,-1.91,-0.41,45.1,3.504,40.09,139.15,0.088,12.26
2026-07-22,15:00,7508.24,7510.94,7511.5,-2.7,-3.26,-0.56,42.32,3.466,40.09,140.64,0.077,10.77
2026-07-22,15:05,7507.54,7510.62,7511.35,-3.08,-3.81,-0.73,41.03,3.327,40.09,141.34,0.071,10.07
2026-07-22,15:10,7504.56,7510.04,7511.08,-5.48,-6.52,-1.04,36.04,3.378,40.09,144.32,0.049,7.09
2026-07-22,15:15,7506.71,7509.72,7510.91,-3.01,-4.2,-1.19,41.57,3.407,40.09,146.47,0.063,9.24
2026-07-22,15:20,7503.59,7509.14,7510.62,-5.55,-7.03,-1.48,36.62,3.41,40.09,149.59,0.041,6.12
2026-07-22,15:25,7504.84,7508.73,7510.4,-3.89,-5.56,-1.67,39.72,3.489,40.09,150.84,0.049,7.37
2026-07-22,15:30,7501.68,7508.06,7510.05,-6.38,-8.37,-2.0,35.05,3.494,40.09,154.0,0.027,4.21
2026-07-22,15:35,7498.95,7507.19,7509.62,-8.24,-10.67,-2.43,31.6,3.557,40.09,156.73,0.009,1.48
2026-07-22,15:40,7502.39,7506.73,7509.34,-4.34,-6.95,-2.6,39.66,3.654,40.09,160.17,0.031,4.92
2026-07-22,15:45,7504.54,7506.53,7509.15,-1.99,-4.61,-2.62,44.1,3.611,40.09,162.32,0.044,7.07
2026-07-22,15:50,7503.06,7506.2,7508.91,-3.14,-5.85,-2.71,41.82,3.766,40.09,163.8,0.034,5.59
2026-07-22,15:55,7499.44,7505.55,7508.54,-6.11,-9.1,-2.99,36.81,4.022,40.09,167.42,0.012,1.97
2026-07-23,09:30,7437.7,,,,,,,,29.62,0.0,,19.41
2026-07-23,09:35,7439.09,,,,,,,,34.62,1.39,14.964,20.8
2026-07-23,09:40,7443.63,,,,,,,,41.88,5.93,4.273,25.34
2026-07-23,09:45,7428.25,,,,,,,,41.88,21.31,0.467,9.96
2026-07-23,09:50,7434.11,,,,,,,,41.88,27.17,0.582,15.82
2026-07-23,09:55,7421.41,,,,,,,,41.88,39.87,0.078,3.12
2026-07-23,10:00,7428.28,,,,,,,,41.88,46.74,0.214,9.99
2026-07-23,10:05,7418.02,,,,,,,,41.88,57.0,0.005,-0.27
2026-07-23,10:10,7421.53,,,,,,,,41.88,60.51,0.054,3.24
2026-07-23,10:15,7420.19,,,,,,,,41.88,61.85,0.031,1.9
2026-07-23,10:20,7419.24,,,,,,,,41.88,62.8,0.015,0.95
2026-07-23,10:25,7422.96,,,,,,,,41.88,66.52,0.07,4.67
2026-07-23,10:30,7414.09,,,,,,,,41.88,75.39,0.056,-4.2
2026-07-23,10:35,7427.08,,,,,,,,41.88,88.38,0.099,8.79
2026-07-23,10:40,7412.95,,,,,,37.93,13.451,41.88,102.51,0.052,-5.34
2026-07-23,10:45,7412.24,,,,,,37.65,13.003,41.88,103.22,0.059,-6.05
2026-07-23,10:50,7405.32,,,,,,34.93,12.829,46.06,110.14,0.118,-12.97
2026-07-23,10:55,7407.04,,,,,,36.16,12.242,46.06,111.86,0.101,-11.25
2026-07-23,11:00,7400.04,,,,,,33.39,12.03,51.36,118.86,0.154,-18.25
2026-07-23,11:05,7395.64,7420.44,,-24.8,,,31.75,11.677,56.72,123.26,0.184,-22.65
2026-07-23,11:10,7390.02,7417.54,,-27.52,,,29.73,11.483,61.84,128.88,0.219,-28.27
2026-07-23,11:15,7395.93,7415.48,,-19.55,,,34.45,11.116,61.84,134.79,0.166,-22.36
2026-07-23,11:20,7390.78,7413.13,,-22.35,,,32.4,11.502,66.2,139.94,0.197,-27.51
2026-07-23,11:25,7383.23,7410.28,,-27.05,,,29.63,11.308,68.12,147.49,0.238,-35.06
2026-07-23,11:30,7386.78,7408.05,,-21.27,,,32.55,11.288,74.12,151.04,0.209,-31.51
2026-07-23,11:35,7397.27,7407.02,,-9.75,,,40.43,11.278,74.12,161.53,0.13,-21.02
2026-07-23,11:40,7390.64,7405.46,,-14.82,,,37.45,11.146,74.12,168.16,0.164,-27.65
2026-07-23,11:45,7392.58,7404.23,,-11.65,,,38.87,10.741,74.12,170.1,0.151,-25.71
2026-07-23,11:50,7397.16,7403.56,,-6.4,,,42.2,10.468,74.12,174.68,0.121,-21.13
2026-07-23,11:55,7402.04,7403.41,,-1.37,,,45.6,10.2,74.12,179.56,0.09,-16.25
2026-07-23,12:00,7405.29,7403.59,,1.7,,,47.8,9.979,74.12,182.81,0.071,-13.0
2026-07-23,12:05,7408.36,7404.05,,4.31,,,49.87,9.873,74.12,185.88,0.053,-9.93
2026-07-23,12:10,7410.62,7404.67,,5.95,,,51.39,9.453,74.12,188.14,0.041,-7.67
2026-07-23,12:15,7410.1,7405.19,,4.91,,,51.01,9.167,74.12,188.66,0.043,-8.19
2026-07-23,12:20,7419.54,7406.56,,12.98,,,57.26,9.273,74.12,198.1,0.006,1.25
2026-07-23,12:25,7418.41,7407.69,,10.72,,,56.33,8.903,74.12,199.23,0.001,0.12
2026-07-23,12:30,7415.77,7408.46,,7.31,,,54.13,8.522,74.12,201.87,0.012,-2.52
2026-07-23,12:35,7420.87,7409.64,,11.23,,,57.58,8.404,74.12,206.97,0.012,2.58
2026-07-23,12:40,7414.69,7410.12,,4.57,,,52.43,8.285,74.12,213.15,0.017,-3.6
2026-07-23,12:45,7405.44,7409.67,,-4.23,,,45.83,8.354,74.12,222.4,0.058,-12.85
2026-07-23,12:50,7404.24,7409.16,,-4.92,,,45.03,8.091,74.12,223.6,0.063,-14.05
2026-07-23,12:55,7410.61,7409.29,,1.32,,,49.98,8.008,74.12,229.97,0.033,-7.68
2026-07-23,13:00,7407.2,7409.09,,-1.89,,,47.51,7.915,74.12,233.38,0.048,-11.09
2026-07-23,13:05,7409.3,7409.11,,0.19,,,49.18,7.789,74.12,235.48,0.038,-8.99
2026-07-23,13:10,7410.86,7409.28,,1.58,,,50.43,7.517,74.12,237.04,0.031,-7.43
2026-07-23,13:15,7409.43,7409.29,,0.14,,,49.23,7.438,74.12,238.47,0.037,-8.86
2026-07-23,13:20,7413.89,7409.73,,4.16,,,52.99,7.283,74.12,242.93,0.018,-4.4
2026-07-23,13:25,7412.44,7409.99,,2.45,,,51.65,6.993,74.12,244.38,0.024,-5.85
2026-07-23,13:30,7405.78,7409.59,,-3.81,,,45.91,7.007,74.12,251.04,0.05,-12.51
2026-07-23,13:35,7400.2,7408.7,7410.97,-8.5,-10.77,-2.27,41.73,6.963,74.12,256.62,0.07,-18.09
2026-07-23,13:40,7401.81,7408.04,7410.61,-6.23,-8.8,-2.57,43.33,6.834,74.12,258.23,0.064,-16.48
2026-07-23,13:45,7406.45,7407.89,7410.44,-1.44,-3.99,-2.56,47.79,6.846,74.12,262.87,0.045,-11.84
2026-07-23,13:50,7402.15,7407.34,7410.12,-5.19,-7.97,-2.78,44.31,6.669,74.12,267.17,0.06,-16.14
2026-07-23,13:55,7396.26,7406.29,7409.57,-10.03,-13.31,-3.29,40.01,6.637,74.12,273.06,0.081,-22.03
2026-07-23,14:00,7394.02,7405.12,7408.96,-11.1,-14.94,-3.85,38.48,6.442,74.12,275.3,0.088,-24.27
2026-07-23,14:05,7393.09,7403.97,7408.34,-10.88,-15.25,-4.37,37.84,6.202,74.12,276.23,0.091,-25.2
2026-07-23,14:10,7394.33,7403.05,7407.79,-8.72,-13.46,-4.74,39.3,6.1,74.12,277.47,0.086,-23.96
2026-07-23,14:15,7393.92,7402.18,7407.25,-8.26,-13.33,-5.06,38.97,6.003,74.12,277.88,0.088,-24.37
2026-07-23,14:20,7398.3,7401.81,7406.9,-3.51,-8.6,-5.08,44.3,5.901,74.12,282.26,0.071,-19.99
2026-07-23,14:25,7398.29,7401.48,7406.56,-3.19,-8.27,-5.08,44.3,5.758,74.12,282.27,0.071,-20.0
2026-07-23,14:30,7400.04,7401.34,7406.3,-1.3,-6.26,-4.96,46.46,5.539,74.12,284.02,0.064,-18.25
2026-07-23,14:35,7393.69,7400.61,7405.81,-6.92,-12.12,-5.2,40.33,5.694,74.12,290.37,0.085,-24.6
2026-07-23,14:40,7392.49,7399.84,7405.29,-7.35,-12.8,-5.45,39.28,5.602,74.12,291.57,0.088,-25.8
2026-07-23,14:45,7396.56,7399.53,7404.95,-2.97,-8.39,-5.42,44.57,5.618,74.12,295.64,0.074,-21.73
2026-07-23,14:50,7391.0,7398.71,7404.4,-7.71,-13.4,-5.68,39.5,5.689,74.12,301.2,0.091,-27.29
2026-07-23,14:55,7394.46,7398.31,7404.01,-3.85,-9.55,-5.7,43.79,5.565,74.12,304.66,0.078,-23.83
2026-07-23,15:00,7392.0,7397.71,7403.54,-5.71,-11.54,-5.83,41.54,5.562,74.12,307.12,0.086,-26.29
2026-07-23,15:05,7391.55,7397.12,7403.07,-5.57,-11.52,-5.95,41.12,5.303,74.12,307.57,0.087,-26.74
2026-07-23,15:10,7390.21,7396.46,7402.56,-6.25,-12.35,-6.1,39.84,5.18,74.12,308.91,0.091,-28.08
2026-07-23,15:15,7393.35,7396.17,7402.2,-2.82,-8.85,-6.03,44.22,5.196,74.12,312.05,0.08,-24.94
2026-07-23,15:20,7399.77,7396.51,7402.11,3.26,-2.34,-5.6,51.94,5.283,74.12,318.47,0.058,-18.52
2026-07-23,15:25,7398.85,7396.73,7401.98,2.12,-3.13,-5.25,50.85,5.286,74.12,319.39,0.061,-19.44
2026-07-23,15:30,7395.49,7396.61,7401.72,-1.12,-6.23,-5.11,46.99,5.635,74.12,322.75,0.071,-22.8
2026-07-23,15:35,7393.23,7396.29,7401.39,-3.06,-8.16,-5.1,44.54,5.515,74.12,325.01,0.077,-25.06
2026-07-23,15:40,7387.08,7395.42,7400.83,-8.34,-13.75,-5.42,38.64,5.596,74.12,331.16,0.094,-31.21
2026-07-23,15:45,7383.5,7394.28,7400.15,-10.78,-16.65,-5.87,35.67,5.645,74.12,334.74,0.104,-34.79
2026-07-23,15:50,7390.38,7393.91,7399.77,-3.53,-9.39,-5.86,44.49,5.88,74.12,341.62,0.082,-27.91
2026-07-23,15:55,7408.18,7395.27,7400.1,12.91,8.08,-4.83,59.82,6.866,74.12,359.42,0.028,-10.11
2026-07-24,09:30,7418.13,,,,,,,,13.37,0.0,,11.83
2026-07-24,09:35,7414.63,,,,,,,,14.84,3.5,2.38,8.33
2026-07-24,09:40,7411.83,,,,,,,,14.84,6.3,0.878,5.53
2026-07-24,09:45,7421.86,,,,,,,,16.71,16.33,0.953,15.56
2026-07-24,09:50,7401.28,,,,,,,,22.42,36.91,0.136,-5.02
2026-07-24,09:55,7399.53,,,,,,,,25.16,38.66,0.175,-6.77
2026-07-24,10:00,7400.98,,,,,,,,25.43,40.11,0.133,-5.32
2026-07-24,10:05,7417.46,,,,,,,,25.43,56.59,0.197,11.16
2026-07-24,10:10,7419.09,,,,,,,,25.43,58.22,0.22,12.79
2026-07-24,10:15,7408.42,,,,,,,,25.43,68.89,0.031,2.12
2026-07-24,10:20,7418.44,,,,,,,,25.43,78.91,0.154,12.14
2026-07-24,10:25,7415.94,,,,,,,,25.43,81.41,0.118,9.64
2026-07-24,10:30,7407.5,,,,,,,,25.43,89.85,0.013,1.2
2026-07-24,10:35,7403.61,,,,,,,,25.43,93.74,0.029,-2.69
2026-07-24,10:40,7402.22,,,,,,41.64,11.231,25.43,95.13,0.043,-4.08
2026-07-24,10:45,7408.16,,,,,,45.31,11.207,25.44,101.07,0.018,1.86
2026-07-24,10:50,7413.17,,,,,,48.28,11.002,25.44,106.08,0.065,6.87
2026-07-24,10:55,7429.69,,,,,,56.61,11.418,32.43,122.6,0.191,23.39
2026-07-24,11:00,7425.4,,,,,,54.17,11.145,35.43,126.89,0.151,19.1
2026-07-24,11:05,7420.45,7412.89,,7.56,,,51.42,10.998,35.43,131.84,0.107,14.15
2026-07-24,11:10,7442.81,7415.74,,27.07,,,61.06,12.0,47.0,154.2,0.237,36.51
2026-07-24,11:15,7438.22,7417.88,,20.34,,,58.49,12.239,55.67,158.79,0.201,31.92
2026-07-24,11:20,7447.44,7420.7,,26.74,,,61.95,12.223,55.67,168.01,0.245,41.14
2026-07-24,11:25,7448.96,7423.39,,25.57,,,62.5,11.878,56.94,169.53,0.252,42.66
2026-07-24,11:30,7444.76,7425.42,,19.34,,,59.91,11.588,56.94,173.73,0.221,38.46
2026-07-24,11:35,7454.66,7428.21,,26.45,,,63.73,11.522,57.61,183.63,0.263,48.36
2026-07-24,11:40,7446.63,7429.96,,16.67,,,58.83,11.536,58.99,191.66,0.21,40.33
2026-07-24,11:45,7444.45,7431.34,,13.11,,,57.53,11.096,58.99,193.84,0.197,38.15
2026-07-24,11:50,7449.07,7433.03,,16.04,,,59.56,10.793,58.99,198.46,0.216,42.77
2026-07-24,11:55,7453.65,7434.99,,18.66,,,61.53,10.402,58.99,203.04,0.233,47.35
2026-07-24,12:00,7456.52,7437.04,,19.48,,,62.75,10.119,59.13,205.91,0.244,50.22
2026-07-24,12:05,7456.71,7438.92,,17.79,,,62.83,9.772,61.52,206.1,0.245,50.41
2026-07-24,12:10,7453.91,7440.34,,13.57,,,60.66,9.671,63.41,208.9,0.228,47.61
2026-07-24,12:15,7455.41,7441.78,,13.63,,,61.43,9.277,63.41,210.4,0.233,49.11
2026-07-24,12:20,7457.3,7443.26,,14.04,,,62.43,8.85,63.41,212.29,0.24,51.0
2026-07-24,12:25,7455.58,7444.43,,11.15,,,60.88,8.462,63.41,214.01,0.23,49.28
2026-07-24,12:30,7449.14,7444.88,,4.26,,,55.36,8.392,63.41,220.45,0.194,42.84
2026-07-24,12:35,7446.58,7445.04,,1.54,,,53.3,8.134,63.41,223.01,0.181,40.28
2026-07-24,12:40,7440.7,7444.63,,-3.93,,,48.79,7.976,63.41,228.89,0.15,34.4
2026-07-24,12:45,7435.83,7443.79,,-7.96,,,45.37,7.979,63.41,233.76,0.126,29.53
2026-07-24,12:50,7435.27,7442.98,,-7.71,,,44.97,7.743,63.41,234.32,0.124,28.97
2026-07-24,12:55,7439.06,7442.61,,-3.55,,,48.22,7.753,63.41,238.11,0.138,32.76
2026-07-24,13:00,7435.67,7441.95,,-6.28,,,45.63,7.585,63.41,241.5,0.122,29.37
2026-07-24,13:05,7428.9,7440.7,,-11.8,,,40.89,7.654,63.41,248.27,0.091,22.6
2026-07-24,13:10,7433.24,7439.99,,-6.75,,,44.84,7.63,63.41,252.61,0.107,26.94
2026-07-24,13:15,7437.88,7439.79,,-1.91,,,48.79,7.627,63.41,257.25,0.123,31.58
2026-07-24,13:20,7436.23,7439.45,,-3.22,,,47.49,7.476,63.41,258.9,0.116,29.93
2026-07-24,13:25,7441.21,7439.62,,1.59,,,51.67,7.472,63.41,263.88,0.132,34.91
2026-07-24,13:30,7445.48,7440.18,,5.3,,,54.98,7.321,63.41,268.15,0.146,39.18
2026-07-24,13:35,7439.07,7440.07,7432.16,-1.0,6.91,7.91,49.5,7.324,63.41,274.56,0.119,32.77
2026-07-24,13:40,7434.58,7439.55,7432.26,-4.97,2.32,7.29,46.04,7.121,63.41,279.05,0.101,28.28
2026-07-24,13:45,7436.53,7439.26,7432.42,-2.73,4.11,6.84,47.75,6.911,63.41,281.0,0.108,30.23
2026-07-24,13:50,7436.33,7438.98,7432.58,-2.65,3.75,6.4,47.58,6.783,63.41,281.2,0.107,30.03
2026-07-24,13:55,7433.91,7438.5,7432.63,-4.59,1.28,5.87,45.51,6.557,63.41,283.62,0.097,27.61
2026-07-24,14:00,7432.59,7437.94,7432.63,-5.35,-0.04,5.31,44.38,6.44,63.41,284.94,0.092,26.29
2026-07-24,14:05,7433.57,7437.52,7432.67,-3.95,0.9,4.85,45.46,6.327,63.41,285.92,0.095,27.27
2026-07-24,14:10,7429.57,7436.76,7432.54,-7.19,-2.97,4.22,41.87,6.243,63.41,289.92,0.08,23.27
2026-07-24,14:15,7425.42,7435.68,7432.26,-10.26,-6.84,3.42,38.47,6.146,63.41,294.07,0.065,19.12
2026-07-24,14:20,7421.57,7434.34,7431.85,-12.77,-10.28,2.49,35.59,6.035,63.41,297.92,0.051,15.27
2026-07-24,14:25,7413.98,7432.4,7431.14,-18.42,-17.16,1.26,30.7,6.183,63.41,305.51,0.025,7.68
2026-07-24,14:30,7405.52,7429.84,7430.14,-24.32,-24.62,-0.3,26.36,6.449,63.41,313.97,0.002,-0.78
2026-07-24,14:35,7406.28,7427.6,7429.2,-21.32,-22.92,-1.61,27.35,6.483,63.41,314.73,0.0,-0.02
2026-07-24,14:40,7402.13,7425.17,7428.14,-23.04,-26.01,-2.97,25.34,6.458,63.41,318.88,0.013,-4.17
2026-07-24,14:45,7406.6,7423.4,7427.3,-16.8,-20.7,-3.9,31.21,6.633,63.41,323.35,0.001,0.3
2026-07-24,14:50,7405.4,7421.69,7426.44,-16.29,-21.04,-4.75,30.52,6.478,63.41,324.55,0.003,-0.9
2026-07-24,14:55,7407.46,7420.33,7425.69,-12.87,-18.23,-5.36,33.26,6.414,63.41,326.61,0.004,1.16
2026-07-24,15:00,7406.17,7418.98,7424.93,-12.81,-18.76,-5.95,32.4,6.412,63.41,327.9,0.0,-0.13
2026-07-24,15:05,7399.57,7417.13,7423.93,-17.56,-24.36,-6.8,28.35,6.722,63.41,334.5,0.02,-6.73
2026-07-24,15:10,7399.34,7415.44,7422.97,-16.1,-23.63,-7.53,28.21,6.716,63.41,334.73,0.021,-6.96
2026-07-24,15:15,7401.2,7414.08,7422.12,-12.88,-20.92,-8.03,31.02,6.477,63.41,336.59,0.015,-5.1
2026-07-24,15:20,7397.62,7412.52,7421.16,-14.9,-23.54,-8.64,28.69,6.468,64.11,340.17,0.026,-8.68
2026-07-24,15:25,7399.99,7411.32,7420.33,-11.33,-20.34,-9.0,32.31,6.366,64.45,342.54,0.018,-6.31
2026-07-24,15:30,7404.4,7410.66,7419.7,-6.26,-15.3,-9.04,38.55,6.407,64.45,346.95,0.005,-1.9
2026-07-24,15:35,7404.11,7410.04,7419.09,-5.93,-14.98,-9.05,38.3,6.396,64.45,347.24,0.006,-2.19
2026-07-24,15:40,7405.77,7409.63,7418.57,-3.86,-12.8,-8.93,40.68,6.296,64.45,348.9,0.002,-0.53
2026-07-24,15:45,7406.48,7409.33,7418.09,-2.85,-11.61,-8.76,41.71,6.314,64.45,349.61,0.001,0.18
2026-07-24,15:50,7408.02,7409.21,7417.7,-1.19,-9.68,-8.49,43.99,6.514,64.45,351.15,0.005,1.72
2026-07-24,15:55,7412.88,7409.56,7417.51,3.32,-4.63,-7.95,50.56,6.775,64.45,356.01,0.018,6.58
2026-07-27,09:30,7471.28,,,,,,,,12.38,0.0,,7.08
2026-07-27,09:35,7473.63,,,,,,,,18.32,2.35,4.013,9.43
2026-07-27,09:40,7459.07,,,,,,,,21.68,16.91,0.303,-5.13
2026-07-27,09:45,7463.63,,,,,,,,23.73,21.47,0.027,-0.57
2026-07-27,09:50,7459.5,,,,,,,,23.73,25.6,0.184,-4.7
2026-07-27,09:55,7441.2,,,,,,,,39.37,43.9,0.524,-23.0
2026-07-27,10:00,7440.9,,,,,,,,43.62,44.2,0.527,-23.3
2026-07-27,10:05,7441.99,,,,,,,,44.15,45.29,0.49,-22.21
2026-07-27,10:10,7433.5,,,,,,,,51.67,53.78,0.571,-30.7
2026-07-27,10:15,7434.35,,,,,,,,51.67,54.63,0.546,-29.85
2026-07-27,10:20,7421.51,,,,,,,,61.02,67.47,0.633,-42.69
2026-07-27,10:25,7406.15,,,,,,,,75.07,82.83,0.701,-58.05
2026-07-27,10:30,7403.25,,,,,,,,79.93,85.73,0.711,-60.95
2026-07-27,10:35,7403.84,,,,,,,,85.49,86.32,0.699,-60.36
2026-07-27,10:40,7390.65,,,,,,9.49,12.0,92.24,99.51,0.739,-73.55
2026-07-27,10:45,7403.55,,,,,,20.57,12.145,92.24,112.41,0.54,-60.65
2026-07-27,10:50,7408.73,,,,,,24.57,11.87,92.24,117.59,0.472,-55.47
2026-07-27,10:55,7420.44,,,,,,32.8,11.998,92.24,129.3,0.338,-43.76
2026-07-27,11:00,7421.48,,,,,,33.5,11.505,92.24,130.34,0.328,-42.72
2026-07-27,11:05,7416.51,7430.76,,-14.25,,,31.8,11.451,92.24,135.31,0.352,-47.69
2026-07-27,11:10,7417.9,7429.53,,-11.63,,,32.83,11.191,92.24,136.7,0.339,-46.3
2026-07-27,11:15,7411.19,7427.79,,-16.6,,,30.46,11.477,92.24,143.41,0.37,-53.01
2026-07-27,11:20,7405.81,7425.69,,-19.88,,,28.67,11.535,92.24,148.79,0.392,-58.39
2026-07-27,11:25,7405.94,7423.81,,-17.87,,,28.78,11.144,92.24,148.92,0.391,-58.26
2026-07-27,11:30,7397.16,7421.27,,-24.11,,,25.9,11.006,92.24,157.7,0.425,-67.04
2026-07-27,11:35,7391.81,7418.47,,-26.66,,,24.31,11.024,94.02,163.05,0.444,-72.39
2026-07-27,11:40,7397.0,7416.42,,-19.42,,,28.88,10.852,94.02,168.24,0.399,-67.2
2026-07-27,11:45,7391.95,7414.09,,-22.14,,,27.16,10.654,94.02,173.29,0.417,-72.25
2026-07-27,11:50,7393.32,7412.11,,-18.79,,,28.41,10.315,94.02,174.66,0.406,-70.88
2026-07-27,11:55,7397.94,7410.76,,-12.82,,,32.59,10.054,94.02,179.28,0.37,-66.26
2026-07-27,12:00,7405.11,7410.23,,-5.12,,,38.58,9.861,94.02,186.45,0.317,-59.09
2026-07-27,12:05,7406.45,7409.87,,-3.42,,,39.67,9.576,94.02,187.79,0.308,-57.75
2026-07-27,12:10,7397.96,7408.73,,-10.77,,,35.41,9.766,94.02,196.28,0.337,-66.24
2026-07-27,12:15,7396.41,7407.56,,-11.15,,,34.68,9.5,94.02,197.83,0.343,-67.79
2026-07-27,12:20,7401.43,7406.97,,-5.54,,,39.07,9.355,94.02,202.85,0.309,-62.77
2026-07-27,12:25,7410.95,7407.35,,3.6,,,46.42,9.999,94.02,212.37,0.251,-53.25
2026-07-27,12:30,7412.26,7407.82,,4.44,,,47.36,9.891,94.02,213.68,0.243,-51.94
2026-07-27,12:35,7412.85,7408.3,,4.55,,,47.8,9.809,94.02,214.27,0.24,-51.35
2026-07-27,12:40,7407.11,7408.19,,-1.08,,,43.92,9.8,94.02,220.01,0.259,-57.09
2026-07-27,12:45,7405.48,7407.93,,-2.45,,,42.85,9.547,94.02,221.64,0.265,-58.72
2026-07-27,12:50,7395.09,7406.71,,-11.62,,,36.74,9.685,94.02,232.03,0.298,-69.11
2026-07-27,12:55,7394.46,7405.54,,-11.08,,,36.4,9.36,94.02,232.66,0.3,-69.74
2026-07-27,13:00,7385.67,7403.65,,-17.98,,,31.96,9.367,95.31,241.45,0.325,-78.53
2026-07-27,13:05,7387.53,7402.11,,-14.58,,,33.8,9.014,95.84,243.31,0.315,-76.67
2026-07-27,13:10,7390.22,7400.98,,-10.76,,,36.47,8.777,95.84,246.0,0.301,-73.98
2026-07-27,13:15,7385.13,7399.47,,-14.34,,,33.7,8.727,97.83,251.09,0.315,-79.07
2026-07-27,13:20,7387.1,7398.29,,-11.19,,,35.74,8.545,97.83,253.06,0.305,-77.1
2026-07-27,13:25,7385.5,7397.07,,-11.57,,,34.8,8.255,97.83,254.66,0.309,-78.7
2026-07-27,13:30,7394.95,7396.87,,-1.92,,,44.1,8.378,97.83,264.11,0.262,-69.25
2026-07-27,13:35,7391.41,7396.35,7411.56,-4.94,-20.15,-15.21,41.7,8.214,97.83,267.65,0.272,-72.79
2026-07-27,13:40,7391.59,7395.9,7410.78,-4.31,-19.19,-14.88,41.88,7.892,97.83,267.83,0.271,-72.61
2026-07-27,13:45,7391.25,7395.46,7410.02,-4.21,-18.77,-14.56,41.62,7.707,97.83,268.17,0.272,-72.95
2026-07-27,13:50,7398.8,7395.77,7409.58,3.03,-10.78,-13.8,48.96,7.745,97.83,275.72,0.237,-65.4
2026-07-27,13:55,7401.25,7396.3,7409.25,4.95,-8.0,-12.95,51.1,7.568,97.83,278.17,0.226,-62.95
2026-07-27,14:00,7399.94,7396.64,7408.88,3.3,-8.94,-12.24,49.89,7.266,97.83,279.48,0.23,-64.26
2026-07-27,14:05,7400.2,7396.98,7408.54,3.22,-8.34,-11.56,50.15,7.054,97.83,279.74,0.229,-64.0
2026-07-27,14:10,7401.35,7397.4,7408.26,3.95,-6.91,-10.86,51.31,6.751,97.83,280.89,0.224,-62.85
2026-07-27,14:15,7396.05,7397.27,7407.78,-1.22,-11.73,-10.51,45.98,6.805,97.83,286.19,0.238,-68.15
2026-07-27,14:20,7399.42,7397.47,7407.45,1.95,-8.03,-9.98,49.57,6.692,97.83,289.56,0.224,-64.78
2026-07-27,14:25,7399.64,7397.68,7407.15,1.96,-7.51,-9.47,49.8,6.438,97.83,289.78,0.223,-64.56
2026-07-27,14:30,7392.96,7397.23,7406.59,-4.27,-13.63,-9.36,43.23,6.48,97.83,296.46,0.24,-71.24
2026-07-27,14:35,7391.47,7396.68,7406.0,-5.21,-14.53,-9.32,41.9,6.247,97.83,297.95,0.244,-72.73
2026-07-27,14:40,7398.47,7396.85,7405.7,1.62,-7.23,-8.85,49.72,6.472,97.83,304.95,0.216,-65.73
2026-07-27,14:45,7397.74,7396.94,7405.39,0.8,-7.65,-8.45,48.98,6.251,97.83,305.68,0.217,-66.46
2026-07-27,14:50,7409.58,7398.14,7405.56,11.44,4.02,-7.41,59.51,6.712,97.83,317.52,0.172,-54.62
2026-07-27,14:55,7414.32,7399.68,7405.9,14.64,8.42,-6.22,62.82,6.694,97.83,322.26,0.155,-49.88
2026-07-27,15:00,7409.94,7400.66,7406.06,9.28,3.88,-5.4,58.09,6.618,97.83,326.64,0.166,-54.26
2026-07-27,15:05,7417.23,7402.24,7406.5,14.99,10.73,-4.26,63.07,6.756,97.83,333.93,0.141,-46.97
2026-07-27,15:10,7414.33,7403.39,7406.8,10.94,7.53,-3.41,60.02,6.719,97.83,336.83,0.148,-49.87
2026-07-27,15:15,7418.55,7404.83,7407.26,13.72,11.29,-2.43,62.84,6.543,97.83,341.05,0.134,-45.65
2026-07-27,15:20,7420.16,7406.29,7407.77,13.87,12.39,-1.48,63.88,6.347,97.83,342.66,0.129,-44.04
2026-07-27,15:25,7420.4,7407.64,7408.26,12.76,12.14,-0.63,64.05,6.151,97.83,342.9,0.128,-43.8
2026-07-27,15:30,7419.71,7408.79,7408.71,10.92,11.0,0.07,63.17,5.932,97.83,343.59,0.129,-44.49
2026-07-27,15:35,7413.1,7409.2,7408.89,3.9,4.21,0.31,55.32,6.087,97.83,350.2,0.146,-51.1
2026-07-27,15:40,7413.04,7409.56,7409.05,3.48,3.99,0.51,55.26,5.9,97.83,350.26,0.146,-51.16
2026-07-27,15:45,7413.85,7409.97,7409.24,3.88,4.61,0.73,56.03,5.77,97.83,351.07,0.143,-50.35
2026-07-27,15:50,7411.35,7410.1,7409.32,1.25,2.03,0.78,52.98,5.74,97.83,353.57,0.149,-52.85
2026-07-27,15:55,7413.43,7410.42,7409.48,3.01,3.95,0.94,55.17,5.778,97.83,355.65,0.143,-50.77
2026-07-28,09:30,7403.16,,,,,,,,17.55,0.0,,7.61
2026-07-28,09:35,7400.17,,,,,,,,17.55,2.99,1.545,4.62
2026-07-28,09:40,7392.24,,,,,,,,24.41,10.92,0.303,-3.31
2026-07-28,09:45,7397.2,,,,,,,,30.15,15.88,0.104,1.65
2026-07-28,09:50,7392.99,,,,,,,,30.15,20.09,0.127,-2.56
2026-07-28,09:55,7387.82,,,,,,,,30.15,25.26,0.306,-7.73
2026-07-28,10:00,7396.33,,,,,,,,30.15,33.77,0.023,0.78
2026-07-28,10:05,7394.4,,,,,,,,30.15,35.7,0.032,-1.15
2026-07-28,10:10,7388.5,,,,,,,,30.15,41.6,0.169,-7.05
2026-07-28,10:15,7389.0,,,,,,,,30.15,42.1,0.156,-6.55
2026-07-28,10:20,7395.34,,,,,,,,30.15,48.44,0.004,-0.21
2026-07-28,10:25,7399.91,,,,,,,,30.15,53.01,0.082,4.36
2026-07-28,10:30,7395.36,,,,,,,,30.15,57.56,0.003,-0.19
2026-07-28,10:35,7398.94,,,,,,,,30.15,61.14,0.055,3.39
2026-07-28,10:40,7405.97,,,,,,52.06,12.244,30.15,68.17,0.153,10.42
2026-07-28,10:45,7416.04,,,,,,58.64,12.4,33.81,78.24,0.262,20.49
2026-07-28,10:50,7417.28,,,,,,59.38,11.959,37.86,79.48,0.273,21.73
2026-07-28,10:55,7409.95,,,,,,53.31,11.963,38.02,86.81,0.166,14.4
2026-07-28,11:00,7404.8,,,,,,49.49,11.864,38.02,91.96,0.101,9.25
2026-07-28,11:05,7409.07,7399.72,,9.35,,,52.53,11.621,38.02,96.23,0.14,13.52
2026-07-28,11:10,7416.94,7401.36,,15.58,,,57.6,11.672,38.02,104.1,0.205,21.39
2026-07-28,11:15,7428.58,7403.96,,24.62,,,63.76,11.808,45.76,115.74,0.285,33.03
2026-07-28,11:20,7436.91,7407.09,,29.82,,,67.41,11.568,54.08,124.07,0.333,41.36
2026-07-28,11:25,7435.22,7409.77,,25.45,,,65.96,11.403,60.16,125.76,0.315,39.67
2026-07-28,11:30,7436.92,7412.36,,24.56,,,66.73,10.91,60.16,127.46,0.325,41.37
2026-07-28,11:35,7440.63,7415.05,,25.58,,,68.43,10.562,60.16,131.17,0.344,45.08
2026-07-28,11:40,7444.44,7417.85,,26.59,,,70.11,10.274,61.56,134.98,0.362,48.89
2026-07-28,11:45,7446.98,7420.62,,26.36,,,71.21,9.884,65.58,137.52,0.374,51.43
2026-07-28,11:50,7444.43,7422.89,,21.54,,,68.48,9.626,65.58,140.07,0.349,48.88
2026-07-28,11:55,7446.07,7425.1,,20.97,,,69.3,9.358,65.58,141.71,0.357,50.52
2026-07-28,12:00,7444.0,7426.9,,17.1,,,66.95,9.014,65.58,143.78,0.337,48.45
2026-07-28,12:05,7439.9,7428.14,,11.76,,,62.43,8.806,65.58,147.88,0.3,44.35
2026-07-28,12:10,7439.63,7429.23,,10.4,,,62.13,8.415,65.58,148.15,0.298,44.08
2026-07-28,12:15,7442.8,7430.52,,12.28,,,64.28,8.201,65.58,151.32,0.312,47.25
2026-07-28,12:20,7438.4,7431.27,,7.13,,,59.25,8.159,65.58,155.72,0.275,42.85
2026-07-28,12:25,7436.5,7431.77,,4.73,,,57.17,7.805,65.58,157.62,0.26,40.95
2026-07-28,12:30,7434.67,7432.05,,2.62,,,55.16,7.584,65.58,159.45,0.245,39.12
2026-07-28,12:35,7441.42,7432.94,,8.48,,,60.65,7.524,65.58,166.2,0.276,45.87
2026-07-28,12:40,7443.42,7433.94,,9.48,,,62.13,7.269,65.58,168.2,0.285,47.87
2026-07-28,12:45,7441.41,7434.65,,6.76,,,59.7,7.203,65.58,170.21,0.269,45.86
2026-07-28,12:50,7449.91,7436.1,,13.81,,,65.8,7.39,68.25,178.71,0.304,54.36
2026-07-28,12:55,7450.03,7437.43,,12.6,,,65.88,7.094,69.14,178.83,0.305,54.48
2026-07-28,13:00,7445.09,7438.16,,6.93,,,59.8,7.07,69.14,183.77,0.27,49.54
2026-07-28,13:05,7439.25,7438.26,,0.99,,,53.51,7.133,69.14,189.61,0.23,43.7
2026-07-28,13:10,7437.17,7438.16,,-0.99,,,51.43,7.008,69.14,191.69,0.217,41.62
2026-07-28,13:15,7437.55,7438.1,,-0.55,,,51.8,6.793,69.14,192.07,0.219,42.0
2026-07-28,13:20,7437.54,7438.05,,-0.51,,,51.79,6.94,69.14,192.08,0.219,41.99
2026-07-28,13:25,7436.86,7437.93,,-1.07,,,50.99,6.812,69.14,192.76,0.214,41.31
2026-07-28,13:30,7440.79,7438.21,,2.58,,,55.29,6.814,69.14,196.69,0.23,45.24
2026-07-28,13:35,7437.91,7438.18,7423.72,-0.27,14.19,14.46,51.71,6.732,69.14,199.57,0.212,42.36
2026-07-28,13:40,7431.51,7437.54,7424.02,-6.03,7.49,13.52,44.77,6.888,69.14,205.97,0.175,35.96
2026-07-28,13:45,7436.81,7437.47,7424.52,-0.66,12.29,12.95,50.67,6.881,69.14,211.27,0.195,41.26
2026-07-28,13:50,7431.08,7436.86,7424.78,-5.78,6.3,12.08,45.06,6.832,69.14,217.0,0.164,35.53
2026-07-28,13:55,7435.68,7436.75,7425.21,-1.07,10.47,11.54,49.86,6.817,69.14,221.6,0.181,40.13
2026-07-28,14:00,7435.96,7436.68,7425.63,-0.72,10.33,11.05,50.15,6.661,69.14,221.88,0.182,40.41
2026-07-28,14:05,7432.11,7436.24,7425.88,-4.13,6.23,10.36,46.25,6.553,69.14,225.73,0.162,36.56
2026-07-28,14:10,7428.19,7435.47,7425.97,-7.28,2.22,9.5,42.61,6.42,69.14,229.65,0.142,32.64
2026-07-28,14:15,7430.89,7435.04,7426.17,-4.15,4.72,8.87,45.77,6.236,69.14,232.35,0.152,35.34
2026-07-28,14:20,7428.93,7434.46,7426.28,-5.53,2.65,8.18,43.89,6.097,69.14,234.31,0.142,33.38
2026-07-28,14:25,7429.09,7433.95,7426.39,-4.86,2.7,7.56,44.09,5.835,69.14,234.47,0.143,33.54
2026-07-28,14:30,7432.48,7433.81,7426.63,-1.33,5.85,7.18,48.35,5.785,69.14,237.86,0.155,36.93
2026-07-28,14:35,7431.6,7433.6,7426.82,-2.0,4.78,6.78,47.34,5.612,69.14,238.74,0.151,36.05
2026-07-28,14:40,7430.57,7433.31,7426.97,-2.74,3.6,6.34,46.13,5.431,69.14,239.77,0.146,35.02
2026-07-28,14:45,7435.78,7433.54,7427.31,2.24,8.47,6.23,52.72,5.546,69.14,244.98,0.164,40.23
2026-07-28,14:50,7435.84,7433.76,7427.65,2.08,8.19,6.11,52.8,5.411,69.14,245.04,0.164,40.29
2026-07-28,14:55,7438.19,7434.18,7428.06,4.01,10.13,6.12,55.63,5.393,69.14,247.39,0.172,42.64
2026-07-28,15:00,7442.77,7435.0,7428.64,7.77,14.13,6.36,60.61,5.367,69.14,251.97,0.187,47.22
2026-07-28,15:05,7437.66,7435.25,7428.99,2.41,8.67,6.26,53.41,5.417,69.14,257.08,0.164,42.11
2026-07-28,15:10,7437.97,7435.51,7429.34,2.46,8.63,6.17,53.77,5.245,69.14,257.39,0.165,42.42
2026-07-28,15:15,7439.59,7435.9,7429.75,3.69,9.84,6.16,55.69,5.176,69.14,259.01,0.17,44.04
2026-07-28,15:20,7441.78,7436.46,7430.22,5.32,11.56,6.24,58.21,5.039,69.14,261.2,0.177,46.23
2026-07-28,15:25,7440.3,7436.83,7430.61,3.47,9.69,6.21,55.9,5.058,69.14,262.68,0.17,44.75
2026-07-28,15:30,7438.89,7437.02,7430.94,1.87,7.95,6.09,53.7,4.888,69.14,264.09,0.164,43.34
2026-07-28,15:35,7433.51,7436.69,7431.04,-3.18,2.47,5.65,46.25,4.984,69.14,269.47,0.141,37.96
2026-07-28,15:40,7436.37,7436.66,7431.25,-0.29,5.12,5.41,50.21,4.833,69.14,272.33,0.15,40.82
2026-07-28,15:45,7434.61,7436.46,7431.38,-1.85,3.23,5.08,47.87,4.799,69.14,274.09,0.143,39.06
2026-07-28,15:50,7439.67,7436.77,7431.7,2.9,7.97,5.06,54.43,5.01,69.14,279.15,0.158,44.12
2026-07-28,15:55,7427.26,7435.86,7431.53,-8.6,-4.27,4.33,40.85,5.539,69.14,291.56,0.109,31.71
2026-07-29,09:30,7423.67,,,,,,,,15.63,0.0,,5.51
2026-07-29,09:35,7423.22,,,,,,,,15.72,0.45,11.244,5.06
2026-07-29,09:40,7421.33,,,,,,,,15.72,2.34,1.355,3.17
2026-07-29,09:45,7415.86,,,,,,,,15.72,7.81,0.294,-2.3
2026-07-29,09:50,7401.26,,,,,,,,28.93,22.41,0.754,-16.9
2026-07-29,09:55,7396.8,,,,,,,,36.73,26.87,0.795,-21.36
2026-07-29,10:00,7400.75,,,,,,,,36.73,30.82,0.565,-17.41
2026-07-29,10:05,7391.83,,,,,,,,36.73,39.74,0.663,-26.33
2026-07-29,10:10,7376.75,,,,,,,,52.13,54.82,0.755,-41.41
2026-07-29,10:15,7381.4,,,,,,,,52.13,59.47,0.618,-36.76
2026-07-29,10:20,7377.74,,,,,,,,52.13,63.13,0.64,-40.42
2026-07-29,10:25,7372.64,,,,,,,,60.14,68.23,0.667,-45.52
2026-07-29,10:30,7376.09,,,,,,,,60.14,71.68,0.587,-42.07
2026-07-29,10:35,7371.01,,,,,,,,60.14,76.76,0.614,-47.15
2026-07-29,10:40,7364.83,,,,,,14.53,11.49,64.92,82.94,0.643,-53.33
2026-07-29,10:45,7366.55,,,,,,16.4,11.255,64.92,84.66,0.61,-51.61
2026-07-29,10:50,7373.34,,,,,,23.5,11.118,64.92,91.45,0.49,-44.82
2026-07-29,10:55,7371.31,,,,,,22.87,10.903,64.92,93.48,0.501,-46.85
2026-07-29,11:00,7376.06,,,,,,27.72,10.856,64.92,98.23,0.429,-42.1
2026-07-29,11:05,7378.27,7388.04,,-9.77,,,29.93,10.696,64.92,100.44,0.397,-39.89
2026-07-29,11:10,7369.36,7386.26,,-16.9,,,26.43,10.709,64.92,109.35,0.446,-48.8
2026-07-29,11:15,7368.57,7384.57,,-16.0,,,26.14,10.607,64.92,110.14,0.45,-49.59
2026-07-29,11:20,7373.35,7383.5,,-10.15,,,31.1,10.285,64.92,114.92,0.39,-44.81
2026-07-29,11:25,7366.95,7381.93,,-14.98,,,28.35,10.159,64.92,121.32,0.422,-51.21
2026-07-29,11:30,7368.42,7380.64,,-12.22,,,29.88,9.897,64.92,122.79,0.405,-49.74
2026-07-29,11:35,7363.25,7378.98,,-15.73,,,27.65,9.877,64.92,127.96,0.429,-54.91
2026-07-29,11:40,7363.01,7377.46,,-14.45,,,27.54,9.649,66.14,128.2,0.43,-55.15
2026-07-29,11:45,7367.37,7376.5,,-9.13,,,32.47,9.446,66.14,132.56,0.383,-50.79
2026-07-29,11:50,7357.91,7374.73,,-16.82,,,28.02,9.497,68.55,142.02,0.424,-60.25
2026-07-29,11:55,7360.62,7373.39,,-12.77,,,30.94,9.36,72.77,144.73,0.398,-57.54
2026-07-29,12:00,7351.08,7371.26,,-20.18,,,26.81,9.594,75.9,154.27,0.435,-67.08
2026-07-29,12:05,7349.99,7369.24,,-19.25,,,26.38,9.311,80.76,155.36,0.439,-68.17
2026-07-29,12:10,7343.53,7366.79,,-23.26,,,23.92,9.157,82.85,161.82,0.461,-74.63
2026-07-29,12:15,7345.2,7364.73,,-19.53,,,25.84,8.862,85.13,163.49,0.446,-72.96
2026-07-29,12:20,7356.61,7363.96,,-7.35,,,37.5,9.252,85.13,174.9,0.352,-61.55
2026-07-29,12:25,7361.36,7363.71,,-2.35,,,41.62,9.012,85.13,179.65,0.316,-56.8
2026-07-29,12:30,7357.95,7363.16,,-5.21,,,39.6,8.961,85.13,183.06,0.329,-60.21
2026-07-29,12:35,7358.64,7362.73,,-4.09,,,40.23,8.757,85.13,183.75,0.324,-59.52
2026-07-29,12:40,7354.91,7361.99,,-7.08,,,37.93,8.697,85.13,187.48,0.337,-63.25
2026-07-29,12:45,7361.99,7361.99,,0.0,,,44.44,8.679,85.13,194.56,0.289,-56.17
2026-07-29,12:50,7365.62,7362.33,,3.29,,,47.48,8.58,85.13,198.19,0.265,-52.54
2026-07-29,12:55,7371.39,7363.2,,8.19,,,51.98,8.445,85.13,203.96,0.229,-46.77
2026-07-29,13:00,7381.79,7364.97,,16.82,,,58.83,8.696,85.13,214.36,0.17,-36.37
2026-07-29,13:05,7377.32,7366.14,,11.18,,,55.18,8.442,85.13,218.83,0.187,-40.84
2026-07-29,13:10,7388.97,7368.32,,20.65,,,61.82,8.699,85.13,230.48,0.127,-29.19
2026-07-29,13:15,7390.02,7370.38,,19.64,,,62.36,8.432,85.13,231.53,0.122,-28.14
2026-07-29,13:20,7386.25,7371.9,,14.35,,,59.12,8.5,85.13,235.3,0.136,-31.91
2026-07-29,13:25,7381.46,7372.81,,8.65,,,55.2,8.339,85.13,240.09,0.153,-36.7
2026-07-29,13:30,7381.71,7373.65,,8.06,,,55.37,8.452,85.13,240.34,0.152,-36.45
2026-07-29,13:35,7379.37,7374.2,7375.29,5.17,4.08,-1.1,53.37,8.249,85.13,242.68,0.16,-38.79
2026-07-29,13:40,7380.65,7374.81,7375.5,5.84,5.15,-0.69,54.34,7.972,85.13,243.96,0.154,-37.51
2026-07-29,13:45,7382.86,7375.58,7375.79,7.28,7.07,-0.21,56.04,7.844,85.13,246.17,0.143,-35.3
2026-07-29,13:50,7385.0,7376.48,7376.15,8.52,8.85,0.32,57.68,7.59,85.13,248.31,0.134,-33.16
2026-07-29,13:55,7387.24,7377.5,7376.59,9.74,10.65,0.91,59.4,7.543,85.13,250.55,0.123,-30.92
2026-07-29,14:00,7405.02,7380.12,7377.7,24.9,27.32,2.42,69.83,9.249,85.13,268.33,0.049,-13.14
2026-07-29,14:05,7402.98,7382.3,7378.69,20.68,24.29,3.61,67.68,9.483,85.13,270.37,0.056,-15.18
2026-07-29,14:10,7397.07,7383.71,7379.41,13.36,17.66,4.29,61.75,9.759,85.13,276.28,0.076,-21.09
2026-07-29,14:15,7393.47,7384.64,7379.97,8.83,13.5,4.67,58.4,10.014,85.13,279.88,0.088,-24.69
2026-07-29,14:20,7390.38,7385.18,7380.37,5.2,10.01,4.81,55.6,9.795,85.13,282.97,0.098,-27.78
2026-07-29,14:25,7396.6,7386.27,7381.01,10.33,15.59,5.26,59.77,9.68,85.13,289.19,0.075,-21.56
2026-07-29,14:30,7392.32,7386.85,7381.45,5.47,10.87,5.39,55.88,10.347,85.13,293.47,0.088,-25.84
2026-07-29,14:35,7413.25,7389.36,7382.7,23.89,30.55,6.66,67.15,11.561,85.13,314.4,0.016,-4.91
2026-07-29,14:40,7431.64,7393.39,7384.62,38.25,47.02,8.77,73.54,12.171,91.59,332.79,0.041,13.48
2026-07-29,14:45,7443.32,7398.14,7386.92,45.18,56.4,11.22,76.65,12.41,103.72,344.47,0.073,25.16
2026-07-29,14:50,7449.98,7403.08,7389.4,46.9,60.58,13.68,78.22,12.437,108.89,351.13,0.091,31.82
2026-07-29,14:55,7442.97,7406.88,7391.5,36.09,51.47,15.38,72.68,12.311,109.59,358.14,0.069,24.81
2026-07-29,15:00,7429.05,7408.99,7392.97,20.06,36.08,16.02,63.11,13.157,109.59,372.06,0.029,10.89
2026-07-29,15:05,7408.58,7408.95,7393.58,-0.37,15.0,15.37,52.23,13.706,109.59,392.53,0.024,-9.58
2026-07-29,15:10,7412.39,7409.28,7394.32,3.11,18.07,14.96,53.83,13.622,109.59,396.34,0.015,-5.77
2026-07-29,15:15,7398.78,7408.28,7394.49,-9.5,4.29,13.79,47.7,14.277,109.59,409.95,0.047,-19.38
2026-07-29,15:20,7377.8,7405.38,7393.84,-27.58,-16.04,11.54,40.11,14.766,109.59,430.93,0.094,-40.36
2026-07-29,15:25,7375.17,7402.5,7393.11,-27.33,-17.94,9.39,39.27,14.637,109.59,433.56,0.099,-42.99
2026-07-29,15:30,7358.84,7398.34,7391.76,-39.5,-32.92,6.58,34.43,15.698,109.59,449.89,0.132,-59.32
2026-07-29,15:35,7339.46,7392.73,7389.71,-53.27,-50.25,3.02,29.75,16.251,111.73,469.27,0.168,-78.7
2026-07-29,15:40,7335.3,7387.26,7387.58,-51.96,-52.28,-0.31,28.84,15.933,117.94,473.43,0.175,-82.86
2026-07-29,15:45,7341.47,7382.9,7385.77,-41.43,-44.3,-2.87,32.14,15.916,123.64,479.6,0.16,-76.69
2026-07-29,15:50,7331.45,7378.0,7383.64,-46.55,-52.19,-5.64,29.73,15.95,125.55,489.62,0.177,-86.71
2026-07-29,15:55,7320.23,7372.5,7381.15,-52.27,-60.92,-8.65,27.26,16.062,136.92,500.84,0.196,-97.93
2026-07-30,09:30,7380.34,,,,,,,,14.4,0.0,,-10.11
2026-07-30,09:35,7377.62,,,,,,,,15.22,2.72,4.717,-12.83
2026-07-30,09:40,7390.09,,,,,,,,20.96,15.19,0.024,-0.36
2026-07-30,09:45,7398.67,,,,,,,,28.07,23.77,0.346,8.22
2026-07-30,09:50,7404.25,,,,,,,,37.22,29.35,0.47,13.8
2026-07-30,09:55,7410.98,,,,,,,,40.0,36.08,0.569,20.53
2026-07-30,10:00,7411.27,,,,,,,,43.05,36.37,0.572,20.82
2026-07-30,10:05,7402.3,,,,,,,,43.05,45.34,0.261,11.85
2026-07-30,10:10,7404.14,,,,,,,,43.05,47.18,0.29,13.69
2026-07-30,10:15,7402.26,,,,,,,,43.05,49.06,0.241,11.81
2026-07-30,10:20,7404.49,,,,,,,,43.05,51.29,0.274,14.04
2026-07-30,10:25,7410.88,,,,,,,,45.69,57.68,0.354,20.43
2026-07-30,10:30,7408.51,,,,,,,,45.69,60.05,0.301,18.06
2026-07-30,10:35,7411.56,,,,,,,,45.69,63.1,0.335,21.11
2026-07-30,10:40,7403.14,,,,,,65.94,11.186,45.69,71.52,0.177,12.69
2026-07-30,10:45,7396.53,,,,,,59.97,11.295,45.69,78.13,0.078,6.08
2026-07-30,10:50,7386.98,,,,,,52.57,11.317,45.69,87.68,0.04,-3.47
2026-07-30,10:55,7386.74,,,,,,52.39,11.142,45.69,87.92,0.042,-3.71
2026-07-30,11:00,7387.74,,,,,,53.09,11.252,45.69,88.92,0.03,-2.71
2026-07-30,11:05,7392.43,7398.55,,-6.12,,,56.34,11.416,45.69,93.61,0.021,1.98
2026-07-30,11:10,7374.06,7396.21,,-22.15,,,43.61,11.971,45.69,111.98,0.146,-16.39
2026-07-30,11:15,7378.91,7394.57,,-15.66,,,47.01,11.833,46.36,116.83,0.099,-11.54
2026-07-30,11:20,7378.22,7393.01,,-14.79,,,46.58,11.611,46.36,117.52,0.104,-12.23
2026-07-30,11:25,7373.08,7391.11,,-18.03,,,43.39,11.614,46.38,122.66,0.142,-17.37
2026-07-30,11:30,7384.25,7390.46,,-6.21,,,51.21,11.686,46.38,133.83,0.046,-6.2
2026-07-30,11:35,7383.93,7389.84,,-5.91,,,50.99,11.507,46.38,134.15,0.049,-6.52
2026-07-30,11:40,7391.03,7389.95,,1.08,,,55.51,11.475,46.38,141.25,0.004,0.58
2026-07-30,11:45,7395.19,7390.45,,4.74,,,57.95,11.063,46.38,145.41,0.033,4.74
2026-07-30,11:50,7396.74,7391.05,,5.69,,,58.86,10.886,46.38,146.96,0.043,6.29
2026-07-30,11:55,7395.74,7391.49,,4.25,,,57.99,10.515,46.38,147.96,0.036,5.29
2026-07-30,12:00,7407.45,7393.01,,14.44,,,64.58,10.777,46.38,159.67,0.106,17.0
2026-07-30,12:05,7406.75,7394.32,,12.43,,,63.93,10.362,46.38,160.37,0.102,16.3
2026-07-30,12:10,7413.19,7396.12,,17.07,,,67.18,10.172,46.38,166.81,0.136,22.74
2026-07-30,12:15,7413.73,7397.8,,15.93,,,67.45,9.716,46.38,167.35,0.139,23.28
2026-07-30,12:20,7410.91,7399.05,,11.86,,,64.52,9.412,46.38,170.17,0.12,20.46
2026-07-30,12:25,7411.94,7400.27,,11.67,,,65.11,9.016,46.38,171.2,0.126,21.49
2026-07-30,12:30,7412.08,7401.4,,10.68,,,65.2,8.695,46.38,171.34,0.126,21.63
2026-07-30,12:35,7409.79,7402.2,,7.59,,,62.5,8.473,46.38,173.63,0.111,19.34
2026-07-30,12:40,7404.31,7402.4,,1.91,,,56.47,8.428,46.38,179.11,0.077,13.86
2026-07-30,12:45,7409.6,7403.08,,6.52,,,60.44,8.355,46.38,184.4,0.104,19.15
2026-07-30,12:50,7413.72,7404.1,,9.62,,,63.25,8.341,46.38,188.52,0.123,23.27
2026-07-30,12:55,7413.96,7405.04,,8.92,,,63.41,7.983,46.38,188.76,0.125,23.51
2026-07-30,13:00,7423.53,7406.8,,16.73,,,69.26,8.171,53.6,198.33,0.167,33.08
2026-07-30,13:05,7421.91,7408.24,,13.67,,,67.3,7.921,54.27,199.95,0.157,31.46
2026-07-30,13:10,7421.75,7409.52,,12.23,,,67.1,7.638,54.27,200.11,0.156,31.3
2026-07-30,13:15,7425.99,7411.09,,14.9,,,69.7,7.476,55.06,204.35,0.174,35.54
2026-07-30,13:20,7423.94,7412.32,,11.62,,,66.94,7.237,55.06,206.4,0.162,33.49
2026-07-30,13:25,7421.15,7413.16,,7.99,,,63.28,6.969,55.06,209.19,0.147,30.7
2026-07-30,13:30,7419.27,7413.74,,5.53,,,60.86,6.867,55.06,211.07,0.137,28.82
2026-07-30,13:35,7417.03,7414.05,7402.48,2.98,14.55,11.57,58.02,6.849,55.06,213.31,0.125,26.58
2026-07-30,13:40,7423.33,7414.94,7403.3,8.39,20.03,11.64,63.22,6.964,55.06,219.61,0.15,32.88
2026-07-30,13:45,7423.57,7415.76,7404.09,7.81,19.48,11.66,63.41,6.678,55.08,219.85,0.151,33.12
2026-07-30,13:50,7423.62,7416.51,7404.86,7.11,18.76,11.65,63.45,6.548,56.75,219.9,0.151,33.17
2026-07-30,13:55,7421.91,7417.02,7405.53,4.89,16.38,11.49,60.91,6.309,56.75,221.61,0.142,31.46
2026-07-30,14:00,7421.67,7417.46,7406.16,4.21,15.51,11.3,60.54,6.209,56.75,221.85,0.141,31.22
2026-07-30,14:05,7425.45,7418.23,7406.92,7.22,18.53,11.31,64.2,6.112,56.75,225.63,0.155,35.0
2026-07-30,14:10,7426.18,7418.98,7407.67,7.2,18.51,11.31,64.88,5.838,56.75,226.36,0.158,35.73
2026-07-30,14:15,7425.37,7419.59,7408.37,5.78,17.0,11.22,63.44,5.581,56.75,227.17,0.154,34.92
2026-07-30,14:20,7427.18,7420.31,7409.1,6.87,18.08,11.21,65.29,5.427,57.14,228.98,0.16,36.73
2026-07-30,14:25,7427.8,7421.03,7409.84,6.77,17.96,11.19,65.92,5.24,57.14,229.6,0.163,37.35
2026-07-30,14:30,7427.14,7421.61,7410.52,5.53,16.62,11.09,64.57,5.13,58.7,230.26,0.159,36.69
2026-07-30,14:35,7424.93,7421.93,7411.08,3.0,13.85,10.84,60.12,4.997,58.7,232.47,0.148,34.48
2026-07-30,14:40,7427.2,7422.43,7411.71,4.77,15.49,10.71,62.94,4.838,58.7,234.74,0.157,36.75
2026-07-30,14:45,7428.97,7423.05,7412.39,5.92,16.58,10.66,65.02,4.678,58.7,236.51,0.163,38.52
2026-07-30,14:50,7429.0,7423.62,7413.04,5.38,15.96,10.58,65.06,4.522,59.25,236.54,0.163,38.55
2026-07-30,14:55,7431.23,7424.34,7413.76,6.89,17.47,10.59,67.71,4.482,60.72,238.77,0.171,40.78
2026-07-30,15:00,7435.95,7425.45,7414.63,10.5,21.32,10.82,72.46,4.588,66.12,243.49,0.187,45.5
2026-07-30,15:05,7441.44,7426.97,7415.68,14.47,25.76,11.29,76.75,4.729,70.75,248.98,0.205,50.99
2026-07-30,15:10,7445.06,7428.69,7416.83,16.37,28.23,11.86,79.07,4.778,75.88,252.6,0.216,54.61
2026-07-30,15:15,7447.17,7430.45,7418.02,16.72,29.15,12.43,80.3,4.867,77.77,254.71,0.223,56.72
2026-07-30,15:20,7444.46,7431.79,7419.06,12.67,25.4,12.73,74.26,4.789,77.77,257.42,0.21,54.01
2026-07-30,15:25,7441.78,7432.74,7419.95,9.04,21.83,12.79,68.75,4.753,77.77,260.1,0.197,51.33
2026-07-30,15:30,7441.43,7433.57,7420.79,7.86,20.64,12.78,68.04,4.644,77.77,260.45,0.196,50.98
2026-07-30,15:35,7440.93,7434.27,7421.58,6.66,19.35,12.69,66.97,4.609,77.77,260.95,0.193,50.48
2026-07-30,15:40,7441.63,7434.97,7422.37,6.66,19.26,12.6,67.73,4.528,77.77,261.65,0.196,51.18
2026-07-30,15:45,7439.53,7435.4,7423.04,4.13,16.49,12.36,63.04,4.588,77.77,263.75,0.186,49.08
2026-07-30,15:50,7437.68,7435.62,7423.61,2.06,14.07,12.01,59.15,4.566,77.77,265.6,0.178,47.23
2026-07-30,15:55,7437.53,7435.8,7424.16,1.73,13.37,11.64,58.84,4.989,77.77,265.75,0.177,47.08
2026-07-31,09:30,7487.71,,,,,,,,27.39,0.0,,25.58
2026-07-31,09:35,7467.1,,,,,,,,27.39,20.61,0.241,4.97
2026-07-31,09:40,7454.74,,,,,,,,36.31,32.97,0.224,-7.39
2026-07-31,09:45,7448.29,,,,,,,,45.55,39.42,0.351,-13.84
2026-07-31,09:50,7442.99,,,,,,,,49.88,44.72,0.428,-19.14
2026-07-31,09:55,7443.41,,,,,,,,49.88,45.14,0.415,-18.72
2026-07-31,10:00,7427.0,,,,,,,,62.52,61.55,0.571,-35.13
2026-07-31,10:05,7414.01,,,,,,,,81.99,74.54,0.646,-48.12
2026-07-31,10:10,7407.59,,,,,,,,86.05,80.96,0.674,-54.54
2026-07-31,10:15,7410.06,,,,,,,,89.69,83.43,0.624,-52.07
2026-07-31,10:20,7417.9,,,,,,,,89.69,91.27,0.485,-44.23
2026-07-31,10:25,7428.3,,,,,,,,89.69,101.67,0.333,-33.83
2026-07-31,10:30,7429.03,,,,,,,,89.69,102.4,0.323,-33.1
2026-07-31,10:35,7435.72,,,,,,,,89.69,109.09,0.242,-26.41
2026-07-31,10:40,7439.08,,,,,,28.38,14.751,89.69,112.45,0.205,-23.05
2026-07-31,10:45,7447.87,,,,,,33.94,14.457,89.69,121.24,0.118,-14.26
2026-07-31,10:50,7445.41,,,,,,33.16,13.944,89.69,123.7,0.135,-16.72
2026-07-31,10:55,7448.82,,,,,,35.37,13.736,89.69,127.11,0.105,-13.31
2026-07-31,11:00,7448.65,,,,,,35.31,13.38,89.69,127.28,0.106,-13.48
2026-07-31,11:05,7441.86,7439.28,,2.58,,,32.81,13.377,89.69,134.07,0.151,-20.27
2026-07-31,11:10,7445.39,7439.86,,5.53,,,35.37,13.412,89.69,137.6,0.122,-16.74
2026-07-31,11:15,7442.6,7440.12,,2.48,,,34.26,13.475,89.69,140.39,0.139,-19.53
2026-07-31,11:20,7433.97,7439.53,,-5.56,,,31.01,13.257,89.69,149.02,0.189,-28.16
2026-07-31,11:25,7425.21,7438.17,,-12.96,,,28.11,13.087,89.69,157.78,0.234,-36.92
2026-07-31,11:30,7429.44,7437.34,,-7.9,,,31.45,12.699,89.69,162.01,0.202,-32.69
2026-07-31,11:35,7443.74,7437.95,,5.79,,,41.37,13.004,89.69,176.31,0.104,-18.39
2026-07-31,11:40,7440.64,7438.2,,2.44,,,40.02,12.997,89.69,179.41,0.12,-21.49
2026-07-31,11:45,7436.8,7438.07,,-1.27,,,38.35,12.625,89.69,183.25,0.138,-25.33
2026-07-31,11:50,7451.52,7439.35,,12.17,,,47.42,12.86,89.69,197.97,0.054,-10.61
2026-07-31,11:55,7454.07,7440.75,,13.32,,,48.83,12.395,89.69,200.52,0.04,-8.06
2026-07-31,12:00,7455.48,7442.16,,13.32,,,49.63,11.913,89.69,201.93,0.033,-6.65
2026-07-31,12:05,7453.84,7443.27,,10.57,,,48.67,11.648,89.69,203.57,0.041,-8.29
2026-07-31,12:10,7458.17,7444.69,,13.48,,,51.34,11.243,89.69,207.9,0.019,-3.96
2026-07-31,12:15,7456.21,7445.79,,10.42,,,50.07,10.96,89.69,209.86,0.028,-5.92
2026-07-31,12:20,7466.69,7447.78,,18.91,,,56.28,11.016,89.69,220.34,0.021,4.56
2026-07-31,12:25,7467.19,7449.63,,17.56,,,56.56,10.615,89.69,220.84,0.023,5.06
2026-07-31,12:30,7471.04,7451.66,,19.38,,,58.73,10.171,89.69,224.69,0.04,8.91
2026-07-31,12:35,7468.33,7453.25,,15.08,,,56.58,9.815,89.69,227.4,0.027,6.2
2026-07-31,12:40,7465.04,7454.37,,10.67,,,54.0,9.55,89.69,230.69,0.013,2.91
2026-07-31,12:45,7468.87,7455.76,,13.11,,,56.49,9.272,89.69,234.52,0.029,6.74
2026-07-31,12:50,7469.7,7457.08,,12.62,,,57.03,8.991,89.69,235.35,0.032,7.57
2026-07-31,12:55,7470.26,7458.34,,11.92,,,57.42,8.569,89.69,235.91,0.034,8.13
2026-07-31,13:00,7474.38,7459.87,,14.51,,,60.24,8.52,89.69,240.03,0.051,12.25
2026-07-31,13:05,7471.41,7460.97,,10.44,,,57.29,8.387,89.69,243.0,0.038,9.28
2026-07-31,13:10,7475.86,7462.38,,13.48,,,60.42,8.244,89.69,247.45,0.055,13.73
2026-07-31,13:15,7478.18,7463.89,,14.29,,,61.98,7.977,89.69,249.77,0.064,16.05
2026-07-31,13:20,7483.74,7465.78,,17.96,,,65.5,8.035,89.69,255.33,0.085,21.61
2026-07-31,13:25,7486.79,7467.78,,19.01,,,67.29,7.743,89.69,258.38,0.095,24.66
2026-07-31,13:30,7487.21,7469.63,,17.58,,,67.54,7.435,89.69,258.8,0.097,25.08
2026-07-31,13:35,7481.99,7470.81,7451.99,11.18,30.0,18.82,61.28,7.409,89.69,264.02,0.075,19.86
2026-07-31,13:40,7482.52,7471.92,7453.18,10.6,29.34,18.74,61.67,7.148,89.69,264.55,0.077,20.39
2026-07-31,13:45,7476.34,7472.34,7454.09,4.0,22.25,18.25,54.77,7.27,89.69,270.73,0.052,14.21
2026-07-31,13:50,7479.65,7473.04,7455.09,6.61,24.56,17.95,57.51,7.167,89.69,274.04,0.064,17.52
2026-07-31,13:55,7477.83,7473.5,7455.99,4.33,21.84,17.51,55.52,6.901,89.69,275.86,0.057,15.7
2026-07-31,14:00,7480.34,7474.15,7456.94,6.19,23.4,17.21,57.7,6.891,89.69,278.37,0.065,18.21
2026-07-31,14:05,7482.38,7474.93,7457.94,7.45,24.44,16.99,59.44,6.757,89.69,280.41,0.072,20.25
2026-07-31,14:10,7480.58,7475.47,7458.83,5.11,21.75,16.64,57.2,6.606,89.69,282.21,0.065,18.45
2026-07-31,14:15,7484.5,7476.33,7459.83,8.17,24.67,16.5,60.67,6.577,89.69,286.13,0.078,22.37
2026-07-31,14:20,7486.9,7477.34,7460.89,9.56,26.01,16.44,62.66,6.407,89.69,288.53,0.086,24.77
2026-07-31,14:25,7483.45,7477.92,7461.78,5.53,21.67,16.14,58.1,6.264,89.69,291.98,0.073,21.32
2026-07-31,14:30,7484.23,7478.52,7462.66,5.71,21.57,15.86,58.83,6.003,89.69,292.76,0.075,22.1
2026-07-31,14:35,7481.47,7478.8,7463.4,2.67,18.07,15.4,55.17,5.798,89.69,295.52,0.065,19.34
2026-07-31,14:40,7483.98,7479.29,7464.2,4.69,19.78,15.09,57.75,5.723,89.69,298.03,0.073,21.85
2026-07-31,14:45,7486.84,7480.01,7465.09,6.83,21.75,14.92,60.53,5.61,89.69,300.89,0.082,24.71
2026-07-31,14:50,7486.01,7480.58,7465.91,5.43,20.1,14.67,59.31,5.404,89.69,301.72,0.079,23.88
2026-07-31,14:55,7485.08,7481.01,7466.66,4.07,18.42,14.35,57.9,5.28,89.69,302.65,0.076,22.95
2026-07-31,15:00,7482.58,7481.16,7467.29,1.42,15.29,13.87,54.18,5.345,89.69,305.15,0.067,20.45
2026-07-31,15:05,7485.27,7481.55,7467.99,3.72,17.28,13.56,57.35,5.268,89.69,307.84,0.075,23.14
2026-07-31,15:10,7486.62,7482.04,7468.72,4.58,17.9,13.31,58.9,5.169,89.69,309.19,0.079,24.49
2026-07-31,15:15,7498.83,7483.63,7469.9,15.2,28.93,13.73,69.59,5.676,99.05,321.4,0.114,36.7
2026-07-31,15:20,7498.47,7485.05,7471.02,13.42,27.45,14.02,69.02,5.624,102.68,321.76,0.113,36.34
2026-07-31,15:25,7498.18,7486.3,7472.09,11.88,26.09,14.21,68.54,5.435,102.68,322.05,0.112,36.05
2026-07-31,15:30,7495.14,7487.14,7472.99,8.0,22.15,14.15,63.48,5.457,102.68,325.09,0.102,33.01
2026-07-31,15:35,7499.13,7488.28,7474.02,10.85,25.11,14.26,66.93,5.38,102.68,329.08,0.112,37.0
2026-07-31,15:40,7504.07,7489.79,7475.2,14.28,28.87,14.59,70.63,5.575,104.65,334.02,0.126,41.94
2026-07-31,15:45,7508.61,7491.58,7476.51,17.03,32.1,15.07,73.56,5.502,108.8,338.56,0.137,46.48
2026-07-31,15:50,7510.21,7493.35,7477.83,16.86,32.38,15.52,74.52,5.815,112.21,340.16,0.141,48.08
2026-07-31,15:55,7489.52,7492.99,7478.29,-3.47,11.23,14.7,49.43,6.986,112.21,360.85,0.076,27.39
2026-08-03,09:30,7531.59,,,,,,,,32.59,0.0,,26.81
2026-08-03,09:35,7543.39,,,,,,,,39.28,11.8,3.272,38.61
2026-08-03,09:40,7540.39,,,,,,,,39.28,14.8,2.406,35.61
2026-08-03,09:45,7542.4,,,,,,,,43.06,16.81,2.238,37.62
2026-08-03,09:50,7551.92,,,,,,,,49.23,26.33,1.79,47.14
2026-08-03,09:55,7561.14,,,,,,,,56.36,35.55,1.585,56.36
2026-08-03,10:00,7558.55,,,,,,,,58.66,38.14,1.41,53.77
2026-08-03,10:05,7560.8,,,,,,,,58.66,40.39,1.387,56.02
2026-08-03,10:10,7563.66,,,,,,,,60.61,43.25,1.361,58.88
2026-08-03,10:15,7566.56,,,,,,,,65.17,46.15,1.339,61.78
2026-08-03,10:20,7570.71,,,,,,,,67.54,50.3,1.311,65.93
2026-08-03,10:25,7569.76,,,,,,,,67.67,51.25,1.268,64.98
2026-08-03,10:30,7569.64,,,,,,,,67.67,51.37,1.263,64.86
2026-08-03,10:35,7573.01,,,,,,,,69.51,54.74,1.246,68.23
2026-08-03,10:40,7573.16,,,,,,87.87,7.559,71.68,54.89,1.246,68.38
2026-08-03,10:45,7573.11,,,,,,87.78,7.242,71.68,54.94,1.244,68.33
2026-08-03,10:50,7573.57,,,,,,87.9,6.968,71.68,55.4,1.242,68.79
2026-08-03,10:55,7578.7,,,,,,89.15,6.843,74.01,60.53,1.221,73.92
2026-08-03,11:00,7577.34,,,,,,86.59,6.583,74.23,61.89,1.172,72.56
2026-08-03,11:05,7573.99,7562.67,,11.32,,,80.46,6.472,74.23,65.24,1.061,69.21
2026-08-03,11:10,7574.5,7563.8,,10.7,,,80.69,6.302,74.23,65.75,1.06,69.72
2026-08-03,11:15,7578.25,7565.17,,13.08,,,82.3,6.149,74.23,69.5,1.057,73.47
2026-08-03,11:20,7580.6,7566.64,,13.96,,,83.24,5.97,76.96,71.85,1.055,75.82
2026-08-03,11:25,7575.39,7567.48,,7.91,,,73.86,6.052,76.96,77.06,0.916,70.61
2026-08-03,11:30,7577.89,7568.47,,9.42,,,75.29,5.946,76.96,79.56,0.919,73.11
2026-08-03,11:35,7580.18,7569.58,,10.6,,,76.57,5.838,76.96,81.85,0.921,75.4
2026-08-03,11:40,7581.22,7570.69,,10.53,,,77.14,5.609,78.02,82.89,0.922,76.44
2026-08-03,11:45,7584.7,7572.03,,12.67,,,79.0,5.516,80.59,86.37,0.925,79.92
2026-08-03,11:50,7586.68,7573.42,,13.26,,,80.0,5.322,81.93,88.35,0.927,81.9
2026-08-03,11:55,7584.4,7574.47,,9.93,,,75.55,5.211,81.93,90.63,0.879,79.62
2026-08-03,12:00,7584.7,7575.44,,9.26,,,75.74,4.988,81.93,90.93,0.879,79.92
2026-08-03,12:05,7584.73,7576.33,,8.4,,,75.76,4.828,81.93,90.96,0.879,79.95
2026-08-03,12:10,7584.44,7577.1,,7.34,,,75.11,4.683,81.93,91.25,0.873,79.66
2026-08-03,12:15,7587.31,7578.07,,9.24,,,77.21,4.591,82.75,94.12,0.877,82.53
2026-08-03,12:20,7587.1,7578.93,,8.17,,,76.7,4.412,82.93,94.33,0.873,82.32
2026-08-03,12:25,7590.32,7580.02,,10.3,,,79.0,4.349,85.59,97.55,0.877,85.54
2026-08-03,12:30,7589.03,7580.87,,8.16,,,75.77,4.209,85.79,98.84,0.852,84.25
2026-08-03,12:35,7587.41,7581.5,,5.91,,,71.81,4.061,85.79,100.46,0.823,82.63
2026-08-03,12:40,7589.4,7582.25,,7.15,,,73.63,3.995,85.79,102.45,0.826,84.62
2026-08-03,12:45,7588.11,7582.81,,5.3,,,70.45,3.842,85.79,103.74,0.803,83.33
2026-08-03,12:50,7585.05,7583.02,,2.03,,,63.44,3.828,85.79,106.8,0.752,80.27
2026-08-03,12:55,7586.47,7583.35,,3.12,,,65.18,3.81,85.79,108.22,0.755,81.69
2026-08-03,13:00,7586.63,7583.66,,2.97,,,65.37,3.719,85.79,108.38,0.755,81.85
2026-08-03,13:05,7586.86,7583.97,,2.89,,,65.68,3.667,85.79,108.61,0.756,82.08
2026-08-03,13:10,7589.68,7584.51,,5.17,,,69.24,3.674,85.85,111.43,0.762,84.9
2026-08-03,13:15,7592.2,7585.24,,6.96,,,72.03,3.617,87.6,113.95,0.767,87.42
2026-08-03,13:20,7594.31,7586.11,,8.2,,,74.15,3.616,90.11,116.06,0.771,89.53
2026-08-03,13:25,7595.14,7586.97,,8.17,,,74.95,3.567,91.39,116.89,0.773,90.36
2026-08-03,13:30,7597.87,7588.01,,9.86,,,77.43,3.562,93.21,119.62,0.778,93.09
2026-08-03,13:35,7596.33,7588.8,7576.81,7.53,19.52,11.99,73.04,3.519,93.6,121.16,0.756,91.55
2026-08-03,13:40,7597.4,7589.62,7577.61,7.78,19.79,12.0,74.13,3.384,93.6,122.23,0.758,92.62
2026-08-03,13:45,7598.75,7590.49,7578.44,8.26,20.31,12.04,75.49,3.29,94.65,123.58,0.76,93.97
2026-08-03,13:50,7600.07,7591.4,7579.29,8.67,20.78,12.11,76.78,3.176,95.32,124.9,0.763,95.29
2026-08-03,13:55,7601.19,7592.33,7580.15,8.86,21.04,12.18,77.84,3.118,97.65,126.02,0.765,96.41
2026-08-03,14:00,7605.56,7593.59,7581.15,11.97,24.41,12.45,81.4,3.232,100.83,130.39,0.773,100.78
2026-08-03,14:05,7607.43,7594.91,7582.18,12.52,25.25,12.73,82.69,3.147,102.66,132.26,0.776,102.65
2026-08-03,14:10,7604.87,7595.86,7583.07,9.01,21.8,12.79,75.05,3.251,103.21,134.82,0.742,100.09
2026-08-03,14:15,7604.42,7596.67,7583.9,7.75,20.52,12.77,73.76,3.311,103.21,135.27,0.737,99.64
2026-08-03,14:20,7604.01,7597.37,7584.69,6.64,19.32,12.68,72.53,3.334,103.21,135.68,0.731,99.23
2026-08-03,14:25,7600.05,7597.63,7585.29,2.42,14.76,12.33,61.86,3.507,103.21,139.64,0.682,95.27
2026-08-03,14:30,7599.33,7597.79,7585.84,1.54,13.49,11.94,60.13,3.589,103.21,140.36,0.674,94.55
2026-08-03,14:35,7600.86,7598.08,7586.43,2.78,14.43,11.65,62.53,3.566,103.21,141.89,0.677,96.08
2026-08-03,14:40,7605.45,7598.78,7587.18,6.67,18.27,11.6,68.63,3.69,103.21,146.48,0.687,100.67
2026-08-03,14:45,7605.43,7599.42,7587.9,6.01,17.53,11.52,68.58,3.764,103.21,146.5,0.687,100.65
2026-08-03,14:50,7605.42,7599.99,7588.58,5.43,16.84,11.41,68.55,3.736,103.21,146.51,0.687,100.64
2026-08-03,14:55,7603.6,7600.33,7589.17,3.27,14.43,11.16,63.44,3.67,103.21,148.33,0.666,98.82
2026-08-03,15:00,7609.1,7601.17,7589.95,7.93,19.15,11.21,70.58,3.87,105.26,153.83,0.678,104.32
2026-08-03,15:05,7606.25,7601.65,7590.59,4.6,15.66,11.06,63.64,3.876,105.26,156.68,0.648,101.47
2026-08-03,15:10,7605.99,7602.06,7591.2,3.93,14.79,10.87,63.04,3.808,105.26,156.94,0.645,101.21
2026-08-03,15:15,7607.78,7602.61,7591.85,5.17,15.93,10.76,65.48,3.722,105.26,158.73,0.649,103.0
2026-08-03,15:20,7608.39,7603.16,7592.5,5.23,15.89,10.66,66.3,3.604,105.26,159.34,0.65,103.61
2026-08-03,15:25,7607.43,7603.57,7593.08,3.86,14.35,10.49,63.74,3.515,105.26,160.3,0.64,102.65
2026-08-03,15:30,7607.53,7603.94,7593.65,3.59,13.88,10.3,63.9,3.465,105.26,160.4,0.641,102.75
2026-08-03,15:35,7604.03,7603.95,7594.05,0.08,9.98,9.9,54.95,3.586,105.26,163.9,0.606,99.25
2026-08-03,15:40,7604.97,7604.05,7594.48,0.92,10.49,9.57,56.71,3.521,105.26,164.84,0.608,100.19
2026-08-03,15:45,7605.96,7604.23,7594.93,1.73,11.03,9.3,58.54,3.492,105.26,165.83,0.61,101.18
2026-08-03,15:50,7601.79,7604.0,7595.2,-2.21,6.59,8.8,49.12,3.788,105.26,170.0,0.571,97.01
2026-08-03,15:55,7599.97,7603.61,7595.39,-3.64,4.58,8.23,45.67,3.823,105.26,171.82,0.554,95.19
2026-08-04,09:30,7643.82,,,,,,,,15.73,0.0,,13.2
2026-08-04,09:35,7644.38,,,,,,,,18.76,0.56,24.571,13.76
2026-08-04,09:40,7642.78,,,,,,,,18.76,2.16,5.63,12.16
2026-08-04,09:45,7649.52,,,,,,,,21.37,8.9,2.124,18.9
2026-08-04,09:50,7658.2,,,,,,,,29.89,17.58,1.569,27.58
2026-08-04,09:55,7658.22,,,,,,,,29.89,17.6,1.568,27.6
2026-08-04,10:00,7664.01,,,,,,,,36.98,23.39,1.428,33.39
2026-08-04,10:05,7668.68,,,,,,,,41.42,28.06,1.356,38.06
2026-08-04,10:10,7672.72,,,,,,,,43.62,32.1,1.312,42.1
2026-08-04,10:15,7677.01,,,,,,,,49.17,36.39,1.275,46.39
2026-08-04,10:20,7667.98,,,,,,,,49.17,45.42,0.823,37.36
2026-08-04,10:25,7669.86,,,,,,,,49.17,47.3,0.83,39.24
2026-08-04,10:30,7674.15,,,,,,,,49.17,51.59,0.844,43.53
2026-08-04,10:35,7675.67,,,,,,,,51.25,53.11,0.848,45.05
2026-08-04,10:40,7682.29,,,,,,82.2,7.621,53.22,59.73,0.865,51.67
2026-08-04,10:45,7683.2,,,,,,82.49,7.274,54.38,60.64,0.867,52.58
2026-08-04,10:50,7682.74,,,,,,81.77,6.978,55.03,61.1,0.853,52.12
2026-08-04,10:55,7687.91,,,,,,83.51,6.941,59.63,66.27,0.864,57.29
2026-08-04,11:00,7692.99,,,,,,85.02,6.913,64.07,71.35,0.874,62.37
2026-08-04,11:05,7692.51,7669.43,,23.08,,,84.24,6.722,64.28,71.83,0.862,61.89
2026-08-04,11:10,7693.36,7671.71,,21.65,,,84.51,6.496,66.19,72.68,0.863,62.74
2026-08-04,11:15,7697.44,7674.16,,23.28,,,85.78,6.374,68.66,76.76,0.871,66.82
2026-08-04,11:20,7701.96,7676.81,,25.15,,,87.05,6.273,72.86,81.28,0.878,71.34
2026-08-04,11:25,7698.36,7678.86,,19.5,,,80.86,6.211,74.05,84.88,0.798,67.74
2026-08-04,11:30,7696.64,7680.55,,16.09,,,78.0,6.082,74.05,86.6,0.762,66.02
2026-08-04,11:35,7701.56,7682.55,,19.01,,,80.16,6.225,75.52,91.52,0.775,70.94
2026-08-04,11:40,7706.6,7684.84,,21.76,,,82.1,6.193,78.23,96.56,0.787,75.98
2026-08-04,11:45,7710.83,7687.32,,23.51,,,83.55,6.088,82.22,100.79,0.796,80.21
2026-08-04,11:50,7707.51,7689.24,,18.27,,,78.19,6.108,84.13,104.11,0.739,76.89
2026-08-04,11:55,7708.86,7691.11,,17.75,,,78.79,5.94,84.13,105.46,0.742,78.24
2026-08-04,12:00,7711.88,7693.09,,18.79,,,80.1,5.83,84.13,108.48,0.749,81.26
2026-08-04,12:05,7708.62,7694.57,,14.05,,,74.73,5.804,84.52,111.74,0.698,78.0
2026-08-04,12:10,7707.23,7695.77,,11.46,,,72.5,5.608,84.52,113.13,0.677,76.61
2026-08-04,12:15,7712.15,7697.33,,14.82,,,75.31,5.587,84.52,118.05,0.691,81.53
2026-08-04,12:20,7716.73,7699.18,,17.55,,,77.6,5.561,87.91,122.63,0.702,86.11
2026-08-04,12:25,7716.13,7700.8,,15.33,,,76.6,5.336,88.12,123.23,0.694,85.51
2026-08-04,12:30,7718.92,7702.52,,16.4,,,78.02,5.34,90.94,126.02,0.701,88.3
2026-08-04,12:35,7718.8,7704.07,,14.73,,,77.8,5.241,91.6,126.14,0.699,88.18
2026-08-04,12:40,7723.51,7705.92,,17.59,,,80.16,5.289,94.78,130.85,0.71,92.89
2026-08-04,12:45,7725.58,7707.8,,17.78,,,81.11,5.077,96.69,132.92,0.714,94.96
2026-08-04,12:50,7725.94,7709.52,,16.42,,,81.28,4.854,97.68,133.28,0.715,95.32
2026-08-04,12:55,7726.04,7711.1,,14.94,,,81.33,4.62,97.68,133.38,0.715,95.42
2026-08-04,13:00,7734.14,7713.29,,20.85,,,84.83,4.922,105.37,141.48,0.732,103.52
2026-08-04,13:05,7734.14,7715.28,,18.86,,,84.83,4.921,107.65,141.48,0.732,103.52
2026-08-04,13:10,7735.9,7717.24,,18.66,,,85.52,4.752,107.65,143.24,0.735,105.28
2026-08-04,13:15,7737.18,7719.14,,18.04,,,86.01,4.689,110.55,144.52,0.737,106.56
2026-08-04,13:20,7735.96,7720.74,,15.22,,,83.1,4.638,110.55,145.74,0.723,105.34
2026-08-04,13:25,7736.62,7722.25,,14.37,,,83.42,4.545,110.55,146.4,0.724,106.0
2026-08-04,13:30,7737.21,7723.68,,13.53,,,83.73,4.467,110.55,146.99,0.725,106.59
2026-08-04,13:35,7742.7,7725.49,7698.34,17.21,44.36,27.15,86.25,4.541,113.6,152.48,0.735,112.08
2026-08-04,13:40,7746.8,7727.52,7700.24,19.28,46.56,27.28,87.77,4.527,117.81,156.58,0.742,116.18
2026-08-04,13:45,7751.26,7729.78,7702.24,21.48,49.02,27.54,89.18,4.753,125.39,161.04,0.749,120.64
2026-08-04,13:50,7743.37,7731.07,7703.86,12.3,39.51,27.22,73.16,5.134,125.39,168.93,0.667,112.75
2026-08-04,13:55,7740.6,7731.98,7705.3,8.62,35.3,26.68,68.51,5.125,125.39,171.7,0.641,109.98
2026-08-04,14:00,7737.55,7732.51,7706.56,5.04,30.99,25.95,63.71,5.331,125.39,174.75,0.612,106.93
2026-08-04,14:05,7742.81,7733.49,7707.98,9.32,34.83,25.51,67.89,5.46,125.39,180.01,0.623,112.19
2026-08-04,14:10,7745.99,7734.68,7709.47,11.31,36.52,25.21,70.13,5.381,125.39,183.19,0.63,115.37
2026-08-04,14:15,7746.01,7735.76,7710.91,10.25,35.1,24.85,70.14,5.256,125.39,183.21,0.63,115.39
2026-08-04,14:20,7745.69,7736.71,7712.27,8.98,33.42,24.44,69.58,5.094,125.39,183.53,0.627,115.07
2026-08-04,14:25,7747.63,7737.75,7713.66,9.88,33.97,24.09,71.1,4.971,125.39,185.47,0.631,117.01
2026-08-04,14:30,7745.81,7738.52,7714.92,7.29,30.89,23.6,67.68,4.848,125.39,187.29,0.615,115.19
2026-08-04,14:35,7743.08,7738.95,7716.02,4.13,27.06,22.93,62.79,4.823,125.39,190.02,0.592,112.46
2026-08-04,14:40,7741.74,7739.22,7717.03,2.52,24.71,22.18,60.49,4.779,125.39,191.36,0.581,111.12
2026-08-04,14:45,7745.52,7739.82,7718.15,5.7,27.37,21.67,64.45,4.826,125.39,195.14,0.589,114.9
2026-08-04,14:50,7744.59,7740.27,7719.19,4.32,25.4,21.09,62.78,4.712,125.39,196.07,0.581,113.97
2026-08-04,14:55,7744.9,7740.71,7720.19,4.19,24.71,20.52,63.13,4.496,125.39,196.38,0.582,114.28
2026-08-04,15:00,7751.76,7741.76,7721.43,10.0,30.33,20.33,69.77,4.781,125.39,203.24,0.596,121.14
2026-08-04,15:05,7754.62,7742.99,7722.73,11.63,31.89,20.26,72.03,4.754,125.57,206.1,0.602,124.0
2026-08-04,15:10,7753.35,7743.98,7723.93,9.37,29.42,20.04,69.54,4.611,125.8,207.37,0.592,122.73
2026-08-04,15:15,7753.99,7744.93,7725.11,9.06,28.88,19.82,70.1,4.48,126.22,208.01,0.593,123.37
2026-08-04,15:20,7752.86,7745.68,7726.2,7.18,26.66,19.48,67.73,4.427,126.46,209.14,0.584,122.24
2026-08-04,15:25,7747.29,7745.84,7727.03,1.45,20.26,18.81,57.43,4.664,126.46,214.71,0.543,116.67
2026-08-04,15:30,7750.37,7746.27,7727.94,4.1,22.43,18.33,60.96,4.659,126.46,217.79,0.55,119.75
2026-08-04,15:35,7752.17,7746.83,7728.89,5.34,23.28,17.94,62.9,4.727,126.46,219.59,0.554,121.55
2026-08-04,15:40,7757.14,7747.81,7730.0,9.33,27.14,17.81,67.68,4.786,128.63,224.56,0.563,126.52
2026-08-04,15:45,7753.9,7748.39,7730.94,5.51,22.96,17.45,62.07,4.844,129.11,227.8,0.541,123.28
2026-08-04,15:50,7742.98,7747.88,7731.41,-4.9,11.57,16.47,47.71,5.336,129.11,238.72,0.471,112.36
2026-08-04,15:55,7735.6,7746.71,7731.57,-11.11,4.03,15.13,40.84,5.783,129.11,246.1,0.427,104.98
2026-08-05,09:30,7786.68,,,,,,,,22.06,0.0,,15.06
2026-08-05,09:35,7789.83,,,,,,,,22.06,3.15,5.781,18.21
2026-08-05,09:40,7789.76,,,,,,,,22.06,3.22,5.634,18.14
2026-08-05,09:45,7779.29,,,,,,,,22.06,13.69,0.56,7.67
2026-08-05,09:50,7781.93,,,,,,,,24.83,16.33,0.631,10.31
2026-08-05,09:55,7791.13,,,,,,,,24.83,25.53,0.764,19.51
2026-08-05,10:00,7781.37,,,,,,,,24.83,35.29,0.276,9.75
2026-08-05,10:05,7784.85,,,,,,,,24.83,38.77,0.341,13.23
2026-08-05,10:10,7786.19,,,,,,,,24.83,40.11,0.363,14.57
2026-08-05,10:15,7781.86,,,,,,,,24.83,44.44,0.23,10.24
2026-08-05,10:20,7781.26,,,,,,,,24.83,45.04,0.214,9.64
2026-08-05,10:25,7772.0,,,,,,,,24.83,54.3,0.007,0.38
2026-08-05,10:30,7770.44,,,,,,,,27.18,55.86,0.021,-1.18
2026-08-05,10:35,7763.82,,,,,,,,31.13,62.48,0.125,-7.8
2026-08-05,10:40,7764.93,,,,,,32.9,10.449,32.33,63.59,0.105,-6.69
2026-08-05,10:45,7769.66,,,,,,37.87,10.289,32.33,68.32,0.029,-1.96
2026-08-05,10:50,7755.37,,,,,,30.51,10.989,41.94,82.61,0.197,-16.25
2026-08-05,10:55,7758.74,,,,,,33.78,10.88,41.95,85.98,0.15,-12.88
2026-08-05,11:00,7759.5,,,,,,34.53,10.507,41.95,86.74,0.14,-12.12
2026-08-05,11:05,7760.83,7775.47,,-14.64,,,35.89,10.223,41.95,88.07,0.123,-10.79
2026-08-05,11:10,7754.67,7773.49,,-18.82,,,32.51,10.145,41.95,94.23,0.18,-16.95
2026-08-05,11:15,7746.83,7770.95,,-24.12,,,28.8,10.864,57.78,102.07,0.243,-24.79
2026-08-05,11:20,7746.95,7768.67,,-21.72,,,28.93,10.482,57.78,102.19,0.241,-24.67
2026-08-05,11:25,7741.37,7766.07,,-24.7,,,26.44,10.27,57.78,107.77,0.281,-30.25
2026-08-05,11:30,7742.19,7763.79,,-21.6,,,27.43,10.128,57.78,108.59,0.271,-29.43
2026-08-05,11:35,7745.43,7762.04,,-16.61,,,31.35,9.722,57.78,111.83,0.234,-26.19
2026-08-05,11:40,7743.47,7760.27,,-16.8,,,30.29,9.409,57.78,113.79,0.247,-28.15
2026-08-05,11:45,7737.65,7758.12,,-20.47,,,27.31,9.202,57.78,119.61,0.284,-33.97
2026-08-05,11:50,7736.18,7756.03,,-19.85,,,26.6,8.822,58.59,121.08,0.293,-35.44
2026-08-05,11:55,7730.31,7753.58,,-23.27,,,23.93,8.842,66.6,126.95,0.325,-41.31
2026-08-05,12:00,7732.32,7751.56,,-19.24,,,26.65,8.897,69.69,128.96,0.305,-39.3
2026-08-05,12:05,7725.34,7749.06,,-23.72,,,23.5,8.987,71.32,135.94,0.34,-46.28
2026-08-05,12:10,7727.79,7747.03,,-19.24,,,26.77,8.721,71.32,138.39,0.317,-43.83
2026-08-05,12:15,7729.68,7745.38,,-15.7,,,29.28,8.699,71.32,140.28,0.299,-41.94
2026-08-05,12:20,7734.52,7744.35,,-9.83,,,35.38,8.867,71.32,145.12,0.256,-37.1
2026-08-05,12:25,7744.72,7744.38,,0.34,,,45.97,8.975,71.32,155.32,0.173,-26.9
2026-08-05,12:30,7740.63,7744.02,,-3.39,,,42.93,9.025,71.32,159.41,0.194,-30.99
2026-08-05,12:35,7739.11,7743.56,,-4.45,,,41.83,8.731,71.32,160.93,0.202,-32.51
2026-08-05,12:40,7739.5,7743.17,,-3.67,,,42.24,8.486,71.32,161.32,0.199,-32.12
2026-08-05,12:45,7738.01,7742.68,,-4.67,,,41.04,8.153,71.32,162.81,0.206,-33.61
2026-08-05,12:50,7743.82,7742.79,,1.03,,,47.3,8.031,71.32,168.62,0.165,-27.8
2026-08-05,12:55,7742.09,7742.72,,-0.63,,,45.74,7.745,71.32,170.35,0.173,-29.53
2026-08-05,13:00,7737.29,7742.2,,-4.91,,,41.65,7.777,71.32,175.15,0.196,-34.33
2026-08-05,13:05,7736.81,7741.69,,-4.88,,,41.25,7.526,71.32,175.63,0.198,-34.81
2026-08-05,13:10,7738.89,7741.42,,-2.53,,,43.76,7.449,71.32,177.71,0.184,-32.73
2026-08-05,13:15,7737.65,7741.06,,-3.41,,,42.59,7.297,71.32,178.95,0.19,-33.97
2026-08-05,13:20,7737.58,7740.73,,-3.15,,,42.52,7.023,71.32,179.02,0.19,-34.04
2026-08-05,13:25,7736.98,7740.37,,-3.39,,,41.89,6.896,71.32,179.62,0.193,-34.64
2026-08-05,13:30,7738.89,7740.23,,-1.34,,,44.68,6.859,71.32,181.53,0.18,-32.73
2026-08-05,13:35,7740.1,7740.22,7753.52,-0.12,-13.42,-13.3,46.44,6.563,71.32,182.74,0.172,-31.52
2026-08-05,13:40,7740.77,7740.27,7753.02,0.5,-12.25,-12.75,47.43,6.346,71.32,183.41,0.168,-30.85
2026-08-05,13:45,7741.9,7740.43,7752.59,1.47,-10.69,-12.16,49.15,6.283,71.32,184.54,0.161,-29.72
2026-08-05,13:50,7740.28,7740.41,7752.11,-0.13,-11.83,-11.69,46.79,6.074,71.32,186.16,0.168,-31.34
2026-08-05,13:55,7739.29,7740.31,7751.6,-1.02,-12.31,-11.3,45.36,5.871,71.32,187.15,0.173,-32.33
2026-08-05,14:00,7745.37,7740.79,7751.36,4.58,-5.99,-10.57,54.55,5.898,71.32,193.23,0.136,-26.25
2026-08-05,14:05,7743.11,7741.01,7751.03,2.1,-7.92,-10.02,51.11,5.804,71.32,195.49,0.146,-28.51
2026-08-05,14:10,7741.65,7741.07,7750.67,0.58,-9.02,-9.6,48.96,5.618,71.32,196.95,0.152,-29.97
2026-08-05,14:15,7744.24,7741.37,7750.41,2.87,-6.17,-9.04,52.76,5.486,71.32,199.54,0.137,-27.38
2026-08-05,14:20,7742.48,7741.48,7750.1,1.0,-7.62,-8.63,50.03,5.312,71.32,201.3,0.145,-29.14
2026-08-05,14:25,7742.72,7741.6,7749.81,1.12,-7.09,-8.22,50.41,5.132,71.32,201.54,0.143,-28.9
2026-08-05,14:30,7737.14,7741.17,7749.32,-4.03,-12.18,-8.14,42.42,5.281,71.32,207.12,0.166,-34.48
2026-08-05,14:35,7738.48,7740.92,7748.89,-2.44,-10.41,-7.98,44.69,5.145,71.32,208.46,0.159,-33.14
2026-08-05,14:40,7739.56,7740.79,7748.53,-1.23,-8.97,-7.74,46.52,4.947,71.32,209.54,0.153,-32.06
2026-08-05,14:45,7741.89,7740.89,7748.27,1.0,-6.38,-7.37,50.33,4.899,71.32,211.87,0.14,-29.73
2026-08-05,14:50,7740.65,7740.87,7747.97,-0.22,-7.32,-7.1,48.35,4.792,71.32,213.11,0.145,-30.97
2026-08-05,14:55,7737.7,7740.57,7747.56,-2.87,-9.86,-7.0,43.93,4.718,71.32,216.06,0.157,-33.92
2026-08-05,15:00,7739.73,7740.49,7747.26,-0.76,-7.53,-6.77,47.49,4.602,71.32,218.09,0.146,-31.89
2026-08-05,15:05,7741.04,7740.54,7747.01,0.5,-5.97,-6.47,49.71,4.49,71.32,219.4,0.139,-30.58
2026-08-05,15:10,7741.39,7740.62,7746.79,0.77,-5.4,-6.17,50.31,4.319,71.32,219.75,0.138,-30.23
2026-08-05,15:15,7742.12,7740.76,7746.61,1.36,-4.49,-5.85,51.62,4.17,71.32,220.48,0.134,-29.5
2026-08-05,15:20,7742.71,7740.95,7746.46,1.76,-3.75,-5.51,52.7,4.123,71.32,221.07,0.131,-28.91
2026-08-05,15:25,7741.63,7741.01,7746.27,0.62,-4.64,-5.25,50.47,3.99,71.32,222.15,0.135,-29.99
2026-08-05,15:30,7739.2,7740.84,7745.99,-1.64,-6.79,-5.15,45.79,4.095,71.32,224.58,0.144,-32.42
2026-08-05,15:35,7736.69,7740.45,7745.63,-3.76,-8.94,-5.18,41.51,4.023,71.32,227.09,0.154,-34.93
2026-08-05,15:40,7738.34,7740.25,7745.34,-1.91,-7.0,-5.09,45.14,3.979,71.32,228.74,0.145,-33.28
2026-08-05,15:45,7738.47,7740.08,7745.07,-1.61,-6.6,-4.99,45.43,4.001,71.32,228.87,0.145,-33.15
2026-08-05,15:50,7738.94,7739.97,7744.83,-1.03,-5.89,-4.86,46.52,3.907,71.32,229.34,0.142,-32.68
2026-08-05,15:55,7722.12,7738.27,7743.94,-16.15,-21.82,-5.67,26.27,5.002,73.51,246.16,0.201,-49.5
2026-08-06,09:30,7723.98,,,,,,,,17.76,0.0,,10.19
2026-08-06,09:35,7722.07,,,,,,,,19.74,1.91,4.335,8.28
2026-08-06,09:40,7728.78,,,,,,,,19.74,8.62,1.739,14.99
2026-08-06,09:45,7737.68,,,,,,,,25.19,17.52,1.364,23.89
2026-08-06,09:50,7732.62,,,,,,,,25.19,22.58,0.834,18.83
2026-08-06,09:55,7732.01,,,,,,,,25.19,23.19,0.786,18.22
2026-08-06,10:00,7735.19,,,,,,,,25.19,26.37,0.812,21.4
2026-08-06,10:05,7738.51,,,,,,,,25.73,29.69,0.833,24.72
2026-08-06,10:10,7739.5,,,,,,,,28.47,30.68,0.838,25.71
2026-08-06,10:15,7741.35,,,,,,,,29.02,32.53,0.847,27.56
2026-08-06,10:20,7736.11,,,,,,,,29.06,37.77,0.591,22.32
2026-08-06,10:25,7727.41,,,,,,,,29.06,46.47,0.293,13.62
2026-08-06,10:30,7732.05,,,,,,,,29.06,51.11,0.357,18.26
2026-08-06,10:35,7721.58,,,,,,,,29.06,61.58,0.127,7.79
2026-08-06,10:40,7725.9,,,,,,51.46,8.518,29.06,65.9,0.184,12.11
2026-08-06,10:45,7720.73,,,,,,47.45,8.317,29.06,71.07,0.098,6.94
2026-08-06,10:50,7728.75,,,,,,53.5,8.381,29.06,79.09,0.189,14.96
2026-08-06,10:55,7733.52,,,,,,56.69,8.275,29.06,83.86,0.235,19.73
2026-08-06,11:00,7726.49,,,,,,51.12,8.459,29.06,90.89,0.14,12.7
2026-08-06,11:05,7729.5,7730.69,,-1.19,,,53.24,8.256,29.06,93.9,0.167,15.71
2026-08-06,11:10,7723.08,7729.96,,-6.88,,,48.42,8.23,29.06,100.32,0.093,9.29
2026-08-06,11:15,7714.01,7728.44,,-14.43,,,42.55,8.419,29.06,109.39,0.002,0.22
2026-08-06,11:20,7713.47,7727.02,,-13.55,,,42.22,8.249,32.95,109.93,0.003,-0.32
2026-08-06,11:25,7715.63,7725.93,,-10.3,,,44.08,8.058,32.95,112.09,0.016,1.84
2026-08-06,11:30,7709.59,7724.38,,-14.79,,,40.19,8.113,33.47,118.13,0.036,-4.2
2026-08-06,11:35,7711.24,7723.12,,-11.88,,,41.71,7.96,35.93,119.78,0.021,-2.55
2026-08-06,11:40,7706.84,7721.57,,-14.73,,,38.88,7.831,36.13,124.18,0.056,-6.95
2026-08-06,11:45,7715.85,7721.03,,-5.18,,,46.82,8.175,36.44,133.19,0.015,2.06
2026-08-06,11:50,7705.57,7719.56,,-13.99,,,40.38,8.734,37.74,143.47,0.057,-8.22
2026-08-06,11:55,7704.63,7718.13,,-13.5,,,39.84,8.506,39.23,144.41,0.063,-9.16
2026-08-06,12:00,7703.68,7716.76,,-13.08,,,39.26,8.243,41.46,145.36,0.07,-10.11
2026-08-06,12:05,7707.38,7715.87,,-8.49,,,42.71,8.033,41.46,149.06,0.043,-6.41
2026-08-06,12:10,7702.97,7714.64,,-11.67,,,39.81,8.002,41.46,153.47,0.071,-10.82
2026-08-06,12:15,7705.8,7713.8,,-8.0,,,42.51,8.021,44.7,156.3,0.051,-7.99
2026-08-06,12:20,7705.99,7713.05,,-7.06,,,42.7,7.746,44.7,156.49,0.05,-7.8
2026-08-06,12:25,7705.75,7712.36,,-6.61,,,42.51,7.494,44.7,156.73,0.051,-8.04
2026-08-06,12:30,7706.53,7711.8,,-5.27,,,43.38,7.395,44.7,157.51,0.046,-7.26
2026-08-06,12:35,7712.04,7711.82,,0.22,,,49.21,7.34,44.7,163.02,0.011,-1.75
2026-08-06,12:40,7704.19,7711.1,,-6.91,,,42.49,7.41,44.7,170.87,0.056,-9.6
2026-08-06,12:45,7707.34,7710.74,,-3.4,,,45.69,7.208,44.7,174.02,0.037,-6.45
2026-08-06,12:50,7707.23,7710.41,,-3.18,,,45.6,6.953,44.7,174.13,0.038,-6.56
2026-08-06,12:55,7713.37,7710.69,,2.68,,,51.67,6.945,44.7,180.27,0.002,-0.42
2026-08-06,13:00,7711.14,7710.73,,0.41,,,49.51,6.811,44.7,182.5,0.015,-2.65
2026-08-06,13:05,7707.61,7710.43,,-2.82,,,46.21,6.893,44.7,186.03,0.033,-6.18
2026-08-06,13:10,7705.39,7709.95,,-4.56,,,44.22,6.73,44.7,188.25,0.045,-8.4
2026-08-06,13:15,7707.16,7709.69,,-2.53,,,46.21,6.538,44.7,190.02,0.035,-6.63
2026-08-06,13:20,7703.19,7709.07,,-5.88,,,42.54,6.391,44.7,193.99,0.055,-10.6
2026-08-06,13:25,7701.51,7708.35,,-6.84,,,41.06,6.283,44.7,195.67,0.063,-12.28
2026-08-06,13:30,7704.57,7707.99,,-3.42,,,44.84,6.157,44.7,198.73,0.046,-9.22
2026-08-06,13:35,7703.85,7707.59,7717.21,-3.74,-13.36,-9.61,44.12,5.9,44.7,199.45,0.05,-9.94
2026-08-06,13:40,7704.77,7707.33,7716.72,-2.56,-11.95,-9.39,45.32,5.688,44.7,200.37,0.045,-9.02
2026-08-06,13:45,7703.91,7707.0,7716.22,-3.09,-12.31,-9.22,44.36,5.511,44.7,201.23,0.049,-9.88
2026-08-06,13:50,7707.88,7707.08,7715.89,0.8,-8.01,-8.81,49.67,5.491,44.7,205.2,0.029,-5.91
2026-08-06,13:55,7710.04,7707.37,7715.66,2.67,-5.62,-8.29,52.33,5.361,44.7,207.36,0.018,-3.75
2026-08-06,14:00,7712.71,7707.87,7715.54,4.84,-2.83,-7.67,55.47,5.258,44.7,210.03,0.005,-1.08
2026-08-06,14:05,7712.03,7708.27,7715.41,3.76,-3.38,-7.14,54.48,5.076,44.7,210.71,0.008,-1.76
2026-08-06,14:10,7715.19,7708.93,7715.4,6.26,-0.21,-6.47,58.19,5.084,44.7,213.87,0.007,1.4
2026-08-06,14:15,7716.63,7709.66,7715.45,6.97,1.18,-5.78,59.8,5.513,44.7,215.31,0.013,2.84
2026-08-06,14:20,7719.12,7710.56,7715.59,8.56,3.53,-5.03,62.49,5.36,44.7,217.8,0.024,5.33
2026-08-06,14:25,7717.78,7711.25,7715.68,6.53,2.1,-4.43,60.16,5.242,44.7,219.14,0.018,3.99
2026-08-06,14:30,7714.54,7711.56,7715.63,2.98,-1.09,-4.07,54.83,5.136,44.7,222.38,0.003,0.75
2026-08-06,14:35,7711.65,7711.57,7715.48,0.08,-3.83,-3.9,50.54,5.116,44.7,225.27,0.009,-2.14
2026-08-06,14:40,7711.27,7711.54,7715.31,-0.27,-4.04,-3.77,49.98,5.014,44.7,225.65,0.011,-2.52
2026-08-06,14:45,7712.16,7711.6,7715.19,0.56,-3.03,-3.59,51.33,4.934,44.7,226.54,0.007,-1.63
2026-08-06,14:50,7712.36,7711.67,7715.08,0.69,-2.72,-3.4,51.65,4.771,44.7,226.74,0.006,-1.43
2026-08-06,14:55,7712.94,7711.79,7714.99,1.15,-2.05,-3.2,52.6,4.594,44.7,227.32,0.004,-0.85
2026-08-06,15:00,7719.2,7712.5,7715.16,6.7,4.04,-2.66,61.48,4.726,44.7,233.58,0.023,5.41
2026-08-06,15:05,7720.27,7713.24,7715.36,7.03,4.91,-2.12,62.76,4.696,44.7,234.65,0.028,6.48
2026-08-06,15:10,7716.73,7713.57,7715.41,3.16,1.32,-1.84,56.1,4.707,44.7,238.19,0.012,2.94
2026-08-06,15:15,7714.85,7713.69,7715.39,1.16,-0.54,-1.7,52.89,4.576,44.7,240.07,0.004,1.06
2026-08-06,15:20,7712.14,7713.55,7715.26,-1.41,-3.12,-1.72,48.58,4.687,44.7,242.78,0.007,-1.65
2026-08-06,15:25,7709.86,7713.2,7715.05,-3.34,-5.19,-1.86,45.23,4.625,44.7,245.06,0.016,-3.93
2026-08-06,15:30,7712.97,7713.17,7714.97,-0.2,-2.0,-1.8,50.26,4.674,44.7,248.17,0.003,-0.82
2026-08-06,15:35,7708.96,7712.77,7714.73,-3.81,-5.77,-1.96,44.58,4.648,44.7,252.18,0.019,-4.83
2026-08-06,15:40,7706.09,7712.14,7714.39,-6.05,-8.3,-2.26,41.0,4.657,44.7,255.05,0.03,-7.7
2026-08-06,15:45,7707.9,7711.73,7714.14,-3.83,-6.24,-2.41,44.05,4.712,44.7,256.86,0.023,-5.89
2026-08-06,15:50,7709.88,7711.56,7713.97,-1.68,-4.09,-2.42,47.26,5.108,44.7,258.84,0.015,-3.91
2026-08-06,15:55,7711.38,7711.54,7713.87,-0.16,-2.49,-2.33,49.62,5.195,44.7,260.34,0.009,-2.41
2026-08-07,09:30,7739.52,,,,,,,,9.21,0.0,,4.34
2026-08-07,09:35,7736.28,,,,,,,,11.13,3.24,0.34,1.1
2026-08-07,09:40,7744.98,,,,,,,,13.74,11.94,0.821,9.8
2026-08-07,09:45,7740.85,,,,,,,,16.13,16.07,0.353,5.67
2026-08-07,09:50,7743.7,,,,,,,,16.13,18.92,0.45,8.52
2026-08-07,09:55,7734.01,,,,,,,,19.46,28.61,0.041,-1.17
2026-08-07,10:00,7728.2,,,,,,,,19.48,34.42,0.203,-6.98
2026-08-07,10:05,7728.13,,,,,,,,20.28,34.49,0.204,-7.05
2026-08-07,10:10,7721.71,,,,,,,,28.44,40.91,0.329,-13.47
2026-08-07,10:15,7741.55,,,,,,,,28.44,60.75,0.105,6.37
2026-08-07,10:20,7744.24,,,,,,,,28.44,63.44,0.143,9.06
2026-08-07,10:25,7754.54,,,,,,,,36.89,73.74,0.263,19.36
2026-08-07,10:30,7749.16,,,,,,,,37.72,79.12,0.177,13.98
2026-08-07,10:35,7742.38,,,,,,,,37.72,85.9,0.084,7.2
2026-08-07,10:40,7741.67,,,,,,51.24,10.873,37.72,86.61,0.075,6.49
2026-08-07,10:45,7747.77,,,,,,54.68,10.733,37.72,92.71,0.136,12.59
2026-08-07,10:50,7745.03,,,,,,52.88,10.455,37.72,95.45,0.103,9.85
2026-08-07,10:55,7751.99,,,,,,56.78,10.326,37.72,102.41,0.164,16.81
2026-08-07,11:00,7751.42,,,,,,56.36,9.892,37.72,102.98,0.158,16.24
2026-08-07,11:05,7753.27,7742.02,,11.25,,,57.44,9.384,37.72,104.83,0.173,18.09
2026-08-07,11:10,7754.48,7743.21,,11.27,,,58.17,9.193,37.96,106.04,0.182,19.3
2026-08-07,11:15,7752.38,7744.08,,8.3,,,56.37,8.79,37.96,108.14,0.159,17.2
2026-08-07,11:20,7759.11,7745.51,,13.6,,,60.58,8.68,40.14,114.87,0.208,23.93
2026-08-07,11:25,7760.0,7746.89,,13.11,,,61.12,8.342,43.26,115.76,0.214,24.82
2026-08-07,11:30,7758.53,7748.0,,10.53,,,59.68,8.071,43.89,117.23,0.199,23.35
2026-08-07,11:35,7758.39,7748.99,,9.4,,,59.53,7.759,43.89,117.37,0.198,23.21
2026-08-07,11:40,7755.72,7749.63,,6.09,,,56.72,7.672,43.89,120.04,0.171,20.54
2026-08-07,11:45,7759.81,7750.6,,9.21,,,59.85,7.486,43.89,124.13,0.198,24.63
2026-08-07,11:50,7757.11,7751.22,,5.89,,,56.93,7.355,43.89,126.83,0.173,21.93
2026-08-07,11:55,7754.9,7751.57,,3.33,,,54.58,7.13,43.89,129.04,0.153,19.72
2026-08-07,12:00,7755.26,7751.92,,3.34,,,54.9,6.844,43.89,129.4,0.155,20.08
2026-08-07,12:05,7755.76,7752.29,,3.47,,,55.38,6.58,43.89,129.9,0.158,20.58
2026-08-07,12:10,7754.34,7752.48,,1.86,,,53.64,6.33,43.89,131.32,0.146,19.16
2026-08-07,12:15,7753.21,7752.55,,0.66,,,52.23,6.108,43.89,132.45,0.136,18.03
2026-08-07,12:20,7747.0,7752.02,,-5.02,,,45.2,6.35,43.89,138.66,0.085,11.82
2026-08-07,12:25,7740.67,7750.94,,-10.27,,,39.38,6.571,43.89,144.99,0.038,5.49
2026-08-07,12:30,7743.35,7750.22,,-6.87,,,42.74,6.737,43.89,147.67,0.055,8.17
2026-08-07,12:35,7746.92,7749.9,,-2.98,,,46.96,6.65,43.89,151.24,0.078,11.74
2026-08-07,12:40,7749.75,7749.89,,-0.14,,,50.1,6.425,43.89,154.07,0.095,14.57
2026-08-07,12:45,7750.4,7749.94,,0.46,,,50.82,6.154,43.89,154.72,0.098,15.22
2026-08-07,12:50,7745.99,7749.56,,-3.57,,,45.97,6.232,43.89,159.13,0.068,10.81
2026-08-07,12:55,7743.73,7749.01,,-5.28,,,43.67,6.091,43.89,161.39,0.053,8.55
2026-08-07,13:00,7744.41,7748.57,,-4.16,,,44.57,5.946,43.89,162.07,0.057,9.23
2026-08-07,13:05,7746.67,7748.39,,-1.72,,,47.56,5.709,43.89,164.33,0.07,11.49
2026-08-07,13:10,7744.14,7747.98,,-3.84,,,44.66,5.569,43.89,166.86,0.054,8.96
2026-08-07,13:15,7746.86,7747.88,,-1.02,,,48.31,5.403,43.89,169.58,0.069,11.68
2026-08-07,13:20,7742.83,7747.4,,-4.57,,,43.71,5.362,43.89,173.61,0.044,7.65
2026-08-07,13:25,7745.29,7747.2,,-1.91,,,47.03,5.304,43.89,176.07,0.057,10.11
2026-08-07,13:30,7742.83,7746.78,,-3.95,,,44.22,5.272,43.89,178.53,0.043,7.65
2026-08-07,13:35,7747.45,7746.84,7747.15,0.61,0.3,-0.31,50.23,5.232,43.89,183.15,0.067,12.27
2026-08-07,13:40,7745.27,7746.69,7747.08,-1.42,-1.81,-0.39,47.62,5.036,43.89,185.33,0.054,10.09
2026-08-07,13:45,7746.55,7746.68,7747.06,-0.13,-0.51,-0.38,49.29,4.901,43.89,186.61,0.061,11.37
2026-08-07,13:50,7746.79,7746.69,7747.05,0.1,-0.26,-0.36,49.61,4.849,43.89,186.85,0.062,11.61
2026-08-07,13:55,7745.35,7746.56,7746.98,-1.21,-1.63,-0.42,47.65,4.67,43.89,188.29,0.054,10.17
2026-08-07,14:00,7745.63,7746.47,7746.93,-0.84,-1.3,-0.45,48.08,4.434,43.89,188.57,0.055,10.45
2026-08-07,14:05,7744.61,7746.3,7746.84,-1.69,-2.23,-0.54,46.58,4.322,43.89,189.59,0.05,9.43
2026-08-07,14:10,7739.21,7745.62,7746.54,-6.41,-7.33,-0.92,39.53,4.44,43.89,194.99,0.021,4.03
2026-08-07,14:15,7741.03,7745.18,7746.32,-4.15,-5.29,-1.14,42.68,4.337,43.89,196.81,0.03,5.85
2026-08-07,14:20,7740.03,7744.69,7746.08,-4.66,-6.05,-1.38,41.4,4.205,43.89,197.81,0.025,4.85
2026-08-07,14:25,7738.55,7744.11,7745.78,-5.56,-7.23,-1.67,39.52,4.107,43.89,199.29,0.017,3.37
2026-08-07,14:30,7737.42,7743.47,7745.45,-6.05,-8.03,-1.98,38.1,4.025,43.89,200.42,0.011,2.24
2026-08-07,14:35,7736.6,7742.82,7745.11,-6.22,-8.51,-2.29,37.06,3.911,43.89,201.24,0.007,1.42
2026-08-07,14:40,7733.0,7741.88,7744.63,-8.88,-11.63,-2.75,32.81,3.93,43.89,204.84,0.011,-2.18
2026-08-07,14:45,7736.25,7741.35,7744.3,-5.1,-8.05,-2.96,39.55,3.905,43.89,208.09,0.005,1.07
2026-08-07,14:50,7736.84,7740.92,7744.01,-4.08,-7.17,-3.09,40.71,3.788,43.89,208.68,0.008,1.66
2026-08-07,14:55,7740.69,7740.89,7743.88,-0.2,-3.19,-2.98,47.76,3.878,43.89,212.53,0.026,5.51
2026-08-07,15:00,7744.39,7741.23,7743.9,3.16,0.49,-2.67,53.49,4.129,43.89,216.23,0.043,9.21
2026-08-07,15:05,7750.36,7742.1,7744.15,8.26,6.21,-2.06,60.93,4.267,43.89,222.2,0.068,15.18
2026-08-07,15:10,7753.04,7743.14,7744.5,9.9,8.54,-1.36,63.74,4.233,43.89,224.88,0.079,17.86
2026-08-07,15:15,7752.72,7744.05,7744.82,8.67,7.9,-0.77,63.16,4.303,43.89,225.2,0.078,17.54
2026-08-07,15:20,7752.82,7744.89,7745.14,7.93,7.68,-0.25,63.27,4.221,43.89,225.3,0.078,17.64
2026-08-07,15:25,7754.94,7745.84,7745.52,9.1,9.42,0.32,65.68,4.071,43.89,227.42,0.087,19.76
2026-08-07,15:30,7750.99,7746.33,7745.74,4.66,5.25,0.6,58.05,4.068,43.89,231.37,0.068,15.81
2026-08-07,15:35,7752.6,7746.93,7746.01,5.67,6.59,0.93,60.08,4.104,43.89,232.98,0.075,17.42
2026-08-07,15:40,7749.35,7747.16,7746.14,2.19,3.21,1.03,54.35,4.1,43.89,236.23,0.06,14.17
2026-08-07,15:45,7752.15,7747.64,7746.37,4.51,5.78,1.26,58.06,4.094,43.89,239.03,0.071,16.97
2026-08-07,15:50,7752.62,7748.11,7746.62,4.51,6.0,1.49,58.67,4.082,43.89,239.5,0.073,17.44
2026-08-07,15:55,7755.61,7748.83,7746.97,6.78,8.64,1.86,62.4,4.463,43.89,242.49,0.084,20.43
2026-08-10,09:30,7748.74,,,,,,,,13.02,0.0,,-3.0
2026-08-10,09:35,7751.08,,,,,,,,13.02,2.34,0.282,-0.66
2026-08-10,09:40,7751.66,,,,,,,,13.02,2.92,0.027,-0.08
2026-08-10,09:45,7755.57,,,,,,,,13.02,6.83,0.561,3.83
2026-08-10,09:50,7754.89,,,,,,,,13.02,7.51,0.419,3.15
2026-08-10,09:55,7758.03,,,,,,,,13.02,10.65,0.591,6.29
2026-08-10,10:00,7761.05,,,,,,,,13.58,13.67,0.681,9.31
2026-08-10,10:05,7763.84,,,,,,,,15.66,16.46,0.735,12.1
2026-08-10,10:10,7765.74,,,,,,,,18.0,18.36,0.763,14.0
2026-08-10,10:15,7766.76,,,,,,,,18.9,19.38,0.775,15.02
2026-08-10,10:20,7762.89,,,,,,,,19.25,23.25,0.48,11.15
2026-08-10,10:25,7767.69,,,,,,,,19.79,28.05,0.569,15.95
2026-08-10,10:30,7767.46,,,,,,,,22.32,28.28,0.556,15.72
2026-08-10,10:35,7767.55,,,,,,,,22.32,28.37,0.557,15.81
2026-08-10,10:40,7769.69,,,,,,84.33,5.168,22.32,30.51,0.588,17.95
2026-08-10,10:45,7772.26,,,,,,85.64,5.102,25.34,33.08,0.62,20.52
2026-08-10,10:50,7761.89,,,,,,62.9,5.637,25.34,43.45,0.234,10.15
2026-08-10,10:55,7758.66,,,,,,57.76,5.634,25.34,46.68,0.148,6.92
2026-08-10,11:00,7760.64,,,,,,59.92,5.745,25.34,48.66,0.183,8.9
2026-08-10,11:05,7759.61,7761.29,,-1.68,,,58.25,5.668,25.34,49.69,0.158,7.87
2026-08-10,11:10,7761.35,7761.29,,0.06,,,60.27,5.523,25.34,51.43,0.187,9.61
2026-08-10,11:15,7763.07,7761.46,,1.61,,,62.21,5.398,25.34,53.15,0.213,11.33
2026-08-10,11:20,7762.67,7761.58,,1.09,,,61.46,5.23,25.34,53.55,0.204,10.93
2026-08-10,11:25,7760.43,7761.47,,-1.04,,,57.28,5.23,25.34,55.79,0.156,8.69
2026-08-10,11:30,7757.3,7761.07,,-3.77,,,51.96,5.157,25.34,58.92,0.094,5.56
2026-08-10,11:35,7756.28,7760.61,,-4.33,,,50.32,5.009,25.34,59.94,0.076,4.54
2026-08-10,11:40,7761.36,7760.68,,0.68,,,57.51,5.1,25.34,65.02,0.148,9.62
2026-08-10,11:45,7759.21,7760.54,,-1.33,,,53.95,5.009,25.34,67.17,0.111,7.47
2026-08-10,11:50,7765.94,7761.06,,4.88,,,61.9,5.211,25.34,73.9,0.192,14.2
2026-08-10,11:55,7766.67,7761.59,,5.08,,,62.65,5.042,25.34,74.63,0.2,14.93
2026-08-10,12:00,7765.0,7761.92,,3.08,,,59.74,4.978,25.34,76.3,0.174,13.26
2026-08-10,12:05,7763.11,7762.03,,1.08,,,56.55,4.851,25.34,78.19,0.145,11.37
2026-08-10,12:10,7761.32,7761.96,,-0.64,,,53.62,4.718,25.34,79.98,0.12,9.58
2026-08-10,12:15,7760.38,7761.81,,-1.43,,,52.09,4.621,25.34,80.92,0.107,8.64
2026-08-10,12:20,7760.66,7761.7,,-1.04,,,52.52,4.559,25.34,81.2,0.11,8.92
2026-08-10,12:25,7756.55,7761.21,,-4.66,,,45.95,4.657,25.34,85.31,0.056,4.81
2026-08-10,12:30,7749.71,7760.12,,-10.41,,,37.54,5.353,30.45,92.15,0.022,-2.03
2026-08-10,12:35,7748.34,7758.99,,-10.65,,,36.11,5.288,30.45,93.52,0.036,-3.4
2026-08-10,12:40,7744.58,7757.62,,-13.04,,,32.46,5.362,30.65,97.28,0.074,-7.16
2026-08-10,12:45,7749.03,7756.8,,-7.77,,,40.16,5.391,30.65,101.73,0.027,-2.71
2026-08-10,12:50,7747.73,7755.94,,-8.21,,,38.77,5.248,30.65,103.03,0.039,-4.01
2026-08-10,12:55,7752.95,7755.65,,-2.7,,,46.75,5.246,30.65,108.25,0.011,1.21
2026-08-10,13:00,7749.56,7755.07,,-5.51,,,42.85,5.242,30.65,111.64,0.02,-2.18
2026-08-10,13:05,7753.52,7754.93,,-1.41,,,48.28,5.218,30.65,115.6,0.015,1.78
2026-08-10,13:10,7754.08,7754.85,,-0.77,,,49.02,5.055,30.65,116.16,0.02,2.34
2026-08-10,13:15,7754.15,7754.78,,-0.63,,,49.11,4.866,30.65,116.23,0.021,2.41
2026-08-10,13:20,7754.16,7754.72,,-0.56,,,49.13,4.662,30.65,116.24,0.021,2.42
2026-08-10,13:25,7754.18,7754.67,,-0.49,,,49.16,4.534,30.65,116.26,0.021,2.44
2026-08-10,13:30,7754.17,7754.62,,-0.45,,,49.14,4.365,30.65,116.27,0.021,2.43
2026-08-10,13:35,7752.1,7754.38,7758.51,-2.28,-6.41,-4.12,45.67,4.322,30.65,118.34,0.003,0.36
2026-08-10,13:40,7749.72,7753.94,7758.16,-4.22,-8.44,-4.22,41.99,4.25,30.65,120.72,0.017,-2.02
2026-08-10,13:45,7750.01,7753.56,7757.84,-3.55,-7.83,-4.28,42.59,4.062,30.65,121.01,0.014,-1.73
2026-08-10,13:50,7749.13,7753.14,7757.5,-4.01,-8.37,-4.36,41.19,3.934,30.65,121.89,0.021,-2.61
2026-08-10,13:55,7750.14,7752.86,7757.21,-2.72,-7.07,-4.36,43.49,3.849,30.65,122.9,0.013,-1.6
2026-08-10,14:00,7750.17,7752.6,7756.93,-2.43,-6.76,-4.34,43.57,3.706,30.65,122.93,0.013,-1.57
2026-08-10,14:05,7752.3,7752.57,7756.75,-0.27,-4.45,-4.18,48.5,3.694,30.65,125.06,0.004,0.56
2026-08-10,14:10,7750.08,7752.33,7756.49,-2.25,-6.41,-4.16,44.17,3.691,30.65,127.28,0.013,-1.66
2026-08-10,14:15,7749.39,7752.05,7756.21,-2.66,-6.82,-4.16,42.88,3.559,30.65,127.97,0.018,-2.35
2026-08-10,14:20,7749.03,7751.77,7755.93,-2.74,-6.9,-4.17,42.19,3.45,30.65,128.33,0.021,-2.71
2026-08-10,14:25,7748.65,7751.47,7755.65,-2.82,-7.0,-4.18,41.44,3.308,30.65,128.71,0.024,-3.09
2026-08-10,14:30,7749.09,7751.24,7755.39,-2.15,-6.3,-4.15,42.72,3.272,30.65,129.15,0.021,-2.65
2026-08-10,14:35,7748.46,7750.98,7755.12,-2.52,-6.66,-4.14,41.32,3.304,30.65,129.78,0.025,-3.28
2026-08-10,14:40,7752.09,7751.08,7755.0,1.01,-2.91,-3.91,51.2,3.348,30.65,133.41,0.003,0.35
2026-08-10,14:45,7751.67,7751.14,7754.87,0.53,-3.2,-3.73,50.15,3.213,30.65,133.83,0.001,-0.07
2026-08-10,14:50,7753.87,7751.4,7754.83,2.47,-0.96,-3.43,55.33,3.174,30.65,136.03,0.016,2.13
2026-08-10,14:55,7754.92,7751.73,7754.83,3.19,0.09,-3.1,57.6,3.151,30.65,137.08,0.023,3.18
2026-08-10,15:00,7755.22,7752.07,7754.85,3.15,0.37,-2.78,58.25,3.075,30.65,137.38,0.025,3.48
2026-08-10,15:05,7756.58,7752.5,7754.92,4.08,1.66,-2.42,61.16,3.02,30.65,138.74,0.035,4.84
2026-08-10,15:10,7755.9,7752.82,7754.95,3.08,0.95,-2.13,58.94,2.912,30.65,139.42,0.03,4.16
2026-08-10,15:15,7755.82,7753.11,7754.99,2.71,0.83,-1.88,58.68,2.858,30.65,139.5,0.029,4.08
2026-08-10,15:20,7756.78,7753.46,7755.06,3.32,1.72,-1.6,60.98,2.795,30.65,140.46,0.036,5.04
2026-08-10,15:25,7752.08,7753.32,7754.94,-1.24,-2.86,-1.62,47.13,2.945,30.65,145.16,0.002,0.34
2026-08-10,15:30,7751.71,7753.17,7754.81,-1.46,-3.1,-1.64,46.24,2.907,30.65,145.53,0.0,-0.03
2026-08-10,15:35,7754.54,7753.3,7754.8,1.24,-0.26,-1.5,53.48,3.028,30.65,148.36,0.019,2.8
2026-08-10,15:40,7753.78,7753.35,7754.76,0.43,-0.98,-1.42,51.48,2.978,30.65,149.12,0.014,2.04
2026-08-10,15:45,7754.63,7753.47,7754.76,1.16,-0.13,-1.29,53.57,2.994,30.65,149.97,0.019,2.89
2026-08-10,15:50,7746.66,7752.82,7754.44,-6.16,-7.78,-1.62,37.3,3.393,30.65,157.94,0.032,-5.08
2026-08-10,15:55,7753.15,7752.85,7754.39,0.3,-1.24,-1.54,50.49,3.707,30.65,164.43,0.009,1.41
2026-08-11,09:30,7759.24,,,,,,,,11.72,0.0,,-8.27
2026-08-11,09:35,7754.42,,,,,,,,15.28,4.82,2.716,-13.09
2026-08-11,09:40,7757.27,,,,,,,,15.28,7.67,1.335,-10.24
2026-08-11,09:45,7752.15,,,,,,,,18.4,12.79,1.201,-15.36
2026-08-11,09:50,7752.75,,,,,,,,18.67,13.39,1.102,-14.76
2026-08-11,09:55,7759.56,,,,,,,,18.67,20.2,0.394,-7.95
2026-08-11,10:00,7761.91,,,,,,,,18.67,22.55,0.248,-5.6
2026-08-11,10:05,7760.72,,,,,,,,18.67,23.74,0.286,-6.79
2026-08-11,10:10,7760.13,,,,,,,,18.67,24.33,0.303,-7.38
2026-08-11,10:15,7758.94,,,,,,,,18.67,25.52,0.336,-8.57
2026-08-11,10:20,7756.74,,,,,,,,18.67,27.72,0.389,-10.77
2026-08-11,10:25,7762.18,,,,,,,,18.67,33.16,0.161,-5.33
2026-08-11,10:30,7759.19,,,,,,,,18.67,36.15,0.23,-8.32
2026-08-11,10:35,7756.75,,,,,,,,18.67,38.59,0.279,-10.76
2026-08-11,10:40,7756.25,,,,,,46.18,5.9,18.67,39.09,0.288,-11.26
2026-08-11,10:45,7761.95,,,,,,53.48,5.929,18.67,44.79,0.124,-5.56
2026-08-11,10:50,7762.13,,,,,,53.69,5.876,18.67,44.97,0.12,-5.38
2026-08-11,10:55,7759.33,,,,,,49.86,5.783,18.67,47.77,0.171,-8.18
2026-08-11,11:00,7757.84,,,,,,47.9,5.672,18.67,49.26,0.196,-9.67
2026-08-11,11:05,7751.13,7758.03,,-6.9,,,40.22,5.818,18.67,55.97,0.293,-16.38
2026-08-11,11:10,7749.72,7757.24,,-7.52,,,38.81,5.641,18.89,57.38,0.31,-17.79
2026-08-11,11:15,7747.55,7756.32,,-8.77,,,36.69,5.561,22.17,59.55,0.335,-19.96
2026-08-11,11:20,7748.52,7755.57,,-7.05,,,38.31,5.478,22.17,60.52,0.314,-18.99
2026-08-11,11:25,7747.59,7754.81,,-7.22,,,37.32,5.281,22.17,61.45,0.324,-19.92
2026-08-11,11:30,7742.16,7753.61,,-11.45,,,32.1,5.42,25.86,66.88,0.379,-25.35
2026-08-11,11:35,7741.66,7752.47,,-10.81,,,31.66,5.249,26.63,67.38,0.384,-25.85
2026-08-11,11:40,7744.98,7751.76,,-6.78,,,37.75,5.19,26.63,70.7,0.319,-22.53
2026-08-11,11:45,7743.39,7750.96,,-7.57,,,36.09,5.035,26.63,72.29,0.334,-24.12
2026-08-11,11:50,7741.55,7750.06,,-8.51,,,34.22,5.001,26.63,74.13,0.35,-25.96
2026-08-11,11:55,7743.39,7749.43,,-6.04,,,37.7,4.864,26.63,75.97,0.317,-24.12
2026-08-11,12:00,7743.27,7748.84,,-5.57,,,37.56,4.72,26.63,76.09,0.319,-24.24
2026-08-11,12:05,7746.2,7748.59,,-2.39,,,43.11,4.679,26.63,79.02,0.27,-21.31
2026-08-11,12:10,7743.15,7748.07,,-4.92,,,39.2,4.599,26.63,82.07,0.297,-24.36
2026-08-11,12:15,7743.75,7747.66,,-3.91,,,40.35,4.562,26.63,82.67,0.287,-23.76
2026-08-11,12:20,7740.25,7746.95,,-6.7,,,36.08,4.595,27.33,86.17,0.316,-27.26
2026-08-11,12:25,7741.14,7746.4,,-5.26,,,37.88,4.559,30.06,87.06,0.303,-26.37
2026-08-11,12:30,7738.66,7745.66,,-7.0,,,34.93,4.497,30.06,89.54,0.322,-28.85
2026-08-11,12:35,7741.91,7745.31,,-3.4,,,41.37,4.534,30.06,92.79,0.276,-25.6
2026-08-11,12:40,7738.57,7744.66,,-6.09,,,37.29,4.465,30.06,96.13,0.301,-28.94
2026-08-11,12:45,7737.13,7743.95,,-6.82,,,35.65,4.368,31.93,97.57,0.311,-30.38
2026-08-11,12:50,7736.76,7743.26,,-6.5,,,35.23,4.212,31.93,97.94,0.314,-30.75
2026-08-11,12:55,7734.23,7742.4,,-8.17,,,32.37,4.127,33.66,100.47,0.331,-33.28
2026-08-11,13:00,7731.22,7741.34,,-10.12,,,29.32,4.13,36.3,103.48,0.351,-36.29
2026-08-11,13:05,7731.85,7740.43,,-8.58,,,30.79,4.039,36.68,104.11,0.343,-35.66
2026-08-11,13:10,7726.17,7739.08,,-12.91,,,25.62,4.164,41.41,109.79,0.377,-41.34
2026-08-11,13:15,7730.33,7738.24,,-7.91,,,34.32,4.237,41.71,113.95,0.326,-37.18
2026-08-11,13:20,7731.09,7737.56,,-6.47,,,35.8,4.181,41.71,114.71,0.317,-36.42
2026-08-11,13:25,7732.1,7737.04,,-4.94,,,37.8,4.11,41.71,115.72,0.306,-35.41
2026-08-11,13:30,7732.16,7736.58,,-4.42,,,37.92,3.939,41.71,115.78,0.305,-35.35
2026-08-11,13:35,7731.97,7736.14,7746.86,-4.17,-14.89,-10.72,37.67,3.904,41.71,115.97,0.306,-35.54
2026-08-11,13:40,7735.55,7736.08,7746.42,-0.53,-10.87,-10.33,45.17,3.936,41.71,119.55,0.267,-31.96
2026-08-11,13:45,7735.08,7735.99,7745.97,-0.91,-10.89,-9.99,44.41,3.805,41.71,120.02,0.27,-32.43
2026-08-11,13:50,7735.92,7735.98,7745.58,-0.06,-9.66,-9.6,46.15,3.645,41.71,120.86,0.261,-31.59
2026-08-11,13:55,7735.08,7735.89,7745.17,-0.81,-10.09,-9.27,44.65,3.513,41.71,121.7,0.266,-32.43
2026-08-11,14:00,7733.79,7735.69,7744.72,-1.9,-10.93,-9.03,42.37,3.462,41.71,122.99,0.274,-33.72
2026-08-11,14:05,7730.11,7735.16,7744.15,-5.05,-14.04,-8.98,36.63,3.52,41.71,126.67,0.295,-37.4
2026-08-11,14:10,7731.11,7734.78,7743.64,-3.67,-12.53,-8.86,39.04,3.435,41.71,127.67,0.285,-36.4
2026-08-11,14:15,7730.27,7734.35,7743.11,-4.08,-12.84,-8.76,37.74,3.375,41.71,128.51,0.29,-37.24
2026-08-11,14:20,7727.35,7733.68,7742.49,-6.33,-15.14,-8.81,33.55,3.478,42.01,131.43,0.306,-40.16
2026-08-11,14:25,7717.68,7732.16,7741.52,-14.48,-23.84,-9.36,24.04,3.997,50.26,141.1,0.353,-49.83
2026-08-11,14:30,7722.53,7731.24,7740.78,-8.71,-18.25,-9.54,34.13,4.096,50.26,145.95,0.308,-44.98
2026-08-11,14:35,7722.53,7730.41,7740.06,-7.88,-17.53,-9.65,34.13,3.987,50.26,145.95,0.308,-44.98
2026-08-11,14:40,7720.66,7729.48,7739.3,-8.82,-18.64,-9.82,32.21,3.919,50.26,147.82,0.317,-46.85
2026-08-11,14:45,7725.76,7729.13,7738.77,-3.37,-13.01,-9.64,41.8,4.025,50.26,152.92,0.273,-41.75
2026-08-11,14:50,7726.42,7728.87,7738.28,-2.45,-11.86,-9.41,42.92,3.921,50.26,153.58,0.268,-41.09
2026-08-11,14:55,7723.57,7728.36,7737.71,-4.79,-14.14,-9.34,39.38,3.853,50.26,156.43,0.281,-43.94
2026-08-11,15:00,7723.82,7727.93,7737.16,-4.11,-13.34,-9.23,39.85,3.744,50.26,156.68,0.279,-43.69
2026-08-11,15:05,7723.24,7727.49,7736.62,-4.25,-13.38,-9.13,39.1,3.691,50.26,157.26,0.282,-44.27
2026-08-11,15:10,7725.55,7727.3,7736.18,-1.75,-10.63,-8.88,43.67,3.709,50.26,159.57,0.263,-41.96
2026-08-11,15:15,7726.94,7727.27,7735.82,-0.33,-8.88,-8.55,46.29,3.619,50.26,160.96,0.252,-40.57
2026-08-11,15:20,7729.21,7727.45,7735.56,1.76,-6.35,-8.11,50.35,3.568,50.26,163.23,0.235,-38.3
2026-08-11,15:25,7728.99,7727.6,7735.3,1.39,-6.31,-7.71,49.95,3.462,50.26,163.45,0.236,-38.52
2026-08-11,15:30,7730.74,7727.9,7735.12,2.84,-4.38,-7.23,53.09,3.398,50.26,165.2,0.223,-36.77
2026-08-11,15:35,7733.28,7728.41,7735.05,4.87,-1.77,-6.64,57.28,3.421,50.26,167.74,0.204,-34.23
2026-08-11,15:40,7730.22,7728.58,7734.86,1.64,-4.64,-6.28,51.33,3.425,50.26,170.8,0.218,-37.29
2026-08-11,15:45,7727.23,7728.45,7734.56,-1.22,-7.33,-6.11,46.28,3.491,50.26,173.79,0.232,-40.28
2026-08-11,15:50,7727.45,7728.36,7734.28,-0.91,-6.83,-5.93,46.69,3.728,50.26,174.01,0.23,-40.06
2026-08-11,15:55,7727.41,7728.27,7734.01,-0.86,-6.6,-5.75,46.62,3.868,50.26,174.05,0.23,-40.1
2026-08-12,09:30,7753.77,,,,,,,,15.7,0.0,,-11.69
2026-08-12,09:35,7752.44,,,,,,,,15.7,1.33,9.789,-13.02
2026-08-12,09:40,7751.73,,,,,,,,17.64,2.04,6.73,-13.73
2026-08-12,09:45,7758.67,,,,,,,,18.41,8.98,0.756,-6.79
2026-08-12,09:50,7749.36,,,,,,,,18.41,18.29,0.88,-16.1
2026-08-12,09:55,7749.9,,,,,,,,21.98,18.83,0.826,-15.56
2026-08-12,10:00,7742.54,,,,,,,,23.47,26.19,0.875,-22.92
2026-08-12,10:05,7745.92,,,,,,,,24.29,29.57,0.661,-19.54
2026-08-12,10:10,7746.44,,,,,,,,24.29,30.09,0.632,-19.02
2026-08-12,10:15,7747.66,,,,,,,,24.29,31.31,0.569,-17.8
2026-08-12,10:20,7752.66,,,,,,,,24.29,36.31,0.353,-12.8
2026-08-12,10:25,7750.47,,,,,,,,24.29,38.5,0.389,-14.99
2026-08-12,10:30,7743.17,,,,,,,,28.06,45.8,0.487,-22.29
2026-08-12,10:35,7749.17,,,,,,,,28.06,51.8,0.314,-16.29
2026-08-12,10:40,7752.6,,,,,,48.94,7.967,28.06,55.23,0.233,-12.86
2026-08-12,10:45,7748.78,,,,,,45.55,7.897,28.06,59.05,0.282,-16.68
2026-08-12,10:50,7743.33,,,,,,41.16,7.788,28.06,64.5,0.343,-22.13
2026-08-12,10:55,7744.93,,,,,,42.9,7.558,28.06,66.1,0.311,-20.53
2026-08-12,11:00,7741.18,,,,,,39.93,7.407,28.06,69.85,0.348,-24.28
2026-08-12,11:05,7743.77,7748.42,,-4.65,,,42.87,7.2,28.06,72.44,0.299,-21.69
2026-08-12,11:10,7744.28,7748.03,,-3.75,,,43.46,7.078,28.06,72.95,0.29,-21.18
2026-08-12,11:15,7743.36,7747.59,,-4.23,,,42.61,6.787,28.06,73.87,0.299,-22.1
2026-08-12,11:20,7741.86,7747.04,,-5.18,,,41.19,6.608,28.06,75.37,0.313,-23.6
2026-08-12,11:25,7745.66,7746.91,,-1.25,,,46.09,6.47,28.06,79.17,0.25,-19.8
2026-08-12,11:30,7741.55,7746.4,,-4.85,,,42.01,6.525,28.06,83.28,0.287,-23.91
2026-08-12,11:35,7739.7,7745.76,,-6.06,,,40.29,6.407,28.06,85.13,0.303,-25.76
2026-08-12,11:40,7740.8,7745.29,,-4.49,,,41.82,6.232,28.06,86.23,0.286,-24.66
2026-08-12,11:45,7743.85,7745.15,,-1.3,,,45.95,6.044,28.06,89.28,0.242,-21.61
2026-08-12,11:50,7742.49,7744.9,,-2.41,,,44.44,5.857,28.06,90.64,0.253,-22.97
2026-08-12,11:55,7742.61,7744.68,,-2.07,,,44.61,5.578,28.06,90.76,0.252,-22.85
2026-08-12,12:00,7744.57,7744.67,,-0.1,,,47.5,5.473,28.06,92.72,0.225,-20.89
2026-08-12,12:05,7746.11,7744.81,,1.3,,,49.72,5.293,28.06,94.26,0.205,-19.35
2026-08-12,12:10,7747.82,7745.09,,2.73,,,52.14,5.21,28.06,95.97,0.184,-17.64
2026-08-12,12:15,7746.72,7745.25,,1.47,,,50.46,4.979,28.06,97.07,0.193,-18.74
2026-08-12,12:20,7747.84,7745.5,,2.34,,,52.15,4.823,28.06,98.19,0.179,-17.62
2026-08-12,12:25,7747.32,7745.67,,1.65,,,51.27,4.641,28.06,98.71,0.184,-18.14
2026-08-12,12:30,7744.71,7745.58,,-0.87,,,47.01,4.554,28.06,101.32,0.205,-20.75
2026-08-12,12:35,7750.5,7746.05,,4.45,,,55.79,4.642,28.06,107.11,0.14,-14.96
2026-08-12,12:40,7749.92,7746.42,,3.5,,,54.81,4.44,28.06,107.69,0.144,-15.54
2026-08-12,12:45,7751.16,7746.87,,4.29,,,56.57,4.317,28.06,108.93,0.131,-14.3
2026-08-12,12:50,7753.46,7747.5,,5.96,,,59.7,4.28,28.06,111.23,0.108,-12.0
2026-08-12,12:55,7752.34,7747.96,,4.38,,,57.53,4.13,28.06,112.35,0.117,-13.12
2026-08-12,13:00,7753.44,7748.48,,4.96,,,59.1,3.998,28.06,113.45,0.106,-12.02
2026-08-12,13:05,7753.23,7748.93,,4.3,,,58.66,3.903,28.06,113.66,0.108,-12.23
2026-08-12,13:10,7753.33,7749.35,,3.98,,,58.81,3.811,28.06,113.76,0.107,-12.13
2026-08-12,13:15,7750.39,7749.45,,0.94,,,52.4,3.842,28.06,116.7,0.129,-15.07
2026-08-12,13:20,7750.35,7749.53,,0.82,,,52.32,3.71,28.06,116.74,0.129,-15.11
2026-08-12,13:25,7751.08,7749.68,,1.4,,,53.77,3.616,28.06,117.47,0.122,-14.38
2026-08-12,13:30,7752.23,7749.92,,2.31,,,56.03,3.545,28.06,118.62,0.112,-13.23
2026-08-12,13:35,7751.52,7750.08,7747.85,1.44,3.67,2.22,54.26,3.446,28.06,119.33,0.117,-13.94
2026-08-12,13:40,7751.69,7750.23,7748.0,1.46,3.69,2.23,54.63,3.342,28.06,119.5,0.115,-13.77
2026-08-12,13:45,7750.34,7750.24,7748.1,0.1,2.24,2.14,51.1,3.24,28.06,120.85,0.125,-15.12
2026-08-12,13:50,7750.57,7750.27,7748.19,0.3,2.38,2.08,51.68,3.201,28.06,121.08,0.123,-14.89
2026-08-12,13:55,7751.28,7750.37,7748.31,0.91,2.97,2.05,53.49,3.126,28.06,121.79,0.116,-14.18
2026-08-12,14:00,7751.72,7750.5,7748.45,1.22,3.27,2.05,54.62,3.027,28.06,122.23,0.112,-13.74
2026-08-12,14:05,7751.32,7750.58,7748.56,0.74,2.76,2.02,53.35,2.899,28.06,122.63,0.115,-14.14
2026-08-12,14:10,7753.83,7750.89,7748.77,2.94,5.06,2.12,59.7,2.923,28.06,125.14,0.093,-11.63
2026-08-12,14:15,7753.78,7751.16,7748.96,2.62,4.82,2.2,59.53,2.841,28.06,125.19,0.093,-11.68
2026-08-12,14:20,7754.77,7751.5,7749.19,3.27,5.58,2.31,61.9,2.82,28.06,126.18,0.085,-10.69
2026-08-12,14:25,7753.42,7751.69,7749.36,1.73,4.06,2.33,57.0,2.767,28.06,127.53,0.094,-12.04
2026-08-12,14:30,7756.03,7752.1,7749.62,3.93,6.41,2.48,63.08,2.826,28.06,130.14,0.072,-9.43
2026-08-12,14:35,7756.59,7752.53,7749.89,4.06,6.7,2.64,64.25,2.722,28.06,130.7,0.068,-8.87
2026-08-12,14:40,7758.01,7753.05,7750.21,4.96,7.8,2.84,67.09,2.696,28.06,132.12,0.056,-7.45
2026-08-12,14:45,7757.82,7753.5,7750.51,4.32,7.31,3.0,66.33,2.62,28.06,132.31,0.058,-7.64
2026-08-12,14:50,7757.04,7753.84,7750.76,3.2,6.28,3.08,63.17,2.573,28.06,133.09,0.063,-8.42
2026-08-12,14:55,7753.43,7753.8,7750.87,-0.37,2.56,2.93,51.03,2.649,28.06,136.7,0.088,-12.03
2026-08-12,15:00,7755.17,7753.93,7751.04,1.24,4.13,2.89,55.47,2.626,28.06,138.44,0.074,-10.29
2026-08-12,15:05,7754.66,7754.0,7751.18,0.66,3.48,2.82,53.93,2.569,28.06,138.95,0.078,-10.8
2026-08-12,15:10,7753.38,7753.94,7751.27,-0.56,2.11,2.68,50.16,2.546,28.06,140.23,0.086,-12.08
2026-08-12,15:15,7754.11,7753.96,7751.38,0.15,2.73,2.58,52.21,2.487,28.06,140.96,0.081,-11.35
2026-08-12,15:20,7751.2,7753.7,7751.37,-2.5,-0.17,2.32,44.37,2.567,28.06,143.87,0.099,-14.26
2026-08-12,15:25,7752.06,7753.54,7751.4,-1.48,0.66,2.14,46.9,2.5,28.06,144.73,0.093,-13.4
2026-08-12,15:30,7751.07,7753.3,7751.39,-2.23,-0.32,1.92,44.39,2.483,28.06,145.72,0.099,-14.39
2026-08-12,15:35,7751.1,7753.09,7751.37,-1.99,-0.27,1.72,44.49,2.421,28.06,145.75,0.099,-14.36
2026-08-12,15:40,7750.94,7752.89,7751.36,-1.95,-0.42,1.53,44.05,2.494,28.06,145.91,0.1,-14.52
2026-08-12,15:45,7751.5,7752.76,7751.36,-1.26,0.14,1.39,46.07,2.55,28.06,146.47,0.095,-13.96
2026-08-12,15:50,7745.75,7752.09,7751.14,-6.34,-5.39,0.95,32.94,2.838,28.06,152.22,0.129,-19.71
2026-08-12,15:55,7748.71,7751.77,7751.05,-3.06,-2.34,0.72,42.09,3.101,28.06,155.18,0.108,-16.75
2026-08-13,09:30,7776.44,,,,,,,,14.15,0.0,,13.26
2026-08-13,09:35,7786.89,,,,,,,,23.98,10.45,2.269,23.71
2026-08-13,09:40,7779.92,,,,,,,,23.98,17.42,0.961,16.74
2026-08-13,09:45,7793.1,,,,,,,,30.01,30.6,0.978,29.92
2026-08-13,09:50,7794.61,,,,,,,,31.64,32.11,0.979,31.43
2026-08-13,09:55,7799.71,,,,,,,,36.99,37.21,0.982,36.53
2026-08-13,10:00,7805.38,,,,,,,,42.23,42.88,0.984,42.2
2026-08-13,10:05,7804.52,,,,,,,,43.68,43.74,0.945,41.34
2026-08-13,10:10,7808.61,,,,,,,,46.14,47.83,0.95,45.43
2026-08-13,10:15,7808.96,,,,,,,,46.43,48.18,0.95,45.78
2026-08-13,10:20,7813.15,,,,,,,,51.33,52.37,0.954,49.97
2026-08-13,10:25,7815.09,,,,,,,,52.36,54.31,0.956,51.91
2026-08-13,10:30,7815.23,,,,,,,,53.52,54.45,0.956,52.05
2026-08-13,10:35,7813.86,,,,,,,,53.52,55.82,0.908,50.68
2026-08-13,10:40,7808.92,,,,,,76.73,6.605,53.52,60.76,0.753,45.74
2026-08-13,10:45,7799.59,,,,,,65.84,6.818,53.52,70.09,0.519,36.41
2026-08-13,10:50,7801.58,,,,,,66.92,6.531,53.52,72.08,0.533,38.4
2026-08-13,10:55,7800.91,,,,,,66.16,6.421,53.52,72.75,0.519,37.73
2026-08-13,11:00,7797.39,,,,,,62.18,6.526,53.52,76.27,0.449,34.21
2026-08-13,11:05,7795.79,7800.98,,-5.19,,,60.4,6.478,53.52,77.87,0.419,32.61
2026-08-13,11:10,7794.53,7800.37,,-5.84,,,58.97,6.228,53.52,79.13,0.396,31.35
2026-08-13,11:15,7794.82,7799.84,,-5.02,,,59.21,6.127,53.52,79.42,0.398,31.64
2026-08-13,11:20,7792.64,7799.15,,-6.51,,,56.54,5.969,53.52,81.6,0.361,29.46
2026-08-13,11:25,7784.2,7797.73,,-13.53,,,47.59,6.278,53.52,90.04,0.233,21.02
2026-08-13,11:30,7780.06,7796.05,,-15.99,,,43.91,6.238,53.52,94.18,0.179,16.88
2026-08-13,11:35,7782.23,7794.73,,-12.5,,,46.25,6.106,53.52,96.35,0.198,19.05
2026-08-13,11:40,7783.31,7793.64,,-10.33,,,47.43,6.155,53.52,97.43,0.207,20.13
2026-08-13,11:45,7782.34,7792.57,,-10.23,,,46.45,5.976,53.52,98.4,0.195,19.16
2026-08-13,11:50,7779.12,7791.29,,-12.17,,,43.24,5.832,53.52,101.62,0.157,15.94
2026-08-13,11:55,7777.87,7790.01,,-12.14,,,42.03,5.757,53.52,102.87,0.143,14.69
2026-08-13,12:00,7781.51,7789.2,,-7.69,,,46.71,5.762,53.52,106.51,0.172,18.33
2026-08-13,12:05,7782.75,7788.58,,-5.83,,,48.25,5.632,53.52,107.75,0.182,19.57
2026-08-13,12:10,7779.95,7787.76,,-7.81,,,45.09,5.546,53.52,110.55,0.152,16.77
2026-08-13,12:15,7781.33,7787.15,,-5.82,,,46.94,5.29,53.52,111.93,0.162,18.15
2026-08-13,12:20,7783.59,7786.81,,-3.22,,,49.9,5.137,53.52,114.19,0.179,20.41
2026-08-13,12:25,7787.83,7786.91,,0.92,,,54.99,5.094,53.52,118.43,0.208,24.65
2026-08-13,12:30,7789.4,7787.15,,2.25,,,56.74,4.898,53.52,120.0,0.218,26.22
2026-08-13,12:35,7785.91,7787.03,,-1.12,,,51.9,4.852,53.52,123.49,0.184,22.73
2026-08-13,12:40,7787.74,7787.1,,0.64,,,54.11,4.721,53.52,125.32,0.196,24.56
2026-08-13,12:45,7788.04,7787.19,,0.85,,,54.48,4.48,53.52,125.62,0.198,24.86
2026-08-13,12:50,7789.59,7787.41,,2.18,,,56.43,4.306,53.52,127.17,0.208,26.41
2026-08-13,12:55,7790.13,7787.67,,2.46,,,57.12,4.143,53.52,127.71,0.211,26.95
2026-08-13,13:00,7792.68,7788.15,,4.53,,,60.31,4.084,53.52,130.26,0.226,29.5
2026-08-13,13:05,7794.97,7788.8,,6.17,,,62.97,4.101,53.52,132.55,0.24,31.79
2026-08-13,13:10,7794.41,7789.33,,5.08,,,61.88,3.968,53.52,133.11,0.235,31.23
2026-08-13,13:15,7796.67,7790.03,,6.64,,,64.55,3.856,53.52,135.37,0.247,33.49
2026-08-13,13:20,7795.29,7790.53,,4.76,,,61.7,3.784,53.52,136.75,0.235,32.11
2026-08-13,13:25,7794.03,7790.87,,3.16,,,59.14,3.641,53.52,138.01,0.224,30.85
2026-08-13,13:30,7792.43,7791.02,,1.41,,,55.96,3.631,53.52,139.61,0.21,29.25
2026-08-13,13:35,7790.71,7790.99,7792.99,-0.28,-2.28,-2.01,52.68,3.559,53.52,141.33,0.195,27.53
2026-08-13,13:40,7789.75,7790.87,7792.87,-1.12,-3.12,-2.0,50.88,3.471,53.52,142.29,0.187,26.57
2026-08-13,13:45,7791.32,7790.91,7792.81,0.41,-1.49,-1.9,53.66,3.399,53.52,143.86,0.196,28.14
2026-08-13,13:50,7790.52,7790.87,7792.72,-0.35,-2.2,-1.84,52.05,3.286,53.52,144.66,0.189,27.34
2026-08-13,13:55,7790.27,7790.82,7792.62,-0.55,-2.35,-1.8,51.52,3.239,53.52,144.91,0.187,27.09
2026-08-13,14:00,7791.71,7790.9,7792.59,0.81,-0.88,-1.68,54.36,3.137,53.52,146.35,0.195,28.53
2026-08-13,14:05,7791.11,7790.92,7792.53,0.19,-1.42,-1.61,52.97,3.076,53.52,146.95,0.19,27.93
2026-08-13,14:10,7793.56,7791.17,7792.57,2.39,0.99,-1.4,57.73,3.125,53.52,149.4,0.203,30.38
2026-08-13,14:15,7791.93,7791.24,7792.54,0.69,-0.61,-1.3,53.83,3.086,53.52,151.03,0.19,28.75
2026-08-13,14:20,7789.98,7791.12,7792.44,-1.14,-2.46,-1.32,49.51,3.055,53.52,152.98,0.175,26.8
2026-08-13,14:25,7792.35,7791.24,7792.44,1.11,-0.09,-1.2,54.31,3.042,53.52,155.35,0.188,29.17
2026-08-13,14:30,7795.07,7791.61,7792.54,3.46,2.53,-0.94,59.11,3.047,53.52,158.07,0.202,31.89
2026-08-13,14:35,7796.64,7792.09,7792.7,4.55,3.94,-0.62,61.61,2.959,53.52,159.64,0.21,33.46
2026-08-13,14:40,7799.41,7792.78,7792.97,6.63,6.44,-0.18,65.61,3.013,53.52,162.41,0.223,36.23
2026-08-13,14:45,7800.79,7793.55,7793.27,7.24,7.52,0.27,67.44,2.937,53.52,163.79,0.23,37.61
2026-08-13,14:50,7801.6,7794.31,7793.6,7.29,8.0,0.71,68.49,2.921,53.52,164.6,0.233,38.42
2026-08-13,14:55,7800.43,7794.9,7793.87,5.53,6.56,1.03,65.2,2.856,53.52,165.77,0.225,37.25
2026-08-13,15:00,7801.81,7795.55,7794.18,6.26,7.63,1.38,67.2,2.804,53.52,167.15,0.231,38.63
2026-08-13,15:05,7806.02,7796.55,7794.64,9.47,11.38,1.91,72.41,3.016,53.52,171.36,0.25,42.84
2026-08-13,15:10,7801.86,7797.06,7794.93,4.8,6.93,2.13,61.94,3.156,53.52,175.52,0.22,38.68
2026-08-13,15:15,7804.01,7797.72,7795.28,6.29,8.73,2.44,64.78,3.177,53.52,177.67,0.23,40.83
2026-08-13,15:20,7805.47,7798.46,7795.68,7.01,9.79,2.78,66.6,3.079,53.52,179.13,0.236,42.29
2026-08-13,15:25,7802.57,7798.85,7795.95,3.72,6.62,2.9,59.97,3.124,53.52,182.03,0.216,39.39
2026-08-13,15:30,7802.53,7799.2,7796.21,3.33,6.32,2.99,59.88,3.122,53.52,182.07,0.216,39.35
2026-08-13,15:35,7801.66,7799.43,7796.42,2.23,5.24,3.01,57.88,3.156,53.52,182.94,0.21,38.48
2026-08-13,15:40,7799.63,7799.45,7796.55,0.18,3.08,2.9,53.4,3.145,53.52,184.97,0.197,36.45
2026-08-13,15:45,7800.13,7799.52,7796.69,0.61,3.44,2.83,54.34,3.071,53.52,185.47,0.199,36.95
2026-08-13,15:50,7798.11,7799.38,7796.75,-1.27,1.36,2.64,49.96,3.139,53.52,187.49,0.186,34.93
2026-08-13,15:55,7798.86,7799.33,7796.83,-0.47,2.03,2.5,51.52,3.282,53.52,188.24,0.19,35.68
2026-08-13,16:00,7798.99,7799.3,7796.91,-0.31,2.08,2.39,51.8,3.057,53.52,188.37,0.19,35.81
2026-08-14,09:30,7803.21,,,,,,,,6.25,0.0,,-3.39
2026-08-14,09:35,7803.05,,,,,,,,9.9,0.16,22.188,-3.55
2026-08-14,09:40,7805.7,,,,,,,,9.9,2.81,0.32,-0.9
2026-08-14,09:45,7801.42,,,,,,,,10.31,7.09,0.731,-5.18
2026-08-14,09:50,7807.26,,,,,,,,10.63,12.93,0.051,0.66
2026-08-14,09:55,7806.28,,,,,,,,10.63,13.91,0.023,-0.32
2026-08-14,10:00,7808.15,,,,,,,,10.63,15.78,0.098,1.55
2026-08-14,10:05,7807.09,,,,,,,,12.2,16.84,0.029,0.49
2026-08-14,10:10,7804.87,,,,,,,,12.2,19.06,0.091,-1.73
2026-08-14,10:15,7800.14,,,,,,,,12.2,23.79,0.272,-6.46
2026-08-14,10:20,7796.73,,,,,,,,13.95,27.2,0.363,-9.87
2026-08-14,10:25,7795.33,,,,,,,,17.6,28.6,0.394,-11.27
2026-08-14,10:30,7790.75,,,,,,,,20.23,33.18,0.478,-15.85
2026-08-14,10:35,7795.75,,,,,,,,20.23,38.18,0.284,-10.85
2026-08-14,10:40,7792.95,,,,,,37.48,5.354,20.23,40.98,0.333,-13.65
2026-08-14,10:45,7793.99,,,,,,39.14,5.245,20.23,42.02,0.3,-12.61
2026-08-14,10:50,7791.82,,,,,,36.94,5.151,20.23,44.19,0.334,-14.78
2026-08-14,10:55,7789.32,,,,,,34.52,5.057,20.69,46.69,0.37,-17.28
2026-08-14,11:00,7790.9,,,,,,37.31,4.947,21.24,48.27,0.325,-15.7
2026-08-14,11:05,7787.95,7798.63,,-10.68,,,34.37,4.903,22.32,51.22,0.364,-18.65
2026-08-14,11:10,7786.08,7797.44,,-11.36,,,32.61,4.769,23.97,53.09,0.387,-20.52
2026-08-14,11:15,7787.19,7796.46,,-9.27,,,34.74,4.615,24.27,54.2,0.358,-19.41
2026-08-14,11:20,7781.36,7795.02,,-13.66,,,29.47,4.769,28.65,60.03,0.42,-25.24
2026-08-14,11:25,7784.4,7794.01,,-9.61,,,35.01,4.749,29.93,63.07,0.352,-22.2
2026-08-14,11:30,7783.01,7792.96,,-9.95,,,33.7,4.646,29.93,64.46,0.366,-23.59
2026-08-14,11:35,7782.5,7791.97,,-9.47,,,33.22,4.605,29.93,64.97,0.371,-24.1
2026-08-14,11:40,7781.82,7791.0,,-9.18,,,32.54,4.473,30.02,65.65,0.377,-24.78
2026-08-14,11:45,7780.53,7790.0,,-9.47,,,31.24,4.491,30.02,66.94,0.389,-26.07
2026-08-14,11:50,7783.14,7789.35,,-6.21,,,36.75,4.437,30.11,69.55,0.337,-23.46
2026-08-14,11:55,7783.65,7788.81,,-5.16,,,37.8,4.372,30.11,70.06,0.328,-22.95
2026-08-14,12:00,7785.94,7788.53,,-2.59,,,42.42,4.306,30.11,72.35,0.286,-20.66
2026-08-14,12:05,7783.67,7788.07,,-4.4,,,39.3,4.277,30.11,74.62,0.307,-22.93
2026-08-14,12:10,7787.16,7787.98,,-0.82,,,45.89,4.248,30.11,78.11,0.249,-19.44
2026-08-14,12:15,7787.52,7787.94,,-0.42,,,46.53,4.095,30.11,78.47,0.243,-19.08
2026-08-14,12:20,7788.08,7787.95,,0.13,,,47.58,3.974,30.11,79.03,0.234,-18.52
2026-08-14,12:25,7788.63,7788.02,,0.61,,,48.64,3.811,30.11,79.58,0.226,-17.97
2026-08-14,12:30,7785.64,7787.79,,-2.15,,,43.48,3.833,30.11,82.57,0.254,-20.96
2026-08-14,12:35,7786.45,7787.66,,-1.21,,,45.18,3.73,30.11,83.38,0.242,-20.15
2026-08-14,12:40,7783.11,7787.23,,-4.12,,,39.86,3.71,30.11,86.72,0.271,-23.49
2026-08-14,12:45,7782.92,7786.82,,-3.9,,,39.58,3.58,30.11,86.91,0.272,-23.68
2026-08-14,12:50,7780.63,7786.23,,-5.6,,,36.22,3.55,30.25,89.2,0.291,-25.97
2026-08-14,12:55,7778.39,7785.48,,-7.09,,,33.24,3.552,31.91,91.44,0.309,-28.21
2026-08-14,13:00,7779.58,7784.92,,-5.34,,,36.24,3.421,31.91,92.63,0.292,-27.02
2026-08-14,13:05,7780.12,7784.46,,-4.34,,,37.61,3.285,31.91,93.17,0.284,-26.48
2026-08-14,13:10,7781.45,7784.18,,-2.73,,,40.97,3.223,31.91,94.5,0.266,-25.15
2026-08-14,13:20,7781.31,7783.9,,-2.59,,,40.72,3.192,31.91,94.64,0.267,-25.29
2026-08-14,13:25,7779.09,7783.45,,-4.36,,,36.9,3.287,31.98,96.86,0.284,-27.51
2026-08-14,13:30,7779.76,7783.09,,-3.33,,,38.76,3.21,31.98,97.53,0.275,-26.84
2026-08-14,13:35,7777.44,7782.56,,-5.12,,,34.91,3.229,33.7,99.85,0.292,-29.16
2026-08-14,13:40,7777.55,7782.08,7789.22,-4.53,-11.67,-7.14,35.24,3.125,33.7,99.96,0.291,-29.05
2026-08-14,13:45,7777.54,7781.65,7788.76,-4.11,-11.22,-7.11,35.22,3.002,33.7,99.97,0.291,-29.06
2026-08-14,13:50,7779.27,7781.42,7788.39,-2.15,-9.12,-6.97,40.68,3.026,33.7,101.7,0.269,-27.33
2026-08-14,13:55,7779.95,7781.28,7788.05,-1.33,-8.1,-6.77,42.73,2.984,33.7,102.38,0.26,-26.65
2026-08-14,14:00,7782.05,7781.35,7787.82,0.7,-5.77,-6.47,48.62,3.022,33.7,104.48,0.235,-24.55
2026-08-14,14:05,7782.87,7781.5,7787.63,1.37,-4.76,-6.13,50.75,2.941,33.7,105.3,0.225,-23.73
2026-08-14,14:10,7783.39,7781.68,7787.46,1.71,-4.07,-5.78,52.11,2.884,33.7,105.82,0.219,-23.21
2026-08-14,14:15,7783.54,7781.86,7787.31,1.68,-3.77,-5.45,52.51,2.798,33.7,105.97,0.218,-23.06
2026-08-14,14:20,7783.09,7781.97,7787.14,1.12,-4.05,-5.17,51.11,2.736,33.7,106.42,0.221,-23.51
2026-08-14,14:25,7780.88,7781.87,7786.89,-0.99,-6.01,-5.03,44.79,2.806,33.7,108.63,0.237,-25.72
2026-08-14,14:30,7780.35,7781.72,7786.64,-1.37,-6.29,-4.91,43.41,2.783,33.7,109.16,0.24,-26.25
2026-08-14,14:35,7781.56,7781.71,7786.44,-0.15,-4.88,-4.73,47.41,2.726,33.7,110.37,0.227,-25.04
2026-08-14,14:40,7783.62,7781.89,7786.33,1.73,-2.71,-4.44,53.44,2.731,33.7,112.43,0.204,-22.98
2026-08-14,14:45,7783.85,7782.08,7786.23,1.77,-2.38,-4.15,54.08,2.677,33.7,112.66,0.202,-22.75
2026-08-14,14:50,7785.17,7782.37,7786.19,2.8,-1.02,-3.82,57.64,2.672,33.7,113.98,0.188,-21.43
2026-08-14,14:55,7783.41,7782.47,7786.08,0.94,-2.67,-3.61,51.86,2.635,33.7,115.74,0.2,-23.19
2026-08-14,15:00,7781.42,7782.37,7785.9,-0.95,-4.48,-3.53,46.22,2.625,33.7,117.73,0.214,-25.18
2026-08-14,15:05,7783.11,7782.44,7785.79,0.67,-2.68,-3.35,51.09,2.6,33.7,119.42,0.197,-23.49
2026-08-14,15:10,7781.99,7782.4,7785.64,-0.41,-3.65,-3.24,47.99,2.509,33.7,120.54,0.204,-24.61
2026-08-14,15:15,7781.74,7782.34,7785.49,-0.6,-3.75,-3.15,47.3,2.478,33.7,120.79,0.206,-24.86
2026-08-14,15:20,7782.86,7782.39,7785.38,0.47,-2.52,-3.0,50.72,2.45,33.7,121.91,0.195,-23.74
2026-08-14,15:25,7783.33,7782.48,7785.3,0.85,-1.97,-2.83,52.12,2.441,33.7,122.38,0.19,-23.27
2026-08-14,15:30,7783.91,7782.61,7785.25,1.3,-1.34,-2.64,53.86,2.374,33.7,122.96,0.185,-22.69
2026-08-14,15:35,7783.13,7782.66,7785.17,0.47,-2.04,-2.5,51.16,2.427,33.7,123.74,0.19,-23.47
2026-08-14,15:40,7783.54,7782.75,7785.1,0.79,-1.56,-2.36,52.51,2.388,33.7,124.15,0.186,-23.06
2026-08-14,15:45,7783.87,7782.85,7785.05,1.02,-1.18,-2.2,53.62,2.418,33.7,124.48,0.183,-22.73
2026-08-14,15:50,7784.2,7782.98,7785.02,1.22,-0.82,-2.04,54.76,2.453,33.7,124.81,0.179,-22.4
2026-08-14,15:55,7786.01,7783.27,7785.06,2.74,0.95,-1.79,60.49,2.643,33.7,126.62,0.163,-20.59
2026-08-17,09:30,7775.6,,,,,,,,15.51,0.0,,-15.08
2026-08-17,09:35,7774.89,,,,,,,,16.41,0.71,22.239,-15.79
2026-08-17,09:40,7775.93,,,,,,,,16.56,1.75,8.429,-14.75
2026-08-17,09:45,7780.61,,,,,,,,18.09,6.43,1.566,-10.07
2026-08-17,09:50,7779.49,,,,,,,,18.09,7.55,1.482,-11.19
2026-08-17,09:55,7774.05,,,,,,,,18.09,12.99,1.28,-16.63
2026-08-17,10:00,7775.31,,,,,,,,19.35,14.25,1.079,-15.37
2026-08-17,10:05,7775.6,,,,,,,,19.35,14.54,1.037,-15.08
2026-08-17,10:10,7777.86,,,,,,,,19.35,16.8,0.763,-12.82
2026-08-17,10:15,7774.54,,,,,,,,19.35,20.12,0.802,-16.14
2026-08-17,10:20,7773.12,,,,,,,,19.54,21.54,0.815,-17.56
2026-08-17,10:25,7774.48,,,,,,,,19.67,22.9,0.707,-16.2
2026-08-17,10:30,7776.36,,,,,,,,19.67,24.78,0.578,-14.32
2026-08-17,10:35,7771.33,,,,,,,,20.46,29.81,0.649,-19.35
2026-08-17,10:40,7771.94,,,,,,43.98,4.694,20.46,30.42,0.616,-18.74
2026-08-17,10:45,7773.41,,,,,,46.76,4.52,20.46,31.89,0.542,-17.27
2026-08-17,10:50,7770.19,,,,,,41.87,4.54,20.63,35.11,0.584,-20.49
2026-08-17,10:55,7773.8,,,,,,48.38,4.505,20.93,38.72,0.436,-16.88
2026-08-17,11:00,7775.69,,,,,,51.45,4.439,20.93,40.61,0.369,-14.99
2026-08-17,11:05,7774.16,7774.92,,-0.76,,,48.91,4.348,20.93,42.14,0.392,-16.52
2026-08-17,11:10,7774.17,7774.85,,-0.68,,,48.93,4.222,20.93,42.15,0.392,-16.51
2026-08-17,11:15,7777.93,7775.14,,2.79,,,55.22,4.216,20.93,45.91,0.278,-12.75
2026-08-17,11:20,7777.71,7775.39,,2.32,,,54.79,4.064,20.93,46.13,0.281,-12.97
2026-08-17,11:25,7777.92,7775.63,,2.29,,,55.15,3.944,20.93,46.34,0.275,-12.76
2026-08-17,11:30,7773.14,7775.39,,-2.25,,,46.25,4.055,20.93,51.12,0.343,-17.54
2026-08-17,11:35,7770.37,7774.91,,-4.54,,,42.02,4.042,20.93,53.89,0.377,-20.31
2026-08-17,11:40,7771.69,7774.6,,-2.91,,,44.62,4.009,22.45,55.21,0.344,-18.99
2026-08-17,11:45,7772.02,7774.36,,-2.34,,,45.28,3.859,22.45,55.54,0.336,-18.66
2026-08-17,11:50,7774.18,7774.34,,-0.16,,,49.52,3.849,22.45,57.7,0.286,-16.5
2026-08-17,11:55,7774.23,7774.33,,-0.1,,,49.62,3.696,22.45,57.75,0.285,-16.45
2026-08-17,12:00,7773.09,7774.21,,-1.12,,,47.38,3.6,22.45,58.89,0.299,-17.59
2026-08-17,12:05,7772.2,7774.02,,-1.82,,,45.64,3.505,22.45,59.78,0.309,-18.48
2026-08-17,12:10,7774.14,7774.03,,0.11,,,49.95,3.474,22.45,61.72,0.268,-16.54
2026-08-17,12:15,7775.93,7774.21,,1.72,,,53.6,3.389,22.45,63.51,0.232,-14.75
2026-08-17,12:20,7774.21,7774.21,,-0.0,,,49.84,3.313,22.45,65.23,0.252,-16.47
2026-08-17,12:25,7773.56,7774.15,,-0.59,,,48.45,3.247,22.45,65.88,0.26,-17.12
2026-08-17,12:30,7771.32,7773.88,,-2.56,,,43.92,3.24,22.45,68.12,0.284,-19.36
2026-08-17,12:35,7773.17,7773.81,,-0.64,,,48.23,3.141,22.45,69.97,0.25,-17.51
2026-08-17,12:40,7770.01,7773.45,,-3.44,,,42.26,3.15,22.45,73.13,0.283,-20.67
2026-08-17,12:45,7770.99,7773.22,,-2.23,,,44.55,3.068,22.45,74.11,0.266,-19.69
2026-08-17,12:50,7769.1,7772.82,,-3.72,,,41.16,3.087,23.03,76.0,0.284,-21.58
2026-08-17,12:55,7767.77,7772.34,,-4.57,,,38.92,3.058,23.68,77.33,0.296,-22.91
2026-08-17,13:00,7767.12,7771.85,,-4.73,,,37.83,2.959,24.24,77.98,0.302,-23.56
2026-08-17,13:05,7766.39,7771.33,,-4.94,,,36.59,2.869,25.17,78.71,0.309,-24.29
2026-08-17,13:10,7763.91,7770.62,,-6.71,,,32.69,2.863,26.77,81.19,0.33,-26.77
2026-08-17,13:15,7762.69,7769.86,,-7.17,,,30.94,2.884,29.11,82.41,0.34,-27.99
2026-08-17,13:20,7758.38,7768.77,,-10.39,,,25.71,3.103,32.9,86.72,0.372,-32.3
2026-08-17,13:25,7756.4,7767.59,,-11.19,,,23.72,3.11,35.17,88.7,0.386,-34.28
2026-08-17,13:30,7755.56,7766.45,,-10.89,,,22.91,3.141,35.23,89.54,0.392,-35.12
2026-08-17,13:35,7752.51,7765.12,7771.8,-12.61,-19.29,-6.68,20.22,3.15,38.17,92.59,0.412,-38.17
2026-08-17,13:40,7758.2,7764.46,7771.27,-6.26,-13.07,-6.81,35.46,3.399,38.85,98.28,0.33,-32.48
2026-08-17,13:45,7755.49,7763.61,7770.65,-8.12,-15.16,-7.04,32.3,3.385,38.85,100.99,0.348,-35.19
2026-08-17,13:50,7755.95,7762.88,7770.07,-6.93,-14.12,-7.2,33.39,3.304,38.85,101.45,0.342,-34.73
2026-08-17,13:55,7754.71,7762.1,7769.47,-7.39,-14.76,-7.37,31.9,3.235,38.85,102.69,0.35,-35.97
2026-08-17,14:00,7754.73,7761.4,7768.89,-6.67,-14.16,-7.5,31.95,3.179,38.85,102.71,0.35,-35.95
2026-08-17,14:05,7753.99,7760.69,7768.31,-6.7,-14.32,-7.62,31.0,3.146,38.85,103.45,0.355,-36.69
2026-08-17,14:10,7757.16,7760.36,7767.87,-3.2,-10.71,-7.52,39.36,3.197,38.85,106.62,0.314,-33.52
2026-08-17,14:15,7756.44,7759.98,7767.42,-3.54,-10.98,-7.44,38.22,3.143,38.85,107.34,0.319,-34.24
2026-08-17,14:20,7757.41,7759.74,7767.03,-2.33,-9.62,-7.29,40.7,3.143,38.85,108.31,0.307,-33.27
2026-08-17,14:25,7756.48,7759.43,7766.62,-2.95,-10.14,-7.19,39.08,3.192,38.85,109.24,0.313,-34.2
2026-08-17,14:30,7753.31,7758.84,7766.1,-5.53,-12.79,-7.25,34.11,3.235,38.85,112.41,0.332,-37.37
2026-08-17,14:35,7755.76,7758.55,7765.69,-2.79,-9.93,-7.14,40.42,3.182,38.85,114.86,0.304,-34.92
2026-08-17,14:40,7757.16,7758.42,7765.36,-1.26,-8.2,-6.94,43.74,3.122,38.85,116.26,0.288,-33.52
2026-08-17,14:45,7757.86,7758.37,7765.06,-0.51,-7.2,-6.7,45.37,3.047,38.85,116.96,0.281,-32.82
2026-08-17,14:50,7756.81,7758.22,7764.74,-1.41,-7.93,-6.52,43.34,2.998,38.85,118.01,0.287,-33.87
2026-08-17,14:55,7755.83,7757.99,7764.39,-2.16,-8.56,-6.4,41.47,2.884,38.85,118.99,0.293,-34.85
2026-08-17,15:00,7753.83,7757.59,7763.97,-3.76,-10.14,-6.38,37.87,2.861,38.85,120.99,0.305,-36.85
2026-08-17,15:05,7753.39,7757.19,7763.56,-3.8,-10.17,-6.37,37.11,2.791,38.85,121.43,0.307,-37.29
2026-08-17,15:10,7752.6,7756.76,7763.13,-4.16,-10.53,-6.37,35.72,2.744,38.85,122.22,0.312,-38.08
2026-08-17,15:15,7754.22,7756.51,7762.78,-2.29,-8.56,-6.27,40.63,2.786,38.85,123.84,0.294,-36.46
2026-08-17,15:20,7753.41,7756.22,7762.41,-2.81,-9.0,-6.19,39.02,2.704,38.85,124.65,0.299,-37.27
2026-08-17,15:25,7751.73,7755.79,7761.99,-4.06,-10.26,-6.2,35.86,2.741,39.07,126.33,0.308,-38.95
2026-08-17,15:30,7749.86,7755.23,7761.52,-5.37,-11.66,-6.29,32.68,2.828,42.67,128.2,0.318,-40.82
2026-08-17,15:35,7750.34,7754.76,7761.08,-4.42,-10.74,-6.32,34.29,2.766,42.67,128.68,0.313,-40.34
2026-08-17,15:40,7750.04,7754.31,7760.65,-4.27,-10.61,-6.34,33.75,2.758,42.67,128.98,0.315,-40.64
2026-08-17,15:45,7753.1,7754.2,7760.35,-1.1,-7.25,-6.16,43.57,2.793,42.67,132.04,0.285,-37.58
2026-08-17,15:50,7747.46,7753.55,7759.85,-6.09,-12.39,-6.29,33.66,3.08,44.35,137.68,0.314,-43.22
2026-08-17,15:55,7746.14,7752.85,7759.31,-6.71,-13.17,-6.46,31.84,3.179,45.8,139.0,0.32,-44.54
2026-08-18,09:30,7704.53,,,,,,,,14.1,0.0,,4.49
2026-08-18,09:35,7710.22,,,,,,,,14.1,5.69,1.789,10.18
2026-08-18,09:40,7707.04,,,,,,,,15.19,8.87,0.789,7.0
2026-08-18,09:45,7704.54,,,,,,,,15.19,11.37,0.396,4.5
2026-08-18,09:50,7705.21,,,,,,,,15.19,12.04,0.429,5.17
2026-08-18,09:55,7704.8,,,,,,,,15.19,12.45,0.382,4.76
2026-08-18,10:00,7708.97,,,,,,,,15.19,16.62,0.537,8.93
2026-08-18,10:05,7705.79,,,,,,,,15.19,19.8,0.29,5.75
2026-08-18,10:10,7700.59,,,,,,,,17.79,25.0,0.022,0.55
2026-08-18,10:15,7705.78,,,,,,,,17.79,30.19,0.19,5.74
2026-08-18,10:20,7707.9,,,,,,,,17.79,32.31,0.243,7.86
2026-08-18,10:25,7706.97,,,,,,,,17.79,33.24,0.208,6.93
2026-08-18,10:30,7708.19,,,,,,,,17.79,34.46,0.237,8.15
2026-08-18,10:35,7710.43,,,,,,,,17.79,36.7,0.283,10.39
2026-08-18,10:40,7703.8,,,,,,49.16,7.233,17.79,43.33,0.087,3.76
2026-08-18,10:45,7704.26,,,,,,49.73,6.968,17.79,43.79,0.096,4.22
2026-08-18,10:50,7699.42,,,,,,44.09,7.072,17.79,48.63,0.013,-0.62
2026-08-18,10:55,7698.95,,,,,,43.57,6.848,17.79,49.1,0.022,-1.09
2026-08-18,11:00,7702.0,,,,,,47.85,6.953,19.77,52.15,0.038,1.96
2026-08-18,11:05,7697.47,7704.84,,-7.37,,,42.67,6.903,19.77,56.68,0.045,-2.57
2026-08-18,11:10,7696.78,7704.08,,-7.3,,,41.93,6.627,19.77,57.37,0.057,-3.26
2026-08-18,11:15,7694.99,7703.21,,-8.22,,,39.98,6.431,19.77,59.16,0.085,-5.05
2026-08-18,11:20,7696.26,7702.55,,-6.29,,,42.04,6.224,20.06,60.43,0.063,-3.78
2026-08-18,11:25,7698.93,7702.2,,-3.27,,,46.21,6.18,20.06,63.1,0.018,-1.11
2026-08-18,11:30,7698.8,7701.88,,-3.08,,,46.04,6.031,20.06,63.23,0.02,-1.24
2026-08-18,11:35,7698.14,7701.52,,-3.38,,,45.11,5.816,20.06,63.89,0.03,-1.9
2026-08-18,11:40,7700.71,7701.45,,-0.74,,,49.38,5.783,20.06,66.46,0.01,0.67
2026-08-18,11:45,7703.97,7701.69,,2.28,,,54.25,5.71,20.06,69.72,0.056,3.93
2026-08-18,11:50,7705.37,7702.04,,3.33,,,56.2,5.682,20.06,71.12,0.075,5.33
2026-08-18,11:55,7703.66,7702.19,,1.47,,,53.22,5.594,20.06,72.83,0.05,3.62
2026-08-18,12:00,7705.72,7702.53,,3.19,,,56.23,5.428,20.06,74.89,0.076,5.68
2026-08-18,12:05,7703.93,7702.66,,1.27,,,53.04,5.346,20.06,76.68,0.051,3.89
2026-08-18,12:10,7705.45,7702.93,,2.52,,,55.36,5.217,20.06,78.2,0.069,5.41
2026-08-18,12:15,7703.3,7702.96,,0.34,,,51.48,5.13,20.06,80.35,0.041,3.26
2026-08-18,12:20,7706.75,7703.32,,3.43,,,56.72,5.138,20.06,83.8,0.08,6.71
2026-08-18,12:25,7702.23,7703.22,,-0.99,,,49.22,5.152,20.06,88.32,0.025,2.19
2026-08-18,12:30,7703.36,7703.23,,0.13,,,50.97,5.001,20.06,89.45,0.037,3.32
2026-08-18,12:35,7705.16,7703.42,,1.74,,,53.7,4.92,20.06,91.25,0.056,5.12
2026-08-18,12:40,7703.89,7703.46,,0.43,,,51.52,4.85,20.06,92.52,0.042,3.85
2026-08-18,12:45,7708.38,7703.93,,4.45,,,58.0,4.955,20.06,97.01,0.086,8.34
2026-08-18,12:50,7708.49,7704.36,,4.13,,,58.15,4.748,20.06,97.12,0.087,8.45
2026-08-18,12:55,7706.72,7704.59,,2.13,,,54.81,4.562,20.06,98.89,0.068,6.68
2026-08-18,13:00,7706.24,7704.75,,1.49,,,53.91,4.458,20.06,99.37,0.062,6.2
2026-08-18,13:05,7706.99,7704.96,,2.03,,,55.15,4.328,20.06,100.12,0.069,6.95
2026-08-18,13:10,7706.07,7705.07,,1.0,,,53.25,4.225,20.06,101.04,0.06,6.03
2026-08-18,13:15,7703.2,7704.89,,-1.69,,,47.73,4.164,20.06,103.91,0.03,3.16
2026-08-18,13:20,7702.59,7704.67,,-2.08,,,46.62,4.07,20.06,104.52,0.024,2.55
2026-08-18,13:25,7702.99,7704.51,,-1.52,,,47.48,3.956,20.06,104.92,0.028,2.95
2026-08-18,13:30,7701.98,7704.27,,-2.29,,,45.49,3.854,20.06,105.93,0.018,1.94
2026-08-18,13:35,7702.49,7704.1,7703.81,-1.61,-1.32,0.29,46.7,3.836,20.06,106.44,0.023,2.45
2026-08-18,13:40,7701.01,7703.8,7703.7,-2.79,-2.69,0.11,43.66,3.746,20.06,107.92,0.009,0.97
2026-08-18,13:45,7700.09,7703.45,7703.56,-3.36,-3.47,-0.11,41.83,3.643,20.06,108.84,0.0,0.05
2026-08-18,13:50,7700.64,7703.18,7703.44,-2.54,-2.8,-0.26,43.36,3.535,20.06,109.39,0.005,0.6
2026-08-18,13:55,7695.99,7702.5,7703.15,-6.51,-7.16,-0.65,35.0,3.615,20.06,114.04,0.036,-4.05
2026-08-18,14:00,7696.1,7701.89,7702.87,-5.79,-6.77,-0.99,35.32,3.479,20.06,114.15,0.035,-3.94
2026-08-18,14:05,7694.59,7701.19,7702.55,-6.6,-7.96,-1.36,32.94,3.439,20.06,115.66,0.047,-5.45
2026-08-18,14:10,7700.38,7701.12,7702.46,-0.74,-2.08,-1.35,47.53,3.629,20.06,121.45,0.003,0.34
2026-08-18,14:15,7704.11,7701.4,7702.53,2.71,1.58,-1.13,54.42,3.651,20.06,125.18,0.033,4.07
2026-08-18,14:20,7702.52,7701.51,7702.53,1.01,-0.01,-1.02,51.33,3.632,20.06,126.77,0.02,2.48
2026-08-18,14:25,7703.73,7701.72,7702.58,2.01,1.15,-0.86,53.49,3.597,20.06,127.98,0.029,3.69
2026-08-18,14:30,7702.79,7701.82,7702.58,0.97,0.21,-0.76,51.57,3.526,20.06,128.92,0.021,2.75
2026-08-18,14:35,7703.18,7701.95,7702.61,1.23,0.57,-0.66,52.34,3.365,20.06,129.31,0.024,3.14
2026-08-18,14:40,7701.1,7701.87,7702.55,-0.77,-1.45,-0.68,47.99,3.313,20.06,131.39,0.008,1.06
2026-08-18,14:45,7700.21,7701.71,7702.46,-1.5,-2.25,-0.74,46.22,3.186,20.06,132.28,0.001,0.17
2026-08-18,14:50,7697.95,7701.35,7702.28,-3.4,-4.33,-0.93,41.98,3.157,20.06,134.54,0.016,-2.09
2026-08-18,14:55,7697.0,7700.94,7702.07,-3.94,-5.07,-1.13,40.31,3.062,20.06,135.49,0.022,-3.04
2026-08-18,15:00,7697.16,7700.58,7701.88,-3.42,-4.72,-1.3,40.74,3.011,20.06,135.65,0.021,-2.88
2026-08-18,15:05,7697.78,7700.31,7701.72,-2.53,-3.94,-1.41,42.46,2.99,20.06,136.27,0.017,-2.26
2026-08-18,15:10,7696.13,7699.91,7701.5,-3.78,-5.37,-1.59,39.2,3.002,20.06,137.92,0.028,-3.91
2026-08-18,15:15,7698.28,7699.76,7701.37,-1.48,-3.09,-1.62,45.12,2.961,20.06,140.07,0.013,-1.76
2026-08-18,15:20,7701.38,7699.91,7701.37,1.47,0.01,-1.46,52.33,3.037,20.06,143.17,0.009,1.34
2026-08-18,15:25,7699.92,7699.91,7701.32,0.01,-1.4,-1.4,49.06,2.936,20.06,144.63,0.001,-0.12
2026-08-18,15:30,7698.72,7699.8,7701.21,-1.08,-2.49,-1.42,46.49,2.98,20.06,145.83,0.009,-1.32
2026-08-18,15:35,7699.3,7699.75,7701.14,-0.45,-1.84,-1.39,47.91,2.93,20.06,146.41,0.005,-0.74
2026-08-18,15:40,7698.74,7699.66,7701.05,-0.92,-2.31,-1.39,46.62,2.891,20.06,146.97,0.009,-1.3
2026-08-18,15:45,7698.92,7699.59,7700.96,-0.67,-2.04,-1.38,47.11,2.903,20.06,147.15,0.008,-1.12
2026-08-18,15:50,7693.75,7699.03,7700.68,-5.28,-6.93,-1.65,36.67,3.138,21.22,152.32,0.041,-6.29
2026-08-18,15:55,7693.26,7698.48,7700.39,-5.22,-7.13,-1.91,35.86,3.46,25.32,152.81,0.044,-6.78
2026-08-18,16:00,7691.76,7697.84,7700.05,-6.08,-8.29,-2.21,33.42,3.32,25.32,154.31,0.054,-8.28
2026-08-19,09:30,7720.11,,,,,,,,9.55,0.0,,3.37
2026-08-19,09:35,7715.15,,,,,,,,11.84,4.96,0.321,-1.59
2026-08-19,09:40,7720.47,,,,,,,,14.67,10.28,0.363,3.73
2026-08-19,09:45,7704.08,,,,,,,,23.23,26.67,0.475,-12.66
2026-08-19,09:50,7715.85,,,,,,,,26.22,38.44,0.023,-0.89
2026-08-19,09:55,7719.78,,,,,,,,26.22,42.37,0.072,3.04
2026-08-19,10:00,7716.05,,,,,,,,26.22,46.1,0.015,-0.69
2026-08-19,10:05,7717.13,,,,,,,,26.22,47.18,0.008,0.39
2026-08-19,10:10,7707.91,,,,,,,,26.22,56.4,0.157,-8.83
2026-08-19,10:15,7716.81,,,,,,,,26.22,65.3,0.001,0.07
2026-08-19,10:20,7715.61,,,,,,,,26.22,66.5,0.017,-1.13
2026-08-19,10:25,7719.91,,,,,,,,26.22,70.8,0.045,3.17
2026-08-19,10:30,7720.85,,,,,,,,26.22,71.74,0.057,4.11
2026-08-19,10:35,7730.33,,,,,,,,32.19,81.22,0.167,13.59
2026-08-19,10:40,7729.95,,,,,,56.03,9.996,32.27,81.6,0.162,13.21
2026-08-19,10:45,7726.72,,,,,,53.74,9.679,32.27,84.83,0.118,9.98
2026-08-19,10:50,7733.79,,,,,,57.81,9.518,34.08,91.9,0.186,17.05
2026-08-19,10:55,7741.5,,,,,,61.75,9.461,41.76,99.61,0.249,24.76
2026-08-19,11:00,7741.28,,,,,,61.58,9.073,43.86,99.83,0.246,24.54
2026-08-19,11:05,7735.2,7722.42,,12.78,,,56.73,8.93,43.86,105.91,0.174,18.46
2026-08-19,11:10,7738.02,7723.91,,14.11,,,58.37,8.627,43.86,108.73,0.196,21.28
2026-08-19,11:15,7734.91,7724.96,,9.95,,,55.86,8.303,43.86,111.84,0.162,18.17
2026-08-19,11:20,7731.9,7725.62,,6.28,,,53.47,7.97,43.86,114.85,0.132,15.16
2026-08-19,11:25,7730.32,7726.07,,4.25,,,52.2,7.61,43.86,116.43,0.117,13.58
2026-08-19,11:30,7727.55,7726.21,,1.34,,,49.97,7.374,43.86,119.2,0.091,10.81
2026-08-19,11:35,7725.36,7726.13,,-0.77,,,48.22,7.155,43.86,121.39,0.071,8.62
2026-08-19,11:40,7724.98,7726.02,,-1.04,,,47.9,6.962,43.86,121.77,0.068,8.24
2026-08-19,11:45,7724.82,7725.9,,-1.08,,,47.76,6.783,43.86,121.93,0.066,8.08
2026-08-19,11:50,7721.48,7725.48,,-4.0,,,44.79,6.594,43.86,125.27,0.038,4.74
2026-08-19,11:55,7726.13,7725.54,,0.59,,,49.5,6.503,43.86,129.92,0.072,9.39
2026-08-19,12:00,7732.74,7726.23,,6.51,,,55.33,6.634,43.86,136.53,0.117,16.0
2026-08-19,12:05,7735.47,7727.11,,8.36,,,57.51,6.401,43.86,139.26,0.134,18.73
2026-08-19,12:10,7735.63,7727.92,,7.71,,,57.64,6.056,43.86,139.42,0.135,18.89
2026-08-19,12:15,7738.16,7728.9,,9.26,,,59.75,5.967,43.86,141.95,0.151,21.42
2026-08-19,12:20,7733.5,7729.33,,4.17,,,54.38,5.913,43.86,146.61,0.114,16.76
2026-08-19,12:25,7727.69,7729.18,,-1.49,,,48.53,5.949,43.86,152.42,0.072,10.95
2026-08-19,12:30,7726.92,7728.96,,-2.04,,,47.8,5.752,43.86,153.19,0.066,10.18
2026-08-19,12:35,7724.68,7728.55,,-3.87,,,45.64,5.622,43.86,155.43,0.051,7.94
2026-08-19,12:40,7723.94,7728.12,,-4.18,,,44.91,5.414,43.86,156.17,0.046,7.2
2026-08-19,12:45,7721.65,7727.5,,-5.85,,,42.66,5.221,43.86,158.46,0.031,4.91
2026-08-19,12:50,7718.52,7726.64,,-8.12,,,39.73,5.145,43.86,161.59,0.011,1.78
2026-08-19,12:55,7717.05,7725.73,,-8.68,,,38.4,5.015,43.86,163.06,0.002,0.31
2026-08-19,13:00,7718.42,7725.03,,-6.61,,,40.41,4.985,43.86,164.43,0.01,1.68
2026-08-19,13:05,7714.66,7724.05,,-9.39,,,36.85,5.126,43.86,168.19,0.012,-2.08
2026-08-19,13:10,7717.72,7723.44,,-5.72,,,41.37,5.139,43.86,171.25,0.006,0.98
2026-08-19,13:15,7714.44,7722.59,,-8.15,,,38.22,5.105,43.86,174.53,0.013,-2.3
2026-08-19,13:20,7712.78,7721.65,,-8.87,,,36.69,5.062,43.86,176.19,0.022,-3.96
2026-08-19,13:25,7715.32,7721.05,,-5.73,,,40.6,4.983,43.86,178.73,0.008,-1.42
2026-08-19,13:30,7712.42,7720.23,,-7.81,,,37.73,4.92,43.86,181.63,0.024,-4.32
2026-08-19,13:35,7712.23,7719.47,7723.76,-7.24,-11.53,-4.29,37.55,4.764,43.86,181.82,0.025,-4.51
2026-08-19,13:40,7715.39,7719.08,7723.43,-3.69,-8.04,-4.35,42.63,4.781,43.86,184.98,0.007,-1.35
2026-08-19,13:45,7715.64,7718.75,7723.12,-3.11,-7.48,-4.37,43.03,4.635,43.86,185.23,0.006,-1.1
2026-08-19,13:50,7716.21,7718.51,7722.85,-2.3,-6.64,-4.34,43.98,4.536,43.86,185.8,0.003,-0.53
2026-08-19,13:55,7715.22,7718.2,7722.55,-2.98,-7.33,-4.36,42.65,4.37,43.86,186.79,0.008,-1.52
2026-08-19,14:00,7720.61,7718.43,7722.48,2.18,-1.87,-4.05,51.28,4.787,43.86,192.18,0.02,3.87
2026-08-19,14:05,7709.87,7717.61,7721.98,-7.74,-12.11,-4.37,38.77,5.317,43.86,202.92,0.034,-6.87
2026-08-19,14:10,7713.83,7717.25,7721.66,-3.42,-7.83,-4.41,44.17,5.429,43.86,206.88,0.014,-2.91
2026-08-19,14:15,7712.93,7716.84,7721.32,-3.91,-8.39,-4.48,43.24,5.324,43.86,207.78,0.018,-3.81
2026-08-19,14:20,7712.47,7716.42,7720.97,-3.95,-8.5,-4.55,42.74,5.131,43.86,208.24,0.021,-4.27
2026-08-19,14:25,7715.4,7716.33,7720.76,-0.93,-5.36,-4.43,46.93,5.019,43.86,211.17,0.006,-1.34
2026-08-19,14:30,7719.03,7716.58,7720.69,2.45,-1.66,-4.1,51.65,4.987,43.86,214.8,0.011,2.29
2026-08-19,14:35,7717.57,7716.68,7720.57,0.89,-3.0,-3.89,49.74,4.825,43.86,216.26,0.004,0.83
2026-08-19,14:40,7717.52,7716.76,7720.45,0.76,-2.93,-3.69,49.67,4.714,43.86,216.31,0.004,0.78
2026-08-19,14:45,7717.65,7716.84,7720.34,0.81,-2.69,-3.49,49.86,4.557,43.86,216.44,0.004,0.91
2026-08-19,14:50,7716.45,7716.8,7720.18,-0.35,-3.73,-3.38,48.04,4.479,43.86,217.64,0.001,-0.29
2026-08-19,14:55,7714.57,7716.59,7719.96,-2.02,-5.39,-3.37,45.25,4.334,43.86,219.52,0.01,-2.17
2026-08-19,15:00,7715.49,7716.49,7719.79,-1.0,-4.3,-3.3,46.88,4.292,43.86,220.44,0.006,-1.25
2026-08-19,15:05,7718.67,7716.7,7719.74,1.97,-1.07,-3.05,52.16,4.29,43.86,223.62,0.009,1.93
2026-08-19,15:10,7716.52,7716.68,7719.62,-0.16,-3.1,-2.94,48.64,4.157,43.86,225.77,0.001,-0.22
2026-08-19,15:15,7719.59,7716.96,7719.62,2.63,-0.03,-2.66,53.47,4.106,43.86,228.84,0.012,2.85
2026-08-19,15:20,7718.99,7717.15,7719.59,1.84,-0.6,-2.44,52.43,4.034,43.86,229.44,0.01,2.25
2026-08-19,15:25,7716.14,7717.05,7719.46,-0.91,-3.32,-2.4,47.7,4.038,43.86,232.29,0.003,-0.6
2026-08-19,15:30,7721.28,7717.46,7719.53,3.82,1.75,-2.07,55.5,4.254,43.86,237.43,0.019,4.54
2026-08-19,15:35,7711.21,7716.86,7719.2,-5.65,-7.99,-2.34,42.21,4.672,43.86,247.5,0.022,-5.53
2026-08-19,15:40,7709.65,7716.17,7718.83,-6.52,-9.18,-2.65,40.59,4.597,43.86,249.06,0.028,-7.09
2026-08-19,15:45,7706.54,7715.26,7718.35,-8.72,-11.81,-3.09,37.49,4.653,43.86,252.17,0.04,-10.2
2026-08-19,15:50,7706.63,7714.44,7717.89,-7.81,-11.26,-3.45,37.64,4.691,43.86,252.26,0.04,-10.11
2026-08-19,15:55,7708.03,7713.83,7717.5,-5.8,-9.47,-3.67,40.02,4.927,43.86,253.66,0.034,-8.71
2026-08-19,16:00,7707.98,7713.27,7717.13,-5.29,-9.15,-3.86,39.96,4.579,43.86,253.71,0.035,-8.76
2026-08-20,09:30,7690.07,,,,,,,,11.79,0.0,,-0.42
2026-08-20,09:35,7692.42,,,,,,,,18.09,2.35,0.821,1.93
2026-08-20,09:40,7694.31,,,,,,,,18.09,4.24,0.901,3.82
2026-08-20,09:45,7690.05,,,,,,,,18.09,8.5,0.052,-0.44
2026-08-20,09:50,7688.25,,,,,,,,18.09,10.3,0.217,-2.24
2026-08-20,09:55,7685.44,,,,,,,,18.09,13.11,0.385,-5.05
2026-08-20,10:00,7680.01,,,,,,,,18.09,18.54,0.565,-10.48
2026-08-20,10:05,7685.32,,,,,,,,19.34,23.85,0.217,-5.17
2026-08-20,10:10,7679.06,,,,,,,,19.34,30.11,0.38,-11.43
2026-08-20,10:15,7673.3,,,,,,,,23.9,35.87,0.479,-17.19
2026-08-20,10:20,7686.27,,,,,,,,24.73,48.84,0.086,-4.22
2026-08-20,10:25,7681.13,,,,,,,,24.73,53.98,0.173,-9.36
2026-08-20,10:30,7680.57,,,,,,,,24.73,54.54,0.182,-9.92
2026-08-20,10:35,7688.62,,,,,,,,24.73,62.59,0.03,-1.87
2026-08-20,10:40,7690.8,,,,,,50.56,9.231,24.73,64.77,0.005,0.31
2026-08-20,10:45,7686.37,,,,,,47.09,9.152,24.73,69.2,0.06,-4.12
2026-08-20,10:50,7686.5,,,,,,47.21,8.924,24.73,69.33,0.058,-3.99
2026-08-20,10:55,7691.04,,,,,,51.18,8.76,24.73,73.87,0.007,0.55
2026-08-20,11:00,7697.86,,,,,,56.48,8.797,27.49,80.69,0.091,7.37
2026-08-20,11:05,7684.87,7686.61,,-1.74,,,46.2,9.238,27.49,93.68,0.06,-5.62
2026-08-20,11:10,7686.07,7686.56,,-0.49,,,47.15,9.199,27.49,94.88,0.047,-4.42
2026-08-20,11:15,7687.37,7686.64,,0.73,,,48.23,9.01,27.49,96.18,0.032,-3.12
2026-08-20,11:20,7681.85,7686.18,,-4.33,,,44.13,8.955,27.49,101.7,0.085,-8.64
2026-08-20,11:25,7685.73,7686.14,,-0.41,,,47.51,8.805,27.49,105.58,0.045,-4.76
2026-08-20,11:30,7678.97,7685.46,,-6.49,,,42.66,8.849,27.49,112.34,0.103,-11.52
2026-08-20,11:35,7674.5,7684.41,,-9.91,,,39.78,8.578,27.49,116.81,0.137,-15.99
2026-08-20,11:40,7672.18,7683.25,,-11.07,,,38.33,8.307,27.78,119.13,0.154,-18.31
2026-08-20,11:45,7674.93,7682.46,,-7.53,,,41.07,8.037,28.82,121.88,0.128,-15.56
2026-08-20,11:50,7677.54,7681.99,,-4.45,,,43.63,7.861,28.82,124.49,0.104,-12.95
2026-08-20,11:55,7677.42,7681.55,,-4.13,,,43.54,7.511,28.82,124.61,0.105,-13.07
2026-08-20,12:00,7674.98,7680.93,,-5.95,,,41.58,7.338,28.82,127.05,0.122,-15.51
2026-08-20,12:05,7678.83,7680.73,,-1.9,,,45.72,7.138,28.82,130.9,0.089,-11.66
2026-08-20,12:10,7673.75,7680.06,,-6.31,,,41.54,7.061,28.82,135.98,0.123,-16.74
2026-08-20,12:15,7674.72,7679.55,,-4.83,,,42.62,6.681,28.82,136.95,0.115,-15.77
2026-08-20,12:20,7678.34,7679.44,,-1.1,,,46.58,6.588,28.82,140.57,0.086,-12.15
2026-08-20,12:25,7676.4,7679.15,,-2.75,,,44.8,6.326,28.82,142.51,0.099,-14.09
2026-08-20,12:30,7680.08,7679.24,,0.84,,,48.81,6.424,28.82,146.19,0.071,-10.41
2026-08-20,12:35,7681.93,7679.49,,2.44,,,50.75,6.209,28.82,148.04,0.058,-8.56
2026-08-20,12:40,7684.83,7680.0,,4.83,,,53.7,5.972,28.82,150.94,0.037,-5.66
2026-08-20,12:45,7682.82,7680.27,,2.55,,,51.4,5.726,28.82,152.95,0.05,-7.67
2026-08-20,12:50,7680.53,7680.3,,0.23,,,48.83,5.617,28.82,155.24,0.064,-9.96
2026-08-20,12:55,7683.03,7680.56,,2.47,,,51.67,5.533,28.82,157.74,0.047,-7.46
2026-08-20,13:00,7678.96,7680.4,,-1.44,,,47.09,5.476,28.82,161.81,0.071,-11.53
2026-08-20,13:05,7675.97,7679.98,,-4.01,,,44.0,5.358,28.82,164.8,0.088,-14.52
2026-08-20,13:10,7673.91,7679.4,,-5.49,,,41.96,5.191,28.82,166.86,0.099,-16.58
2026-08-20,13:15,7667.25,7678.25,,-11.0,,,36.12,5.321,32.71,173.52,0.134,-23.24
2026-08-20,13:20,7669.42,7677.41,,-7.99,,,39.09,5.244,33.43,175.69,0.12,-21.07
2026-08-20,13:25,7666.07,7676.33,,-10.26,,,36.29,5.122,34.08,179.04,0.136,-24.42
2026-08-20,13:30,7664.69,7675.22,,-10.53,,,35.16,4.974,35.52,180.42,0.143,-25.8
2026-08-20,13:35,7663.65,7674.12,7680.78,-10.47,-17.13,-6.66,34.31,4.876,37.5,181.46,0.148,-26.84
2026-08-20,13:40,7663.2,7673.08,7680.09,-9.88,-16.89,-7.01,33.92,4.701,38.42,181.91,0.15,-27.29
2026-08-20,13:45,7665.5,7672.35,7679.52,-6.85,-14.02,-7.16,37.78,4.623,38.42,184.21,0.136,-24.99
2026-08-20,13:50,7666.0,7671.75,7678.99,-5.75,-12.99,-7.24,38.62,4.515,38.42,184.71,0.133,-24.49
2026-08-20,13:55,7664.0,7671.01,7678.4,-7.01,-14.4,-7.39,36.5,4.409,38.42,186.71,0.142,-26.49
2026-08-20,14:00,7659.41,7669.91,7677.66,-10.5,-18.25,-7.75,32.14,4.477,41.25,191.3,0.162,-31.08
2026-08-20,14:05,7655.19,7668.5,7676.77,-13.31,-21.58,-8.27,28.74,4.537,45.73,195.52,0.181,-35.3
2026-08-20,14:10,7653.97,7667.12,7675.88,-13.15,-21.91,-8.76,27.82,4.484,47.88,196.74,0.186,-36.52
2026-08-20,14:15,7654.81,7665.95,7675.05,-11.14,-20.24,-9.11,29.49,4.531,50.06,197.58,0.181,-35.68
2026-08-20,14:20,7654.6,7664.87,7674.25,-10.27,-19.65,-9.38,29.31,4.411,50.06,197.79,0.181,-35.89
2026-08-20,14:25,7654.02,7663.83,7673.46,-9.81,-19.44,-9.62,28.78,4.26,50.06,198.37,0.184,-36.47
2026-08-20,14:30,7651.32,7662.64,7672.59,-11.32,-21.27,-9.95,26.39,4.2,50.06,201.07,0.195,-39.17
2026-08-20,14:35,7652.68,7661.69,7671.81,-9.01,-19.13,-10.12,29.56,4.11,50.06,202.43,0.187,-37.81
2026-08-20,14:40,7653.73,7660.94,7671.1,-7.21,-17.37,-10.17,31.99,4.075,50.06,203.48,0.181,-36.76
2026-08-20,14:45,7655.41,7660.41,7670.49,-5.0,-15.08,-10.08,35.82,4.065,50.06,205.16,0.171,-35.08
2026-08-20,14:50,7654.29,7659.83,7669.85,-5.54,-15.56,-10.02,34.43,3.937,50.06,206.28,0.175,-36.2
2026-08-20,14:55,7650.99,7658.98,7669.11,-7.99,-18.12,-10.13,30.65,3.985,50.06,209.58,0.188,-39.5
2026-08-20,15:00,7652.24,7658.34,7668.45,-6.1,-16.21,-10.11,33.62,3.843,50.06,210.83,0.181,-38.25
2026-08-20,15:05,7654.42,7657.97,7667.9,-3.55,-13.48,-9.93,38.56,3.835,50.06,213.01,0.169,-36.07
2026-08-20,15:10,7653.8,7657.57,7667.35,-3.77,-13.55,-9.77,37.7,3.735,50.06,213.63,0.172,-36.69
2026-08-20,15:15,7651.57,7657.0,7666.73,-5.43,-15.16,-9.73,34.71,3.821,50.06,215.86,0.18,-38.92
2026-08-20,15:20,7654.78,7656.79,7666.26,-2.01,-11.48,-9.47,41.87,3.906,50.06,219.07,0.163,-35.71
2026-08-20,15:25,7653.23,7656.45,7665.75,-3.22,-12.52,-9.3,39.61,3.829,50.06,220.62,0.169,-37.26
2026-08-20,15:30,7650.16,7655.85,7665.14,-5.69,-14.98,-9.29,35.52,3.862,50.86,223.69,0.18,-40.33
2026-08-20,15:35,7653.56,7655.63,7664.68,-2.07,-11.12,-9.05,42.59,3.961,50.86,227.09,0.163,-36.93
2026-08-20,15:40,7649.48,7655.05,7664.09,-5.57,-14.61,-9.04,37.3,4.079,51.71,231.17,0.177,-41.01
2026-08-20,15:45,7652.46,7654.8,7663.63,-2.34,-11.17,-8.83,42.88,4.191,53.14,234.15,0.162,-38.03
2026-08-20,15:50,7647.24,7654.08,7662.99,-6.84,-15.75,-8.91,36.72,4.343,53.82,239.37,0.181,-43.25
2026-08-20,15:55,7642.21,7652.95,7662.17,-10.74,-19.96,-9.22,31.96,4.62,60.95,244.4,0.198,-48.28
2026-08-20,16:00,7641.16,7651.83,7661.35,-10.67,-20.19,-9.52,31.05,4.365,60.95,245.45,0.201,-49.33
2026-08-21,09:30,7668.04,,,,,,,,12.48,0.0,,2.36
2026-08-21,09:35,7669.44,,,,,,,,12.56,1.4,2.686,3.76
2026-08-21,09:40,7670.21,,,,,,,,12.56,2.17,2.088,4.53
2026-08-21,09:45,7668.31,,,,,,,,12.56,4.07,0.646,2.63
2026-08-21,09:50,7662.94,,,,,,,,17.33,9.44,0.29,-2.74
2026-08-21,09:55,7664.24,,,,,,,,17.33,10.74,0.134,-1.44
2026-08-21,10:00,7668.01,,,,,,,,17.33,14.51,0.161,2.33
2026-08-21,10:05,7671.5,,,,,,,,17.33,18.0,0.323,5.82
2026-08-21,10:10,7665.64,,,,,,,,17.33,23.86,0.002,-0.04
2026-08-21,10:15,7664.56,,,,,,,,17.33,24.94,0.045,-1.12
2026-08-21,10:20,7666.07,,,,,,,,17.33,26.45,0.015,0.39
2026-08-21,10:25,7665.1,,,,,,,,17.33,27.42,0.021,-0.58
2026-08-21,10:30,7663.22,,,,,,,,17.33,29.3,0.084,-2.46
2026-08-21,10:35,7661.89,,,,,,,,17.78,30.63,0.124,-3.79
2026-08-21,10:40,7664.8,,,,,,45.17,5.99,18.1,33.54,0.026,-0.88
2026-08-21,10:45,7668.39,,,,,,50.84,5.882,18.1,37.13,0.073,2.71
2026-08-21,10:50,7668.49,,,,,,50.99,5.748,18.1,37.23,0.075,2.81
2026-08-21,10:55,7676.69,,,,,,61.5,5.953,18.1,45.43,0.242,11.01
2026-08-21,11:00,7680.86,,,,,,65.54,5.931,21.57,49.6,0.306,15.18
2026-08-21,11:05,7676.3,7668.24,,8.06,,,58.33,5.92,22.01,54.16,0.196,10.62
2026-08-21,11:10,7675.24,7668.9,,6.34,,,56.76,5.726,22.01,55.22,0.173,9.56
2026-08-21,11:15,7674.37,7669.42,,4.95,,,55.45,5.564,22.01,56.09,0.155,8.69
2026-08-21,11:20,7673.86,7669.85,,4.01,,,54.65,5.447,22.01,56.6,0.145,8.18
2026-08-21,11:25,7677.97,7670.62,,7.35,,,59.69,5.442,22.01,60.71,0.202,12.29
2026-08-21,11:30,7683.67,7671.86,,11.81,,,65.43,5.51,23.61,66.41,0.271,17.99
2026-08-21,11:35,7689.01,7673.5,,15.51,,,69.77,5.515,29.01,71.75,0.325,23.33
2026-08-21,11:40,7691.54,7675.21,,16.33,,,71.59,5.424,32.69,74.28,0.348,25.86
2026-08-21,11:45,7688.86,7676.51,,12.35,,,66.99,5.376,33.0,76.96,0.301,23.18
2026-08-21,11:50,7695.65,7678.34,,17.31,,,71.92,5.582,37.05,83.75,0.358,29.97
2026-08-21,11:55,7690.71,7679.51,,11.2,,,64.39,5.609,37.05,88.69,0.282,25.03
2026-08-21,12:00,7685.91,7680.12,,5.79,,,58.03,5.635,37.05,93.49,0.216,20.23
2026-08-21,12:05,7681.55,7680.26,,1.29,,,52.92,5.548,37.05,97.85,0.162,15.87
2026-08-21,12:10,7681.55,7680.38,,1.17,,,52.92,5.323,37.05,97.85,0.162,15.87
2026-08-21,12:15,7679.18,7680.27,,-1.09,,,50.14,5.34,37.05,100.22,0.135,13.5
2026-08-21,12:20,7680.61,7680.3,,0.31,,,51.78,5.648,37.05,101.65,0.147,14.93
2026-08-21,12:25,7683.41,7680.6,,2.81,,,54.92,5.528,37.05,104.45,0.17,17.73
2026-08-21,12:30,7679.18,7680.46,,-1.28,,,49.66,5.456,37.05,108.68,0.124,13.5
2026-08-21,12:35,7683.91,7680.79,,3.12,,,54.87,5.427,37.05,113.41,0.161,18.23
2026-08-21,12:40,7682.66,7680.97,,1.69,,,53.3,5.203,37.05,114.66,0.148,16.98
2026-08-21,12:45,7680.85,7680.96,,-0.11,,,51.02,5.018,37.05,116.47,0.13,15.17
2026-08-21,12:50,7678.9,7680.76,,-1.86,,,48.62,4.943,37.05,118.42,0.112,13.22
2026-08-21,12:55,7682.53,7680.93,,1.6,,,53.06,4.931,37.05,122.05,0.138,16.85
2026-08-21,13:00,7681.52,7680.99,,0.53,,,51.72,4.734,37.05,123.06,0.129,15.84
2026-08-21,13:05,7682.41,7681.12,,1.29,,,52.85,4.618,37.05,123.95,0.135,16.73
2026-08-21,13:10,7680.41,7681.05,,-0.64,,,50.02,4.457,37.05,125.95,0.117,14.73
2026-08-21,13:15,7680.49,7681.0,,-0.51,,,50.13,4.269,37.05,126.03,0.118,14.81
2026-08-21,13:20,7676.97,7680.62,,-3.65,,,45.2,4.286,37.05,129.55,0.087,11.29
2026-08-21,13:25,7677.01,7680.27,,-3.26,,,45.26,4.19,37.05,129.59,0.087,11.33
2026-08-21,13:30,7674.22,7679.7,,-5.48,,,41.51,4.107,37.05,132.38,0.065,8.54
2026-08-21,13:35,7674.33,7679.19,7676.26,-4.86,-1.93,2.92,41.72,4.026,37.05,132.49,0.065,8.65
2026-08-21,13:40,7674.9,7678.78,7676.21,-3.88,-1.31,2.57,42.84,3.875,37.05,133.06,0.069,9.22
2026-08-21,13:45,7675.49,7678.46,7676.18,-2.97,-0.69,2.28,44.03,3.783,37.05,133.65,0.073,9.81
2026-08-21,13:50,7674.62,7678.1,7676.12,-3.48,-1.5,1.98,42.62,3.67,37.05,134.52,0.066,8.94
2026-08-21,13:55,7673.01,7677.61,7676.0,-4.6,-2.99,1.61,40.05,3.523,37.05,136.13,0.054,7.33
2026-08-21,14:00,7675.27,7677.39,7675.97,-2.12,-0.7,1.42,45.05,3.522,37.05,138.39,0.069,9.59
2026-08-21,14:05,7672.26,7676.9,7675.82,-4.64,-3.56,1.08,40.23,3.506,37.05,141.4,0.047,6.58
2026-08-21,14:10,7672.25,7676.46,7675.68,-4.21,-3.43,0.77,40.22,3.419,37.05,141.41,0.046,6.57
2026-08-21,14:15,7673.35,7676.16,7675.59,-2.81,-2.24,0.57,42.81,3.318,37.05,142.51,0.054,7.67
2026-08-21,14:20,7673.72,7675.93,7675.52,-2.21,-1.8,0.41,43.7,3.198,37.05,142.88,0.056,8.04
2026-08-21,14:25,7671.65,7675.52,7675.37,-3.87,-3.72,0.15,39.97,3.163,37.05,144.95,0.041,5.97
2026-08-21,14:30,7670.16,7675.01,7675.16,-4.85,-5.0,-0.15,37.49,3.119,37.05,146.44,0.031,4.48
2026-08-21,14:35,7670.76,7674.61,7674.99,-3.85,-4.23,-0.38,39.13,2.998,37.05,147.04,0.035,5.08
2026-08-21,14:40,7672.3,7674.39,7674.89,-2.09,-2.59,-0.5,43.24,2.997,37.05,148.58,0.045,6.62
2026-08-21,14:45,7675.05,7674.45,7674.89,0.6,0.16,-0.44,49.75,3.031,37.05,151.33,0.062,9.37
2026-08-21,14:50,7677.36,7674.73,7674.99,2.63,2.37,-0.26,54.48,3.021,37.05,153.64,0.076,11.68
2026-08-21,14:55,7680.26,7675.25,7675.2,5.01,5.06,0.06,59.62,3.089,37.05,156.54,0.093,14.58
2026-08-21,15:00,7678.68,7675.58,7675.33,3.1,3.35,0.25,55.92,3.129,37.05,158.12,0.082,13.0
2026-08-21,15:05,7679.77,7675.98,7675.51,3.79,4.26,0.47,57.86,3.113,37.05,159.21,0.088,14.09
2026-08-21,15:10,7678.63,7676.23,7675.63,2.4,3.0,0.6,55.12,3.083,37.05,160.35,0.081,12.95
2026-08-21,15:15,7678.52,7676.45,7675.74,2.07,2.78,0.71,54.85,3.05,37.05,160.46,0.08,12.84
2026-08-21,15:20,7680.82,7676.87,7675.94,3.95,4.88,0.93,59.33,3.051,37.05,162.76,0.093,15.14
2026-08-21,15:25,7679.24,7677.09,7676.07,2.15,3.17,1.02,55.28,3.008,37.05,164.34,0.083,13.56
2026-08-21,15:30,7679.44,7677.32,7676.2,2.12,3.24,1.11,55.69,2.986,37.05,164.54,0.084,13.76
2026-08-21,15:35,7681.29,7677.69,7676.4,3.6,4.89,1.29,59.42,3.034,37.05,166.39,0.094,15.61
2026-08-21,15:40,7683.09,7678.21,7676.66,4.88,6.43,1.54,62.72,3.07,37.05,168.19,0.104,17.41
2026-08-21,15:45,7685.32,7678.89,7677.0,6.43,8.32,1.88,66.36,3.11,37.05,170.42,0.115,19.64
2026-08-21,15:50,7677.19,7678.72,7677.01,-1.53,0.18,1.71,47.96,3.493,37.05,178.55,0.064,11.51
2026-08-21,15:55,7674.1,7678.28,7676.9,-4.18,-2.8,1.39,43.07,3.789,37.05,181.64,0.046,8.42
2026-08-21,16:00,7674.37,7677.91,7676.8,-3.54,-2.43,1.11,43.62,3.537,37.05,181.91,0.048,8.69
2026-08-24,09:30,7652.18,,,,,,,,13.76,0.0,,-11.2
2026-08-24,09:35,7650.69,,,,,,,,15.11,1.49,8.517,-12.69
2026-08-24,09:40,7639.68,,,,,,,,23.78,12.5,1.896,-23.7
2026-08-24,09:45,7647.9,,,,,,,,25.29,20.72,0.747,-15.48
2026-08-24,09:50,7652.35,,,,,,,,25.29,25.17,0.438,-11.03
2026-08-24,09:55,7651.76,,,,,,,,25.29,25.76,0.451,-11.62
2026-08-24,10:00,7647.0,,,,,,,,25.29,30.52,0.537,-16.38
2026-08-24,10:05,7646.71,,,,,,,,25.29,30.81,0.541,-16.67
2026-08-24,10:10,7647.76,,,,,,,,25.29,31.86,0.49,-15.62
2026-08-24,10:15,7646.36,,,,,,,,25.29,33.26,0.512,-17.02
2026-08-24,10:20,7646.81,,,,,,,,25.29,33.71,0.492,-16.57
2026-08-24,10:25,7647.67,,,,,,,,25.29,34.57,0.454,-15.71
2026-08-24,10:30,7654.58,,,,,,,,25.29,41.48,0.212,-8.8
2026-08-24,10:35,7655.1,,,,,,,,25.29,42.0,0.197,-8.28
2026-08-24,10:40,7655.31,,,,,,53.71,7.677,25.29,42.21,0.191,-8.07
2026-08-24,10:45,7656.39,,,,,,54.95,7.349,25.29,43.29,0.161,-6.99
2026-08-24,10:50,7654.02,,,,,,51.67,7.156,25.29,45.66,0.205,-9.36
2026-08-24,10:55,7654.5,,,,,,52.29,6.914,25.29,46.14,0.192,-8.88
2026-08-24,11:00,7648.92,,,,,,45.06,7.002,25.29,51.72,0.28,-14.46
2026-08-24,11:05,7648.51,7650.21,,-1.7,,,44.57,6.725,25.29,52.13,0.285,-14.87
2026-08-24,11:10,7645.72,7649.78,,-4.06,,,41.29,6.571,25.29,54.92,0.322,-17.66
2026-08-24,11:15,7645.13,7649.34,,-4.21,,,40.61,6.224,25.29,55.51,0.329,-18.25
2026-08-24,11:20,7649.37,7649.34,,0.03,,,47.33,6.323,25.29,59.75,0.234,-14.01
2026-08-24,11:25,7655.38,7649.92,,5.46,,,55.08,6.48,25.29,65.76,0.122,-8.0
2026-08-24,11:30,7656.62,7650.56,,6.06,,,56.5,6.356,25.29,67.0,0.101,-6.76
2026-08-24,11:35,7658.76,7651.34,,7.42,,,58.92,6.188,25.29,69.14,0.067,-4.62
2026-08-24,11:40,7661.07,7652.26,,8.81,,,61.41,5.996,25.29,71.45,0.032,-2.31
2026-08-24,11:45,7661.36,7653.13,,8.23,,,61.73,5.873,27.04,71.74,0.028,-2.02
2026-08-24,11:50,7661.4,7653.92,,7.48,,,61.77,5.649,27.04,71.78,0.028,-1.98
2026-08-24,11:55,7663.07,7654.79,,8.28,,,63.74,5.465,27.04,73.45,0.004,-0.31
2026-08-24,12:00,7667.59,7656.01,,11.58,,,68.48,5.534,30.97,77.97,0.054,4.21
2026-08-24,12:05,7663.22,7656.7,,6.52,,,60.28,5.484,30.97,82.34,0.002,-0.16
2026-08-24,12:10,7664.85,7657.47,,7.38,,,62.1,5.227,30.97,83.97,0.018,1.47
2026-08-24,12:15,7668.61,7658.53,,10.08,,,65.98,5.19,31.14,87.73,0.06,5.23
2026-08-24,12:20,7666.92,7659.33,,7.59,,,62.87,5.102,32.13,89.42,0.04,3.54
2026-08-24,12:25,7667.1,7660.07,,7.03,,,63.07,4.861,32.13,89.6,0.042,3.72
2026-08-24,12:30,7664.04,7660.45,,3.59,,,57.41,4.822,32.13,92.66,0.007,0.66
2026-08-24,12:35,7661.65,7660.56,,1.09,,,53.39,4.744,32.13,95.05,0.018,-1.73
2026-08-24,12:40,7661.42,7660.65,,0.77,,,53.0,4.533,32.13,95.28,0.021,-1.96
2026-08-24,12:45,7661.93,7660.77,,1.16,,,53.8,4.389,32.13,95.79,0.015,-1.45
2026-08-24,12:50,7660.21,7660.71,,-0.5,,,50.68,4.3,32.13,97.51,0.033,-3.17
2026-08-24,12:55,7659.74,7660.62,,-0.88,,,49.83,4.125,32.13,97.98,0.037,-3.64
2026-08-24,13:00,7657.83,7660.36,,-2.53,,,46.42,4.029,32.13,99.89,0.056,-5.55
2026-08-24,13:05,7662.37,7660.55,,1.82,,,54.4,4.188,32.13,104.43,0.01,-1.01
2026-08-24,13:10,7663.27,7660.81,,2.46,,,55.81,4.157,32.13,105.33,0.001,-0.11
2026-08-24,13:15,7659.55,7660.69,,-1.14,,,49.07,4.166,32.13,109.05,0.035,-3.83
2026-08-24,13:20,7653.86,7660.04,,-6.18,,,40.94,4.299,32.13,114.74,0.083,-9.52
2026-08-24,13:25,7652.03,7659.27,,-7.24,,,38.72,4.237,32.13,116.57,0.097,-11.35
2026-08-24,13:30,7651.66,7658.55,,-6.89,,,38.26,4.071,32.13,116.94,0.1,-11.72
2026-08-24,13:35,7651.94,7657.92,7655.64,-5.98,-3.7,2.28,38.85,3.932,32.13,117.22,0.098,-11.44
2026-08-24,13:40,7649.42,7657.11,7655.39,-7.69,-5.97,1.72,35.59,3.882,32.13,119.74,0.117,-13.96
2026-08-24,13:45,7650.52,7656.48,7655.2,-5.96,-4.68,1.28,38.03,3.766,32.13,120.84,0.106,-12.86
2026-08-24,13:50,7650.1,7655.87,7655.0,-5.77,-4.9,0.87,37.45,3.77,32.13,121.26,0.11,-13.28
2026-08-24,13:55,7651.02,7655.41,7654.85,-4.39,-3.83,0.57,39.63,3.651,32.13,122.18,0.101,-12.36
2026-08-24,14:00,7653.95,7655.27,7654.81,-1.32,-0.86,0.46,46.09,3.684,32.13,125.11,0.075,-9.43
2026-08-24,14:05,7657.62,7655.5,7654.92,2.12,2.7,0.58,52.89,3.742,32.13,128.78,0.045,-5.76
2026-08-24,14:10,7660.53,7655.98,7655.14,4.55,5.39,0.83,57.47,3.75,32.13,131.69,0.022,-2.85
2026-08-24,14:15,7660.49,7656.41,7655.35,4.08,5.14,1.06,57.39,3.675,32.13,131.73,0.022,-2.89
2026-08-24,14:20,7664.66,7657.19,7655.72,7.47,8.94,1.48,63.3,3.756,32.13,135.9,0.009,1.28
2026-08-24,14:25,7666.39,7658.07,7656.13,8.32,10.26,1.93,65.45,3.667,32.13,137.63,0.022,3.01
2026-08-24,14:30,7665.2,7658.75,7656.49,6.45,8.71,2.26,62.73,3.682,32.13,138.82,0.013,1.82
2026-08-24,14:35,7660.26,7658.89,7656.64,1.37,3.62,2.25,52.92,3.868,32.13,143.76,0.022,-3.12
2026-08-24,14:40,7661.55,7659.14,7656.83,2.41,4.72,2.31,54.9,3.753,32.13,145.05,0.013,-1.83
2026-08-24,14:45,7661.52,7659.37,7657.01,2.15,4.51,2.36,54.84,3.675,32.13,145.08,0.013,-1.86
2026-08-24,14:50,7659.5,7659.38,7657.11,0.12,2.39,2.27,50.95,3.648,32.13,147.1,0.026,-3.88
2026-08-24,14:55,7658.21,7659.27,7657.15,-1.06,1.06,2.12,48.58,3.539,32.13,148.39,0.035,-5.17
2026-08-24,15:00,7657.53,7659.11,7657.17,-1.58,0.36,1.94,47.32,3.434,32.13,149.07,0.039,-5.85
2026-08-24,15:05,7656.56,7658.86,7657.15,-2.3,-0.59,1.72,45.52,3.357,32.13,150.04,0.045,-6.82
2026-08-24,15:10,7658.74,7658.85,7657.21,-0.11,1.53,1.64,50.12,3.372,32.13,152.22,0.03,-4.64
2026-08-24,15:15,7659.2,7658.88,7657.29,0.32,1.91,1.6,51.06,3.333,32.13,152.68,0.027,-4.18
2026-08-24,15:20,7658.56,7658.85,7657.34,-0.29,1.22,1.52,49.66,3.242,32.13,153.32,0.031,-4.82
2026-08-24,15:25,7657.92,7658.76,7657.36,-0.84,0.56,1.41,48.23,3.191,32.13,153.96,0.035,-5.46
2026-08-24,15:30,7656.27,7658.53,7657.32,-2.26,-1.05,1.21,44.68,3.285,32.13,155.61,0.046,-7.11
2026-08-24,15:35,7654.79,7658.17,7657.22,-3.38,-2.43,0.95,41.71,3.186,32.13,157.09,0.055,-8.59
2026-08-24,15:40,7654.87,7657.86,7657.13,-2.99,-2.26,0.73,41.93,3.092,32.13,157.17,0.054,-8.51
2026-08-24,15:45,7655.86,7657.67,7657.08,-1.81,-1.22,0.59,44.77,3.084,32.13,158.16,0.048,-7.52
2026-08-24,15:50,7655.09,7657.42,7657.0,-2.33,-1.91,0.42,43.01,3.336,32.13,158.93,0.052,-8.29
2026-08-24,15:55,7652.82,7656.98,7656.83,-4.16,-4.01,0.15,38.24,3.492,32.13,161.2,0.066,-10.56
2026-08-24,16:00,7652.86,7656.59,7656.68,-3.73,-3.82,-0.09,38.36,3.246,32.13,161.24,0.065,-10.52
2026-08-25,09:30,7686.03,,,,,,,,9.45,0.0,,9.37
2026-08-25,09:35,7681.15,,,,,,,,9.45,4.88,0.92,4.49
2026-08-25,09:40,7681.07,,,,,,,,9.45,4.96,0.889,4.41
2026-08-25,09:45,7683.83,,,,,,,,9.45,7.72,0.929,7.17
2026-08-25,09:50,7679.12,,,,,,,,9.45,12.43,0.198,2.46
2026-08-25,09:55,7676.47,,,,,,,,12.32,15.08,0.013,-0.19
2026-08-25,10:00,7672.66,,,,,,,,15.51,18.89,0.212,-4.0
2026-08-25,10:05,7672.0,,,,,,,,16.28,19.55,0.238,-4.66
2026-08-25,10:10,7670.07,,,,,,,,16.82,21.48,0.307,-6.59
2026-08-25,10:15,7672.02,,,,,,,,16.9,23.43,0.198,-4.64
2026-08-25,10:20,7669.65,,,,,,,,19.11,25.8,0.272,-7.01
2026-08-25,10:25,7664.96,,,,,,,,21.15,30.49,0.384,-11.7
2026-08-25,10:30,7661.98,,,,,,,,35.19,33.47,0.439,-14.68
2026-08-25,10:35,7668.28,,,,,,,,35.19,39.77,0.211,-8.38
2026-08-25,10:40,7661.93,,,,,,23.87,6.717,35.19,46.12,0.319,-14.73
2026-08-25,10:45,7660.62,,,,,,23.16,6.427,35.19,47.43,0.338,-16.04
2026-08-25,10:50,7664.92,,,,,,30.46,6.48,35.19,51.73,0.227,-11.74
2026-08-25,10:55,7664.73,,,,,,30.32,6.261,35.19,51.92,0.23,-11.93
2026-08-25,11:00,7662.07,,,,,,28.4,6.121,35.19,54.58,0.267,-14.59
2026-08-25,11:05,7664.29,7670.89,,-6.6,,,32.26,5.944,35.19,56.8,0.218,-12.37
2026-08-25,11:10,7664.22,7670.26,,-6.04,,,32.2,5.807,35.19,56.87,0.219,-12.44
2026-08-25,11:15,7667.38,7669.98,,-2.6,,,37.74,5.681,35.19,60.03,0.155,-9.28
2026-08-25,11:20,7666.07,7669.61,,-3.54,,,36.42,5.602,35.19,61.34,0.173,-10.59
2026-08-25,11:25,7671.75,7669.81,,1.94,,,45.39,5.684,35.19,67.02,0.073,-4.91
2026-08-25,11:30,7669.05,7669.74,,-0.69,,,42.33,5.723,35.19,69.72,0.109,-7.61
2026-08-25,11:35,7669.36,7669.71,,-0.35,,,42.81,5.699,35.19,70.03,0.104,-7.3
2026-08-25,11:40,7669.64,7669.7,,-0.06,,,43.26,5.497,35.19,70.31,0.1,-7.02
2026-08-25,11:45,7664.56,7669.21,,-4.65,,,37.43,5.528,35.19,75.39,0.16,-12.1
2026-08-25,11:50,7670.53,7669.34,,1.19,,,46.55,5.616,35.19,81.36,0.075,-6.13
2026-08-25,11:55,7672.87,7669.67,,3.2,,,49.65,5.488,35.19,83.7,0.045,-3.79
2026-08-25,12:00,7673.76,7670.06,,3.7,,,50.82,5.372,35.19,84.59,0.034,-2.9
2026-08-25,12:05,7671.79,7670.23,,1.56,,,48.15,5.177,35.19,86.56,0.056,-4.87
2026-08-25,12:10,7673.34,7670.52,,2.82,,,50.36,4.956,35.19,88.11,0.038,-3.32
2026-08-25,12:15,7672.92,7670.75,,2.17,,,49.74,4.702,35.19,88.53,0.042,-3.74
2026-08-25,12:20,7674.42,7671.1,,3.32,,,52.0,4.545,35.19,90.03,0.025,-2.24
2026-08-25,12:25,7675.53,7671.52,,4.01,,,53.66,4.348,35.19,91.14,0.012,-1.13
2026-08-25,12:30,7675.21,7671.87,,3.34,,,53.09,4.155,35.19,91.46,0.016,-1.45
2026-08-25,12:35,7677.35,7672.39,,4.96,,,56.43,4.123,35.19,93.6,0.007,0.69
2026-08-25,12:40,7673.83,7672.53,,1.3,,,50.12,4.122,35.19,97.12,0.029,-2.83
2026-08-25,12:45,7673.99,7672.67,,1.32,,,50.39,4.068,35.19,97.28,0.027,-2.67
2026-08-25,12:50,7672.34,7672.64,,-0.3,,,47.51,3.962,35.19,98.93,0.044,-4.32
2026-08-25,12:55,7675.9,7672.95,,2.95,,,53.66,4.013,35.19,102.49,0.007,-0.76
2026-08-25,13:00,7671.59,7672.82,,-1.23,,,46.55,4.06,35.19,106.8,0.047,-5.07
2026-08-25,13:05,7668.74,7672.43,,-3.69,,,42.54,4.067,35.19,109.65,0.072,-7.92
2026-08-25,13:10,7670.37,7672.24,,-1.87,,,45.44,4.031,35.19,111.28,0.057,-6.29
2026-08-25,13:15,7671.85,7672.2,,-0.35,,,48.0,3.9,35.19,112.76,0.043,-4.81
2026-08-25,13:20,7668.14,7671.81,,-3.67,,,42.6,3.89,35.19,116.47,0.073,-8.52
2026-08-25,13:25,7665.8,7671.24,,-5.44,,,39.57,3.872,35.19,118.81,0.091,-10.86
2026-08-25,13:30,7666.14,7670.75,,-4.61,,,40.24,3.732,35.19,119.15,0.088,-10.52
2026-08-25,13:35,7667.17,7670.41,7670.87,-3.24,-3.7,-0.46,42.31,3.614,35.19,120.18,0.079,-9.49
2026-08-25,13:40,7666.83,7670.07,7670.71,-3.24,-3.88,-0.64,41.79,3.462,35.19,120.52,0.082,-9.83
2026-08-25,13:45,7667.09,7669.79,7670.57,-2.7,-3.48,-0.78,42.37,3.345,35.19,120.78,0.079,-9.57
2026-08-25,13:50,7669.02,7669.71,7670.51,-0.69,-1.49,-0.79,46.6,3.316,35.19,122.71,0.062,-7.64
2026-08-25,13:55,7668.25,7669.57,7670.42,-1.32,-2.17,-0.84,45.17,3.222,35.19,123.48,0.068,-8.41
2026-08-25,14:00,7666.35,7669.27,7670.26,-2.92,-3.91,-0.99,41.78,3.164,35.19,125.38,0.082,-10.31
2026-08-25,14:05,7667.25,7669.08,7670.14,-1.83,-2.89,-1.07,43.93,3.108,35.19,126.28,0.075,-9.41
2026-08-25,14:10,7666.18,7668.8,7669.99,-2.62,-3.81,-1.19,41.95,3.067,35.19,127.35,0.082,-10.48
2026-08-25,14:15,7666.7,7668.6,7669.86,-1.9,-3.16,-1.26,43.29,2.959,35.19,127.87,0.078,-9.96
2026-08-25,14:20,7667.34,7668.48,7669.76,-1.14,-2.42,-1.28,44.97,2.865,35.19,128.51,0.073,-9.32
2026-08-25,14:25,7667.84,7668.42,7669.68,-0.58,-1.84,-1.26,46.31,2.799,35.19,129.01,0.068,-8.82
2026-08-25,14:30,7671.73,7668.73,7669.76,3.0,1.97,-1.03,55.41,2.899,35.19,132.9,0.037,-4.93
2026-08-25,14:35,7671.35,7668.98,7669.83,2.37,1.52,-0.84,54.44,2.771,35.19,133.28,0.04,-5.31
2026-08-25,14:40,7673.73,7669.44,7669.98,4.29,3.75,-0.54,59.25,2.765,35.19,135.66,0.022,-2.93
2026-08-25,14:45,7676.24,7670.08,7670.22,6.16,6.02,-0.14,63.62,2.778,35.19,138.17,0.003,-0.42
2026-08-25,14:50,7675.37,7670.59,7670.43,4.78,4.94,0.16,61.17,2.71,35.19,139.04,0.009,-1.29
2026-08-25,14:55,7674.51,7670.96,7670.59,3.55,3.92,0.37,58.77,2.711,35.19,139.9,0.015,-2.15
2026-08-25,15:00,7672.71,7671.13,7670.67,1.58,2.04,0.46,53.98,2.79,35.19,141.7,0.028,-3.95
2026-08-25,15:05,7671.89,7671.2,7670.72,0.69,1.17,0.48,51.91,2.758,35.19,142.52,0.033,-4.77
2026-08-25,15:10,7668.87,7670.98,7670.65,-2.11,-1.78,0.33,45.04,2.789,35.19,145.54,0.054,-7.79
2026-08-25,15:15,7668.2,7670.71,7670.55,-2.51,-2.35,0.16,43.66,2.759,35.19,146.21,0.058,-8.46
2026-08-25,15:20,7668.51,7670.5,7670.47,-1.99,-1.96,0.03,44.51,2.677,35.19,146.52,0.056,-8.15
2026-08-25,15:25,7670.04,7670.46,7670.45,-0.42,-0.41,0.01,48.62,2.636,35.19,148.05,0.045,-6.62
2026-08-25,15:30,7669.38,7670.36,7670.41,-0.98,-1.03,-0.05,47.0,2.603,35.19,148.71,0.049,-7.28
2026-08-25,15:35,7670.72,7670.39,7670.42,0.33,0.3,-0.03,50.59,2.576,35.19,150.05,0.04,-5.94
2026-08-25,15:40,7672.03,7670.55,7670.49,1.48,1.54,0.06,53.88,2.653,35.19,151.36,0.031,-4.63
2026-08-25,15:45,7673.13,7670.79,7670.59,2.34,2.54,0.2,56.5,2.648,35.19,152.46,0.023,-3.53
2026-08-25,15:50,7679.44,7671.62,7670.94,7.82,8.5,0.68,67.79,3.081,35.19,158.77,0.018,2.78
2026-08-25,15:55,7675.73,7672.01,7671.12,3.72,4.61,0.88,58.22,3.204,35.19,162.48,0.006,-0.93
2026-08-25,16:00,7677.28,7672.51,7671.37,4.77,5.91,1.14,60.72,3.086,35.19,164.03,0.004,0.62
2026-08-26,09:30,7675.08,,,,,,,,13.14,0.0,,8.2
2026-08-26,09:35,7673.83,,,,,,,,13.94,1.25,5.56,6.95
2026-08-26,09:40,7681.99,,,,,,,,20.79,9.41,1.606,15.11
2026-08-26,09:45,7678.2,,,,,,,,22.74,13.2,0.858,11.32
2026-08-26,09:50,7684.65,,,,,,,,22.74,19.65,0.904,17.77
2026-08-26,09:55,7686.94,,,,,,,,24.08,21.94,0.914,20.06
2026-08-26,10:00,7687.56,,,,,,,,25.46,22.56,0.917,20.68
2026-08-26,10:05,7684.41,,,,,,,,25.46,25.71,0.682,17.53
2026-08-26,10:10,7679.82,,,,,,,,25.46,30.3,0.427,12.94
2026-08-26,10:15,7677.97,,,,,,,,25.46,32.15,0.345,11.09
2026-08-26,10:20,7672.61,,,,,,,,25.46,37.51,0.153,5.73
2026-08-26,10:25,7669.45,,,,,,,,25.46,40.67,0.063,2.57
2026-08-26,10:30,7669.63,,,,,,,,25.46,40.85,0.067,2.75
2026-08-26,10:35,7671.03,,,,,,,,25.46,42.25,0.098,4.15
2026-08-26,10:40,7672.26,,,,,,46.76,6.018,25.46,43.48,0.124,5.38
2026-08-26,10:45,7673.3,,,,,,48.09,5.897,25.46,44.52,0.144,6.42
2026-08-26,10:50,7674.59,,,,,,49.78,5.773,25.46,45.81,0.168,7.71
2026-08-26,10:55,7676.74,,,,,,52.54,5.582,25.46,47.96,0.206,9.86
2026-08-26,11:00,7679.61,,,,,,56.02,5.596,25.46,50.83,0.25,12.73
2026-08-26,11:05,7681.73,7677.57,,4.16,,,58.45,5.407,25.46,52.95,0.28,14.85
2026-08-26,11:10,7680.55,7677.85,,2.7,,,56.58,5.246,25.46,54.13,0.253,13.67
2026-08-26,11:15,7675.13,7677.59,,-2.46,,,48.85,5.387,25.46,59.55,0.139,8.25
2026-08-26,11:20,7675.69,7677.41,,-1.72,,,49.62,5.195,25.46,60.11,0.147,8.81
2026-08-26,11:25,7676.61,7677.34,,-0.73,,,50.92,5.059,25.46,61.03,0.159,9.73
2026-08-26,11:30,7670.37,7676.67,,-6.3,,,42.84,5.176,25.46,67.27,0.052,3.49
2026-08-26,11:35,7672.63,7676.29,,-3.66,,,46.17,5.001,25.46,69.53,0.083,5.75
2026-08-26,11:40,7678.46,7676.49,,1.97,,,53.67,5.112,25.46,75.36,0.154,11.58
2026-08-26,11:45,7680.94,7676.92,,4.02,,,56.45,4.971,25.46,77.84,0.181,14.06
2026-08-26,11:50,7671.96,7676.45,,-4.49,,,45.75,5.288,25.46,86.82,0.059,5.08
2026-08-26,11:55,7671.07,7675.93,,-4.86,,,44.84,5.227,25.46,87.71,0.048,4.19
2026-08-26,12:00,7670.12,7675.38,,-5.26,,,43.84,5.184,25.46,88.66,0.037,3.24
2026-08-26,12:05,7670.04,7674.87,,-4.83,,,43.75,5.093,25.46,88.74,0.036,3.16
2026-08-26,12:10,7668.43,7674.26,,-5.83,,,41.92,4.941,25.46,90.35,0.017,1.55
2026-08-26,12:15,7668.05,7673.67,,-5.62,,,41.48,4.769,25.46,90.73,0.013,1.17
2026-08-26,12:20,7667.54,7673.08,,-5.54,,,40.86,4.582,25.46,91.24,0.007,0.66
2026-08-26,12:25,7665.64,7672.37,,-6.73,,,38.54,4.406,25.46,93.14,0.013,-1.24
2026-08-26,12:30,7666.7,7671.83,,-5.13,,,40.56,4.211,25.46,94.2,0.002,-0.18
2026-08-26,12:35,7660.05,7670.71,,-10.66,,,33.17,4.394,28.44,100.85,0.068,-6.83
2026-08-26,12:40,7657.94,7669.5,,-11.56,,,31.23,4.407,30.95,102.96,0.087,-8.94
2026-08-26,12:45,7658.37,7668.44,,-10.07,,,32.1,4.333,30.95,103.39,0.082,-8.51
2026-08-26,12:50,7659.5,7667.58,,-8.08,,,34.46,4.211,30.95,104.52,0.071,-7.38
2026-08-26,12:55,7665.1,7667.35,,-2.25,,,44.7,4.385,30.95,110.12,0.016,-1.78
2026-08-26,13:00,7666.95,7667.31,,-0.36,,,47.61,4.296,30.95,111.97,0.001,0.07
2026-08-26,13:05,7668.36,7667.41,,0.95,,,49.78,4.236,30.95,113.38,0.013,1.48
2026-08-26,13:10,7669.06,7667.57,,1.49,,,50.87,4.052,30.95,114.08,0.019,2.18
2026-08-26,13:15,7671.44,7667.94,,3.5,,,54.48,4.035,30.95,116.46,0.039,4.56
2026-08-26,13:20,7673.96,7668.51,,5.45,,,58.0,3.954,30.95,118.98,0.06,7.08
2026-08-26,13:25,7673.95,7669.03,,4.92,,,57.98,3.834,30.95,118.99,0.059,7.07
2026-08-26,13:30,7675.28,7669.62,,5.66,,,59.88,3.7,30.95,120.32,0.07,8.4
2026-08-26,13:35,7674.0,7670.04,7673.11,3.96,0.89,-3.07,57.2,3.582,30.95,121.6,0.059,7.12
2026-08-26,13:40,7674.76,7670.49,7673.17,4.27,1.59,-2.68,58.39,3.484,30.95,122.36,0.064,7.88
2026-08-26,13:45,7672.39,7670.67,7673.14,1.72,-0.75,-2.47,53.4,3.439,30.95,124.73,0.044,5.51
2026-08-26,13:50,7675.35,7671.12,7673.23,4.23,2.12,-2.11,58.21,3.428,30.95,127.69,0.066,8.47
2026-08-26,13:55,7674.24,7671.41,7673.27,2.83,0.97,-1.85,55.88,3.333,30.95,128.8,0.057,7.36
2026-08-26,14:00,7673.39,7671.6,7673.27,1.79,0.12,-1.67,54.1,3.201,30.95,129.65,0.05,6.51
2026-08-26,14:05,7675.74,7672.0,7673.37,3.74,2.37,-1.37,58.08,3.197,30.95,132.0,0.067,8.86
2026-08-26,14:10,7672.28,7672.02,7673.33,0.26,-1.05,-1.3,51.06,3.25,30.95,135.46,0.04,5.4
2026-08-26,14:15,7675.49,7672.35,7673.41,3.14,2.08,-1.06,56.33,3.308,30.95,138.67,0.062,8.61
2026-08-26,14:20,7673.86,7672.5,7673.43,1.36,0.43,-0.93,53.2,3.349,30.95,140.3,0.05,6.98
2026-08-26,14:25,7674.37,7672.68,7673.46,1.69,0.91,-0.79,54.06,3.292,30.95,140.81,0.053,7.49
2026-08-26,14:30,7675.92,7672.98,7673.56,2.94,2.36,-0.58,56.67,3.302,30.95,142.36,0.064,9.04
2026-08-26,14:35,7675.42,7673.22,7673.63,2.2,1.79,-0.42,55.57,3.19,30.95,142.86,0.06,8.54
2026-08-26,14:40,7676.55,7673.53,7673.75,3.02,2.8,-0.21,57.57,3.121,30.95,143.99,0.067,9.67
2026-08-26,14:45,7681.49,7674.29,7674.05,7.2,7.44,0.24,64.99,3.317,30.95,148.93,0.098,14.61
2026-08-26,14:50,7682.3,7675.05,7674.38,7.25,7.92,0.68,66.04,3.295,30.95,149.74,0.103,15.42
2026-08-26,14:55,7683.15,7675.83,7674.72,7.32,8.43,1.11,67.15,3.237,30.95,150.59,0.108,16.27
2026-08-26,15:00,7690.56,7677.23,7675.34,13.33,15.22,1.89,74.87,3.591,33.31,158.0,0.15,23.68
2026-08-26,15:05,7687.22,7678.18,7675.81,9.04,11.41,2.37,67.2,3.595,33.32,161.34,0.126,20.34
2026-08-26,15:10,7687.24,7679.04,7676.25,8.2,10.99,2.79,67.22,3.494,33.32,161.36,0.126,20.36
2026-08-26,15:15,7689.59,7680.05,7676.78,9.54,12.81,3.27,69.75,3.451,33.32,163.71,0.139,22.71
2026-08-26,15:20,7688.03,7680.81,7677.22,7.22,10.81,3.59,66.11,3.459,33.32,165.27,0.128,21.15
2026-08-26,15:25,7686.48,7681.35,7677.58,5.13,8.9,3.77,62.61,3.401,33.32,166.82,0.117,19.6
2026-08-26,15:30,7686.08,7681.8,7677.92,4.28,8.16,3.88,61.7,3.271,33.32,167.22,0.115,19.2
2026-08-26,15:35,7684.16,7682.02,7678.16,2.14,6.0,3.86,57.4,3.25,33.32,169.14,0.102,17.28
2026-08-26,15:40,7684.63,7682.27,7678.41,2.36,6.22,3.86,58.17,3.169,33.32,169.61,0.105,17.75
2026-08-26,15:45,7688.79,7682.89,7678.82,5.9,9.97,4.07,64.31,3.271,33.32,173.77,0.126,21.91
2026-08-26,15:50,7679.86,7682.6,7678.86,-2.74,1.0,3.74,48.02,3.785,33.32,182.7,0.071,12.98
2026-08-26,15:55,7676.29,7682.0,7678.76,-5.71,-2.47,3.24,43.3,4.161,33.32,186.27,0.051,9.41
2026-08-26,16:00,7675.7,7681.4,7678.64,-5.7,-2.94,2.76,42.55,3.906,33.32,186.86,0.047,8.82
